o Suzanne
usemtl None
v 0.46875 0.2421880066394806 0.7578120231628418
v 0.4375 0.1640619933605194 0.765625
v 0.5 0.09375 0.6875
v 0.46875 0.2421880066394806 0.7578120231628418
v 0.5 0.09375 0.6875
v 0.5625 0.2421880066394806 0.671875
v -0.5 0.09375 0.6875
v -0.4375 0.1640619933605194 0.765625
v -0.46875 0.2421880066394806 0.7578120231628418
v -0.5 0.09375 0.6875
v -0.46875 0.2421880066394806 0.7578120231628418
v -0.5625 0.2421880066394806 0.671875
v 0.5625 0.2421880066394806 0.671875
v 0.5 0.09375 0.6875
v 0.546875 0.054687999188899994 0.578125
v 0.5625 0.2421880066394806 0.671875
v 0.546875 0.054687999188899994 0.578125
v 0.625 0.2421880066394806 0.5625
v -0.546875 0.054687999188899994 0.578125
v -0.5 0.09375 0.6875
v -0.5625 0.2421880066394806 0.671875
v -0.546875 0.054687999188899994 0.578125
v -0.5625 0.2421880066394806 0.671875
v -0.625 0.2421880066394806 0.5625
v 0.5 0.09375 0.6875
v 0.3515619933605194 0.03125 0.71875
v 0.3515619933605194 -0.023437999188899994 0.6171879768371582
v 0.5 0.09375 0.6875
v 0.3515619933605194 -0.023437999188899994 0.6171879768371582
v 0.546875 0.054687999188899994 0.578125
v -0.3515619933605194 -0.023437999188899994 0.6171879768371582
v -0.3515619933605194 0.03125 0.71875
v -0.5 0.09375 0.6875
v -0.3515619933605194 -0.023437999188899994 0.6171879768371582
v -0.5 0.09375 0.6875
v -0.546875 0.054687999188899994 0.578125
v 0.4375 0.1640619933605194 0.765625
v 0.3515619933605194 0.1328119933605194 0.78125
v 0.3515619933605194 0.03125 0.71875
v 0.4375 0.1640619933605194 0.765625
v 0.3515619933605194 0.03125 0.71875
v 0.5 0.09375 0.6875
v -0.3515619933605194 0.03125 0.71875
v -0.3515619933605194 0.1328119933605194 0.78125
v -0.4375 0.1640619933605194 0.765625
v -0.3515619933605194 0.03125 0.71875
v -0.4375 0.1640619933605194 0.765625
v -0.5 0.09375 0.6875
v 0.3515619933605194 0.1328119933605194 0.78125
v 0.2734380066394806 0.1640619933605194 0.796875
v 0.203125 0.09375 0.7421879768371582
v 0.3515619933605194 0.1328119933605194 0.78125
v 0.203125 0.09375 0.7421879768371582
v 0.3515619933605194 0.03125 0.71875
v -0.203125 0.09375 0.7421879768371582
v -0.2734380066394806 0.1640619933605194 0.796875
v -0.3515619933605194 0.1328119933605194 0.78125
v -0.203125 0.09375 0.7421879768371582
v -0.3515619933605194 0.1328119933605194 0.78125
v -0.3515619933605194 0.03125 0.71875
v 0.3515619933605194 0.03125 0.71875
v 0.203125 0.09375 0.7421879768371582
v 0.15625 0.054687999188899994 0.6484379768371582
v 0.3515619933605194 0.03125 0.71875
v 0.15625 0.054687999188899994 0.6484379768371582
v 0.3515619933605194 -0.023437999188899994 0.6171879768371582
v -0.15625 0.054687999188899994 0.6484379768371582
v -0.203125 0.09375 0.7421879768371582
v -0.3515619933605194 0.03125 0.71875
v -0.15625 0.054687999188899994 0.6484379768371582
v -0.3515619933605194 0.03125 0.71875
v -0.3515619933605194 -0.023437999188899994 0.6171879768371582
v 0.203125 0.09375 0.7421879768371582
v 0.140625 0.2421880066394806 0.7421879768371582
v 0.078125 0.2421880066394806 0.65625
v 0.203125 0.09375 0.7421879768371582
v 0.078125 0.2421880066394806 0.65625
v 0.15625 0.054687999188899994 0.6484379768371582
v -0.078125 0.2421880066394806 0.65625
v -0.140625 0.2421880066394806 0.7421879768371582
v -0.203125 0.09375 0.7421879768371582
v -0.078125 0.2421880066394806 0.65625
v -0.203125 0.09375 0.7421879768371582
v -0.15625 0.054687999188899994 0.6484379768371582
v 0.2734380066394806 0.1640619933605194 0.796875
v 0.2421880066394806 0.2421880066394806 0.796875
v 0.140625 0.2421880066394806 0.7421879768371582
v 0.2734380066394806 0.1640619933605194 0.796875
v 0.140625 0.2421880066394806 0.7421879768371582
v 0.203125 0.09375 0.7421879768371582
v -0.140625 0.2421880066394806 0.7421879768371582
v -0.2421880066394806 0.2421880066394806 0.796875
v -0.2734380066394806 0.1640619933605194 0.796875
v -0.140625 0.2421880066394806 0.7421879768371582
v -0.2734380066394806 0.1640619933605194 0.796875
v -0.203125 0.09375 0.7421879768371582
v 0.2421880066394806 0.2421880066394806 0.796875
v 0.2734380066394806 0.328125 0.796875
v 0.203125 0.390625 0.7421879768371582
v 0.2421880066394806 0.2421880066394806 0.796875
v 0.203125 0.390625 0.7421879768371582
v 0.140625 0.2421880066394806 0.7421879768371582
v -0.203125 0.390625 0.7421879768371582
v -0.2734380066394806 0.328125 0.796875
v -0.2421880066394806 0.2421880066394806 0.796875
v -0.203125 0.390625 0.7421879768371582
v -0.2421880066394806 0.2421880066394806 0.796875
v -0.140625 0.2421880066394806 0.7421879768371582
v 0.140625 0.2421880066394806 0.7421879768371582
v 0.203125 0.390625 0.7421879768371582
v 0.15625 0.4375 0.6484379768371582
v 0.140625 0.2421880066394806 0.7421879768371582
v 0.15625 0.4375 0.6484379768371582
v 0.078125 0.2421880066394806 0.65625
v -0.15625 0.4375 0.6484379768371582
v -0.203125 0.390625 0.7421879768371582
v -0.140625 0.2421880066394806 0.7421879768371582
v -0.15625 0.4375 0.6484379768371582
v -0.140625 0.2421880066394806 0.7421879768371582
v -0.078125 0.2421880066394806 0.65625
v 0.203125 0.390625 0.7421879768371582
v 0.3515619933605194 0.453125 0.71875
v 0.3515619933605194 0.515625 0.6171879768371582
v 0.203125 0.390625 0.7421879768371582
v 0.3515619933605194 0.515625 0.6171879768371582
v 0.15625 0.4375 0.6484379768371582
v -0.3515619933605194 0.515625 0.6171879768371582
v -0.3515619933605194 0.453125 0.71875
v -0.203125 0.390625 0.7421879768371582
v -0.3515619933605194 0.515625 0.6171879768371582
v -0.203125 0.390625 0.7421879768371582
v -0.15625 0.4375 0.6484379768371582
v 0.2734380066394806 0.328125 0.796875
v 0.3515619933605194 0.359375 0.78125
v 0.3515619933605194 0.453125 0.71875
v 0.2734380066394806 0.328125 0.796875
v 0.3515619933605194 0.453125 0.71875
v 0.203125 0.390625 0.7421879768371582
v -0.3515619933605194 0.453125 0.71875
v -0.3515619933605194 0.359375 0.78125
v -0.2734380066394806 0.328125 0.796875
v -0.3515619933605194 0.453125 0.71875
v -0.2734380066394806 0.328125 0.796875
v -0.203125 0.390625 0.7421879768371582
v 0.3515619933605194 0.359375 0.78125
v 0.4375 0.328125 0.765625
v 0.5 0.390625 0.6875
v 0.3515619933605194 0.359375 0.78125
v 0.5 0.390625 0.6875
v 0.3515619933605194 0.453125 0.71875
v -0.5 0.390625 0.6875
v -0.4375 0.328125 0.765625
v -0.3515619933605194 0.359375 0.78125
v -0.5 0.390625 0.6875
v -0.3515619933605194 0.359375 0.78125
v -0.3515619933605194 0.453125 0.71875
v 0.3515619933605194 0.453125 0.71875
v 0.5 0.390625 0.6875
v 0.546875 0.4375 0.578125
v 0.3515619933605194 0.453125 0.71875
v 0.546875 0.4375 0.578125
v 0.3515619933605194 0.515625 0.6171879768371582
v -0.546875 0.4375 0.578125
v -0.5 0.390625 0.6875
v -0.3515619933605194 0.453125 0.71875
v -0.546875 0.4375 0.578125
v -0.3515619933605194 0.453125 0.71875
v -0.3515619933605194 0.515625 0.6171879768371582
v 0.5 0.390625 0.6875
v 0.5625 0.2421880066394806 0.671875
v 0.625 0.2421880066394806 0.5625
v 0.5 0.390625 0.6875
v 0.625 0.2421880066394806 0.5625
v 0.546875 0.4375 0.578125
v -0.625 0.2421880066394806 0.5625
v -0.5625 0.2421880066394806 0.671875
v -0.5 0.390625 0.6875
v -0.625 0.2421880066394806 0.5625
v -0.5 0.390625 0.6875
v -0.546875 0.4375 0.578125
v 0.4375 0.328125 0.765625
v 0.46875 0.2421880066394806 0.7578120231628418
v 0.5625 0.2421880066394806 0.671875
v 0.4375 0.328125 0.765625
v 0.5625 0.2421880066394806 0.671875
v 0.5 0.390625 0.6875
v -0.5625 0.2421880066394806 0.671875
v -0.46875 0.2421880066394806 0.7578120231628418
v -0.4375 0.328125 0.765625
v -0.5625 0.2421880066394806 0.671875
v -0.4375 0.328125 0.765625
v -0.5 0.390625 0.6875
v 0.46875 0.2421880066394806 0.7578120231628418
v 0.4375 0.328125 0.765625
v 0.4453119933605194 0.3359380066394806 0.78125
v 0.46875 0.2421880066394806 0.7578120231628418
v 0.4453119933605194 0.3359380066394806 0.78125
v 0.4765619933605194 0.2421880066394806 0.7734379768371582
v -0.4453119933605194 0.3359380066394806 0.78125
v -0.4375 0.328125 0.765625
v -0.46875 0.2421880066394806 0.7578120231628418
v -0.4453119933605194 0.3359380066394806 0.78125
v -0.46875 0.2421880066394806 0.7578120231628418
v -0.4765619933605194 0.2421880066394806 0.7734379768371582
v 0.4375 0.328125 0.765625
v 0.3515619933605194 0.359375 0.78125
v 0.3515619933605194 0.375 0.8046879768371582
v 0.4375 0.328125 0.765625
v 0.3515619933605194 0.375 0.8046879768371582
v 0.4453119933605194 0.3359380066394806 0.78125
v -0.3515619933605194 0.375 0.8046879768371582
v -0.3515619933605194 0.359375 0.78125
v -0.4375 0.328125 0.765625
v -0.3515619933605194 0.375 0.8046879768371582
v -0.4375 0.328125 0.765625
v -0.4453119933605194 0.3359380066394806 0.78125
v 0.3515619933605194 0.359375 0.78125
v 0.2734380066394806 0.328125 0.796875
v 0.265625 0.3359380066394806 0.8203120231628418
v 0.3515619933605194 0.359375 0.78125
v 0.265625 0.3359380066394806 0.8203120231628418
v 0.3515619933605194 0.375 0.8046879768371582
v -0.265625 0.3359380066394806 0.8203120231628418
v -0.2734380066394806 0.328125 0.796875
v -0.3515619933605194 0.359375 0.78125
v -0.265625 0.3359380066394806 0.8203120231628418
v -0.3515619933605194 0.359375 0.78125
v -0.3515619933605194 0.375 0.8046879768371582
v 0.2734380066394806 0.328125 0.796875
v 0.2421880066394806 0.2421880066394806 0.796875
v 0.2265619933605194 0.2421880066394806 0.8203120231628418
v 0.2734380066394806 0.328125 0.796875
v 0.2265619933605194 0.2421880066394806 0.8203120231628418
v 0.265625 0.3359380066394806 0.8203120231628418
v -0.2265619933605194 0.2421880066394806 0.8203120231628418
v -0.2421880066394806 0.2421880066394806 0.796875
v -0.2734380066394806 0.328125 0.796875
v -0.2265619933605194 0.2421880066394806 0.8203120231628418
v -0.2734380066394806 0.328125 0.796875
v -0.265625 0.3359380066394806 0.8203120231628418
v 0.2421880066394806 0.2421880066394806 0.796875
v 0.2734380066394806 0.1640619933605194 0.796875
v 0.265625 0.15625 0.8203120231628418
v 0.2421880066394806 0.2421880066394806 0.796875
v 0.265625 0.15625 0.8203120231628418
v 0.2265619933605194 0.2421880066394806 0.8203120231628418
v -0.265625 0.15625 0.8203120231628418
v -0.2734380066394806 0.1640619933605194 0.796875
v -0.2421880066394806 0.2421880066394806 0.796875
v -0.265625 0.15625 0.8203120231628418
v -0.2421880066394806 0.2421880066394806 0.796875
v -0.2265619933605194 0.2421880066394806 0.8203120231628418
v 0.2734380066394806 0.1640619933605194 0.796875
v 0.3515619933605194 0.1328119933605194 0.78125
v 0.3515619933605194 0.1171879991889 0.8046879768371582
v 0.2734380066394806 0.1640619933605194 0.796875
v 0.3515619933605194 0.1171879991889 0.8046879768371582
v 0.265625 0.15625 0.8203120231628418
v -0.3515619933605194 0.1171879991889 0.8046879768371582
v -0.3515619933605194 0.1328119933605194 0.78125
v -0.2734380066394806 0.1640619933605194 0.796875
v -0.3515619933605194 0.1171879991889 0.8046879768371582
v -0.2734380066394806 0.1640619933605194 0.796875
v -0.265625 0.15625 0.8203120231628418
v 0.3515619933605194 0.1328119933605194 0.78125
v 0.4375 0.1640619933605194 0.765625
v 0.4453119933605194 0.15625 0.78125
v 0.3515619933605194 0.1328119933605194 0.78125
v 0.4453119933605194 0.15625 0.78125
v 0.3515619933605194 0.1171879991889 0.8046879768371582
v -0.4453119933605194 0.15625 0.78125
v -0.4375 0.1640619933605194 0.765625
v -0.3515619933605194 0.1328119933605194 0.78125
v -0.4453119933605194 0.15625 0.78125
v -0.3515619933605194 0.1328119933605194 0.78125
v -0.3515619933605194 0.1171879991889 0.8046879768371582
v 0.4375 0.1640619933605194 0.765625
v 0.46875 0.2421880066394806 0.7578120231628418
v 0.4765619933605194 0.2421880066394806 0.7734379768371582
v 0.4375 0.1640619933605194 0.765625
v 0.4765619933605194 0.2421880066394806 0.7734379768371582
v 0.4453119933605194 0.15625 0.78125
v -0.4765619933605194 0.2421880066394806 0.7734379768371582
v -0.46875 0.2421880066394806 0.7578120231628418
v -0.4375 0.1640619933605194 0.765625
v -0.4765619933605194 0.2421880066394806 0.7734379768371582
v -0.4375 0.1640619933605194 0.765625
v -0.4453119933605194 0.15625 0.78125
v 0.3515619933605194 0.2421880066394806 0.828125
v 0.4453119933605194 0.15625 0.78125
v 0.4765619933605194 0.2421880066394806 0.7734379768371582
v -0.4765619933605194 0.2421880066394806 0.7734379768371582
v -0.4453119933605194 0.15625 0.78125
v -0.3515619933605194 0.2421880066394806 0.828125
v 0.3515619933605194 0.1171879991889 0.8046879768371582
v 0.4453119933605194 0.15625 0.78125
v 0.3515619933605194 0.2421880066394806 0.828125
v -0.3515619933605194 0.2421880066394806 0.828125
v -0.4453119933605194 0.15625 0.78125
v -0.3515619933605194 0.1171879991889 0.8046879768371582
v 0.3515619933605194 0.2421880066394806 0.828125
v 0.265625 0.15625 0.8203120231628418
v 0.3515619933605194 0.1171879991889 0.8046879768371582
v -0.3515619933605194 0.1171879991889 0.8046879768371582
v -0.265625 0.15625 0.8203120231628418
v -0.3515619933605194 0.2421880066394806 0.828125
v 0.3515619933605194 0.2421880066394806 0.828125
v 0.2265619933605194 0.2421880066394806 0.8203120231628418
v 0.265625 0.15625 0.8203120231628418
v -0.265625 0.15625 0.8203120231628418
v -0.2265619933605194 0.2421880066394806 0.8203120231628418
v -0.3515619933605194 0.2421880066394806 0.828125
v 0.3515619933605194 0.2421880066394806 0.828125
v 0.265625 0.3359380066394806 0.8203120231628418
v 0.2265619933605194 0.2421880066394806 0.8203120231628418
v -0.2265619933605194 0.2421880066394806 0.8203120231628418
v -0.265625 0.3359380066394806 0.8203120231628418
v -0.3515619933605194 0.2421880066394806 0.828125
v 0.3515619933605194 0.2421880066394806 0.828125
v 0.3515619933605194 0.375 0.8046879768371582
v 0.265625 0.3359380066394806 0.8203120231628418
v -0.265625 0.3359380066394806 0.8203120231628418
v -0.3515619933605194 0.375 0.8046879768371582
v -0.3515619933605194 0.2421880066394806 0.828125
v 0.3515619933605194 0.2421880066394806 0.828125
v 0.4453119933605194 0.3359380066394806 0.78125
v 0.3515619933605194 0.375 0.8046879768371582
v -0.3515619933605194 0.375 0.8046879768371582
v -0.4453119933605194 0.3359380066394806 0.78125
v -0.3515619933605194 0.2421880066394806 0.828125
v 0.3515619933605194 0.2421880066394806 0.828125
v 0.4765619933605194 0.2421880066394806 0.7734379768371582
v 0.4453119933605194 0.3359380066394806 0.78125
v -0.4453119933605194 0.3359380066394806 0.78125
v -0.4765619933605194 0.2421880066394806 0.7734379768371582
v -0.3515619933605194 0.2421880066394806 0.828125
v 0.1796880066394806 -0.96875 0.5546879768371582
v 0.1640619933605194 -0.9296879768371582 0.6328120231628418
v 0 -0.9453120231628418 0.640625
v 0.1796880066394806 -0.96875 0.5546879768371582
v 0 -0.9453120231628418 0.640625
v 0 -0.984375 0.578125
v 0 -0.9453120231628418 0.640625
v -0.1640619933605194 -0.9296879768371582 0.6328120231628418
v -0.1796880066394806 -0.96875 0.5546879768371582
v 0 -0.9453120231628418 0.640625
v -0.1796880066394806 -0.96875 0.5546879768371582
v 0 -0.984375 0.578125
v 0.328125 -0.9453120231628418 0.5234379768371582
v 0.234375 -0.9140620231628418 0.6328120231628418
v 0.1640619933605194 -0.9296879768371582 0.6328120231628418
v 0.328125 -0.9453120231628418 0.5234379768371582
v 0.1640619933605194 -0.9296879768371582 0.6328120231628418
v 0.1796880066394806 -0.96875 0.5546879768371582
v -0.1640619933605194 -0.9296879768371582 0.6328120231628418
v -0.234375 -0.9140620231628418 0.6328120231628418
v -0.328125 -0.9453120231628418 0.5234379768371582
v -0.1640619933605194 -0.9296879768371582 0.6328120231628418
v -0.328125 -0.9453120231628418 0.5234379768371582
v -0.1796880066394806 -0.96875 0.5546879768371582
v 0.3671880066394806 -0.890625 0.53125
v 0.265625 -0.8203120231628418 0.6640620231628418
v 0.234375 -0.9140620231628418 0.6328120231628418
v 0.3671880066394806 -0.890625 0.53125
v 0.234375 -0.9140620231628418 0.6328120231628418
v 0.328125 -0.9453120231628418 0.5234379768371582
v -0.234375 -0.9140620231628418 0.6328120231628418
v -0.265625 -0.8203120231628418 0.6640620231628418
v -0.3671880066394806 -0.890625 0.53125
v -0.234375 -0.9140620231628418 0.6328120231628418
v -0.3671880066394806 -0.890625 0.53125
v -0.328125 -0.9453120231628418 0.5234379768371582
v 0.3515619933605194 -0.6953120231628418 0.5703120231628418
v 0.25 -0.703125 0.6875
v 0.265625 -0.8203120231628418 0.6640620231628418
v 0.3515619933605194 -0.6953120231628418 0.5703120231628418
v 0.265625 -0.8203120231628418 0.6640620231628418
v 0.3671880066394806 -0.890625 0.53125
v -0.265625 -0.8203120231628418 0.6640620231628418
v -0.25 -0.703125 0.6875
v -0.3515619933605194 -0.6953120231628418 0.5703120231628418
v -0.265625 -0.8203120231628418 0.6640620231628418
v -0.3515619933605194 -0.6953120231628418 0.5703120231628418
v -0.3671880066394806 -0.890625 0.53125
v 0.3125 -0.4375 0.5703120231628418
v 0.2109380066394806 -0.4453119933605194 0.7109379768371582
v 0.25 -0.703125 0.6875
v 0.3125 -0.4375 0.5703120231628418
v 0.25 -0.703125 0.6875
v 0.3515619933605194 -0.6953120231628418 0.5703120231628418
v -0.25 -0.703125 0.6875
v -0.2109380066394806 -0.4453119933605194 0.7109379768371582
v -0.3125 -0.4375 0.5703120231628418
v -0.25 -0.703125 0.6875
v -0.3125 -0.4375 0.5703120231628418
v -0.3515619933605194 -0.6953120231628418 0.5703120231628418
v 0.203125 -0.1875 0.5625
v 0.4375 -0.140625 0.53125
v 0.3984380066394806 -0.046875 0.671875
v 0.203125 -0.1875 0.5625
v 0.3984380066394806 -0.046875 0.671875
v 0.125 -0.1015620008111 0.8125
v -0.3984380066394806 -0.046875 0.671875
v -0.4375 -0.140625 0.53125
v -0.203125 -0.1875 0.5625
v -0.3984380066394806 -0.046875 0.671875
v -0.203125 -0.1875 0.5625
v -0.125 -0.1015620008111 0.8125
v 0.4375 -0.140625 0.53125
v 0.6328120231628418 -0.039062000811100006 0.5390620231628418
v 0.6171879768371582 0.054687999188899994 0.625
v 0.4375 -0.140625 0.53125
v 0.6171879768371582 0.054687999188899994 0.625
v 0.3984380066394806 -0.046875 0.671875
v -0.6171879768371582 0.054687999188899994 0.625
v -0.6328120231628418 -0.039062000811100006 0.5390620231628418
v -0.4375 -0.140625 0.53125
v -0.6171879768371582 0.054687999188899994 0.625
v -0.4375 -0.140625 0.53125
v -0.3984380066394806 -0.046875 0.671875
v 0.6328120231628418 -0.039062000811100006 0.5390620231628418
v 0.828125 0.1484380066394806 0.4453119933605194
v 0.7265620231628418 0.203125 0.6015620231628418
v 0.6328120231628418 -0.039062000811100006 0.5390620231628418
v 0.7265620231628418 0.203125 0.6015620231628418
v 0.6171879768371582 0.054687999188899994 0.625
v -0.7265620231628418 0.203125 0.6015620231628418
v -0.828125 0.1484380066394806 0.4453119933605194
v -0.6328120231628418 -0.039062000811100006 0.5390620231628418
v -0.7265620231628418 0.203125 0.6015620231628418
v -0.6328120231628418 -0.039062000811100006 0.5390620231628418
v -0.6171879768371582 0.054687999188899994 0.625
v 0.828125 0.1484380066394806 0.4453119933605194
v 0.859375 0.4296880066394806 0.59375
v 0.7421879768371582 0.375 0.65625
v 0.828125 0.1484380066394806 0.4453119933605194
v 0.7421879768371582 0.375 0.65625
v 0.7265620231628418 0.203125 0.6015620231628418
v -0.7421879768371582 0.375 0.65625
v -0.859375 0.4296880066394806 0.59375
v -0.828125 0.1484380066394806 0.4453119933605194
v -0.7421879768371582 0.375 0.65625
v -0.828125 0.1484380066394806 0.4453119933605194
v -0.7265620231628418 0.203125 0.6015620231628418
v 0.859375 0.4296880066394806 0.59375
v 0.7109379768371582 0.484375 0.625
v 0.6875 0.4140619933605194 0.7265620231628418
v 0.859375 0.4296880066394806 0.59375
v 0.6875 0.4140619933605194 0.7265620231628418
v 0.7421879768371582 0.375 0.65625
v -0.6875 0.4140619933605194 0.7265620231628418
v -0.7109379768371582 0.484375 0.625
v -0.859375 0.4296880066394806 0.59375
v -0.6875 0.4140619933605194 0.7265620231628418
v -0.859375 0.4296880066394806 0.59375
v -0.7421879768371582 0.375 0.65625
v 0.7109379768371582 0.484375 0.625
v 0.4921880066394806 0.6015620231628418 0.6875
v 0.4375 0.546875 0.796875
v 0.7109379768371582 0.484375 0.625
v 0.4375 0.546875 0.796875
v 0.6875 0.4140619933605194 0.7265620231628418
v -0.4375 0.546875 0.796875
v -0.4921880066394806 0.6015620231628418 0.6875
v -0.7109379768371582 0.484375 0.625
v -0.4375 0.546875 0.796875
v -0.7109379768371582 0.484375 0.625
v -0.6875 0.4140619933605194 0.7265620231628418
v 0.4921880066394806 0.6015620231628418 0.6875
v 0.3203119933605194 0.7578120231628418 0.734375
v 0.3125 0.640625 0.8359379768371582
v 0.4921880066394806 0.6015620231628418 0.6875
v 0.3125 0.640625 0.8359379768371582
v 0.4375 0.546875 0.796875
v -0.3125 0.640625 0.8359379768371582
v -0.3203119933605194 0.7578120231628418 0.734375
v -0.4921880066394806 0.6015620231628418 0.6875
v -0.3125 0.640625 0.8359379768371582
v -0.4921880066394806 0.6015620231628418 0.6875
v -0.4375 0.546875 0.796875
v 0.3203119933605194 0.7578120231628418 0.734375
v 0.15625 0.71875 0.7578120231628418
v 0.203125 0.6171879768371582 0.8515620231628418
v 0.3203119933605194 0.7578120231628418 0.734375
v 0.203125 0.6171879768371582 0.8515620231628418
v 0.3125 0.640625 0.8359379768371582
v -0.203125 0.6171879768371582 0.8515620231628418
v -0.15625 0.71875 0.7578120231628418
v -0.3203119933605194 0.7578120231628418 0.734375
v -0.203125 0.6171879768371582 0.8515620231628418
v -0.3203119933605194 0.7578120231628418 0.734375
v -0.3125 0.640625 0.8359379768371582
v 0.15625 0.71875 0.7578120231628418
v 0.0625 0.4921880066394806 0.75
v 0.1015620008111 0.4296880066394806 0.84375
v 0.15625 0.71875 0.7578120231628418
v 0.1015620008111 0.4296880066394806 0.84375
v 0.203125 0.6171879768371582 0.8515620231628418
v -0.1015620008111 0.4296880066394806 0.84375
v -0.0625 0.4921880066394806 0.75
v -0.15625 0.71875 0.7578120231628418
v -0.1015620008111 0.4296880066394806 0.84375
v -0.15625 0.71875 0.7578120231628418
v -0.203125 0.6171879768371582 0.8515620231628418
v 0.0625 0.4921880066394806 0.75
v 0 0.4296880066394806 0.7421879768371582
v 0 0.3515619933605194 0.8203120231628418
v 0.0625 0.4921880066394806 0.75
v 0 0.3515619933605194 0.8203120231628418
v 0.1015620008111 0.4296880066394806 0.84375
v 0 0.3515619933605194 0.8203120231628418
v 0 0.4296880066394806 0.7421879768371582
v -0.0625 0.4921880066394806 0.75
v 0 0.3515619933605194 0.8203120231628418
v -0.0625 0.4921880066394806 0.75
v -0.1015620008111 0.4296880066394806 0.84375
v 0.1640619933605194 0.4140619933605194 0.7734379768371582
v 0.25 0.46875 0.7578120231628418
v 0.203125 0.6171879768371582 0.8515620231628418
v 0.1640619933605194 0.4140619933605194 0.7734379768371582
v 0.203125 0.6171879768371582 0.8515620231628418
v 0.1015620008111 0.4296880066394806 0.84375
v -0.203125 0.6171879768371582 0.8515620231628418
v -0.25 0.46875 0.7578120231628418
v -0.1640619933605194 0.4140619933605194 0.7734379768371582
v -0.203125 0.6171879768371582 0.8515620231628418
v -0.1640619933605194 0.4140619933605194 0.7734379768371582
v -0.1015620008111 0.4296880066394806 0.84375
v 0.25 0.46875 0.7578120231628418
v 0.328125 0.4765619933605194 0.7421879768371582
v 0.3125 0.640625 0.8359379768371582
v 0.25 0.46875 0.7578120231628418
v 0.3125 0.640625 0.8359379768371582
v 0.203125 0.6171879768371582 0.8515620231628418
v -0.3125 0.640625 0.8359379768371582
v -0.328125 0.4765619933605194 0.7421879768371582
v -0.25 0.46875 0.7578120231628418
v -0.3125 0.640625 0.8359379768371582
v -0.25 0.46875 0.7578120231628418
v -0.203125 0.6171879768371582 0.8515620231628418
v 0.4296880066394806 0.4375 0.71875
v 0.4375 0.546875 0.796875
v 0.3125 0.640625 0.8359379768371582
v 0.4296880066394806 0.4375 0.71875
v 0.3125 0.640625 0.8359379768371582
v 0.328125 0.4765619933605194 0.7421879768371582
v -0.3125 0.640625 0.8359379768371582
v -0.4375 0.546875 0.796875
v -0.4296880066394806 0.4375 0.71875
v -0.3125 0.640625 0.8359379768371582
v -0.4296880066394806 0.4375 0.71875
v -0.328125 0.4765619933605194 0.7421879768371582
v 0.6015620231628418 0.375 0.6640620231628418
v 0.6875 0.4140619933605194 0.7265620231628418
v 0.4375 0.546875 0.796875
v 0.6015620231628418 0.375 0.6640620231628418
v 0.4375 0.546875 0.796875
v 0.4296880066394806 0.4375 0.71875
v -0.4375 0.546875 0.796875
v -0.6875 0.4140619933605194 0.7265620231628418
v -0.6015620231628418 0.375 0.6640620231628418
v -0.4375 0.546875 0.796875
v -0.6015620231628418 0.375 0.6640620231628418
v -0.4296880066394806 0.4375 0.71875
v 0.640625 0.296875 0.6484379768371582
v 0.7421879768371582 0.375 0.65625
v 0.6875 0.4140619933605194 0.7265620231628418
v 0.640625 0.296875 0.6484379768371582
v 0.6875 0.4140619933605194 0.7265620231628418
v 0.6015620231628418 0.375 0.6640620231628418
v -0.6875 0.4140619933605194 0.7265620231628418
v -0.7421879768371582 0.375 0.65625
v -0.640625 0.296875 0.6484379768371582
v -0.6875 0.4140619933605194 0.7265620231628418
v -0.640625 0.296875 0.6484379768371582
v -0.6015620231628418 0.375 0.6640620231628418
v 0.625 0.1875 0.6484379768371582
v 0.7265620231628418 0.203125 0.6015620231628418
v 0.7421879768371582 0.375 0.65625
v 0.625 0.1875 0.6484379768371582
v 0.7421879768371582 0.375 0.65625
v 0.640625 0.296875 0.6484379768371582
v -0.7421879768371582 0.375 0.65625
v -0.7265620231628418 0.203125 0.6015620231628418
v -0.625 0.1875 0.6484379768371582
v -0.7421879768371582 0.375 0.65625
v -0.625 0.1875 0.6484379768371582
v -0.640625 0.296875 0.6484379768371582
v 0.4921880066394806 0.0625 0.671875
v 0.6171879768371582 0.054687999188899994 0.625
v 0.7265620231628418 0.203125 0.6015620231628418
v 0.4921880066394806 0.0625 0.671875
v 0.7265620231628418 0.203125 0.6015620231628418
v 0.625 0.1875 0.6484379768371582
v -0.7265620231628418 0.203125 0.6015620231628418
v -0.6171879768371582 0.054687999188899994 0.625
v -0.4921880066394806 0.0625 0.671875
v -0.7265620231628418 0.203125 0.6015620231628418
v -0.4921880066394806 0.0625 0.671875
v -0.625 0.1875 0.6484379768371582
v 0.375 0.015625 0.703125
v 0.3984380066394806 -0.046875 0.671875
v 0.6171879768371582 0.054687999188899994 0.625
v 0.375 0.015625 0.703125
v 0.6171879768371582 0.054687999188899994 0.625
v 0.4921880066394806 0.0625 0.671875
v -0.6171879768371582 0.054687999188899994 0.625
v -0.3984380066394806 -0.046875 0.671875
v -0.375 0.015625 0.703125
v -0.6171879768371582 0.054687999188899994 0.625
v -0.375 0.015625 0.703125
v -0.4921880066394806 0.0625 0.671875
v 0.203125 0.09375 0.7421879768371582
v 0.125 -0.1015620008111 0.8125
v 0.3984380066394806 -0.046875 0.671875
v 0.203125 0.09375 0.7421879768371582
v 0.3984380066394806 -0.046875 0.671875
v 0.375 0.015625 0.703125
v -0.3984380066394806 -0.046875 0.671875
v -0.125 -0.1015620008111 0.8125
v -0.203125 0.09375 0.7421879768371582
v -0.3984380066394806 -0.046875 0.671875
v -0.203125 0.09375 0.7421879768371582
v -0.375 0.015625 0.703125
v 0.203125 0.09375 0.7421879768371582
v 0.1640619933605194 0.140625 0.75
v 0 0.046875 0.7265620231628418
v 0.203125 0.09375 0.7421879768371582
v 0 0.046875 0.7265620231628418
v 0.125 -0.1015620008111 0.8125
v 0 0.046875 0.7265620231628418
v -0.1640619933605194 0.140625 0.75
v -0.203125 0.09375 0.7421879768371582
v 0 0.046875 0.7265620231628418
v -0.203125 0.09375 0.7421879768371582
v -0.125 -0.1015620008111 0.8125
v 0.1640619933605194 0.4140619933605194 0.7734379768371582
v 0.1015620008111 0.4296880066394806 0.84375
v 0 0.3515619933605194 0.8203120231628418
v 0.1640619933605194 0.4140619933605194 0.7734379768371582
v 0 0.3515619933605194 0.8203120231628418
v 0.125 0.3046880066394806 0.765625
v 0 0.3515619933605194 0.8203120231628418
v -0.1015620008111 0.4296880066394806 0.84375
v -0.1640619933605194 0.4140619933605194 0.7734379768371582
v 0 0.3515619933605194 0.8203120231628418
v -0.1640619933605194 0.4140619933605194 0.7734379768371582
v -0.125 0.3046880066394806 0.765625
v 0.125 0.3046880066394806 0.765625
v 0 0.3515619933605194 0.8203120231628418
v 0 0.2109380066394806 0.765625
v 0.125 0.3046880066394806 0.765625
v 0 0.2109380066394806 0.765625
v 0.1328119933605194 0.2109380066394806 0.7578120231628418
v 0 0.2109380066394806 0.765625
v 0 0.3515619933605194 0.8203120231628418
v -0.125 0.3046880066394806 0.765625
v 0 0.2109380066394806 0.765625
v -0.125 0.3046880066394806 0.765625
v -0.1328119933605194 0.2109380066394806 0.7578120231628418
v 0 0.046875 0.7265620231628418
v 0.1640619933605194 0.140625 0.75
v 0.1328119933605194 0.2109380066394806 0.7578120231628418
v 0 0.046875 0.7265620231628418
v 0.1328119933605194 0.2109380066394806 0.7578120231628418
v 0 0.2109380066394806 0.765625
v -0.1328119933605194 0.2109380066394806 0.7578120231628418
v -0.1640619933605194 0.140625 0.75
v 0 0.046875 0.7265620231628418
v -0.1328119933605194 0.2109380066394806 0.7578120231628418
v 0 0.046875 0.7265620231628418
v 0 0.2109380066394806 0.765625
v 0.0625 -0.8828120231628418 0.6953120231628418
v 0 -0.890625 0.6875
v 0 -0.9453120231628418 0.640625
v 0.0625 -0.8828120231628418 0.6953120231628418
v 0 -0.9453120231628418 0.640625
v 0.1640619933605194 -0.9296879768371582 0.6328120231628418
v 0 -0.9453120231628418 0.640625
v 0 -0.890625 0.6875
v -0.0625 -0.8828120231628418 0.6953120231628418
v 0 -0.9453120231628418 0.640625
v -0.0625 -0.8828120231628418 0.6953120231628418
v -0.1640619933605194 -0.9296879768371582 0.6328120231628418
v 0.1171879991889 -0.8359379768371582 0.7109379768371582
v 0.0625 -0.8828120231628418 0.6953120231628418
v 0.1640619933605194 -0.9296879768371582 0.6328120231628418
v 0.1171879991889 -0.8359379768371582 0.7109379768371582
v 0.1640619933605194 -0.9296879768371582 0.6328120231628418
v 0.234375 -0.9140620231628418 0.6328120231628418
v -0.1640619933605194 -0.9296879768371582 0.6328120231628418
v -0.0625 -0.8828120231628418 0.6953120231628418
v -0.1171879991889 -0.8359379768371582 0.7109379768371582
v -0.1640619933605194 -0.9296879768371582 0.6328120231628418
v -0.1171879991889 -0.8359379768371582 0.7109379768371582
v -0.234375 -0.9140620231628418 0.6328120231628418
v 0.109375 -0.71875 0.734375
v 0.1171879991889 -0.8359379768371582 0.7109379768371582
v 0.234375 -0.9140620231628418 0.6328120231628418
v 0.109375 -0.71875 0.734375
v 0.234375 -0.9140620231628418 0.6328120231628418
v 0.265625 -0.8203120231628418 0.6640620231628418
v -0.234375 -0.9140620231628418 0.6328120231628418
v -0.1171879991889 -0.8359379768371582 0.7109379768371582
v -0.109375 -0.71875 0.734375
v -0.234375 -0.9140620231628418 0.6328120231628418
v -0.109375 -0.71875 0.734375
v -0.265625 -0.8203120231628418 0.6640620231628418
v 0.2109380066394806 -0.4453119933605194 0.7109379768371582
v 0.078125 -0.4453119933605194 0.75
v 0.1171879991889 -0.6875 0.734375
v 0.2109380066394806 -0.4453119933605194 0.7109379768371582
v 0.1171879991889 -0.6875 0.734375
v 0.25 -0.703125 0.6875
v -0.1171879991889 -0.6875 0.734375
v -0.078125 -0.4453119933605194 0.75
v -0.2109380066394806 -0.4453119933605194 0.7109379768371582
v -0.1171879991889 -0.6875 0.734375
v -0.2109380066394806 -0.4453119933605194 0.7109379768371582
v -0.25 -0.703125 0.6875
v 0.109375 -0.71875 0.734375
v 0.265625 -0.8203120231628418 0.6640620231628418
v 0.25 -0.703125 0.6875
v 0.109375 -0.71875 0.734375
v 0.25 -0.703125 0.6875
v 0.1171879991889 -0.6875 0.734375
v -0.25 -0.703125 0.6875
v -0.265625 -0.8203120231628418 0.6640620231628418
v -0.109375 -0.71875 0.734375
v -0.25 -0.703125 0.6875
v -0.109375 -0.71875 0.734375
v -0.1171879991889 -0.6875 0.734375
v 0.0859379991889 -0.2890619933605194 0.7421879768371582
v 0 -0.328125 0.7421879768371582
v 0 -0.4453119933605194 0.75
v 0.0859379991889 -0.2890619933605194 0.7421879768371582
v 0 -0.4453119933605194 0.75
v 0.078125 -0.4453119933605194 0.75
v 0 -0.4453119933605194 0.75
v 0 -0.328125 0.7421879768371582
v -0.0859379991889 -0.2890619933605194 0.7421879768371582
v 0 -0.4453119933605194 0.75
v -0.0859379991889 -0.2890619933605194 0.7421879768371582
v -0.078125 -0.4453119933605194 0.75
v 0.1171879991889 -0.6875 0.734375
v 0.078125 -0.4453119933605194 0.75
v 0 -0.4453119933605194 0.75
v 0.1171879991889 -0.6875 0.734375
v 0 -0.4453119933605194 0.75
v 0 -0.6796879768371582 0.734375
v 0 -0.4453119933605194 0.75
v -0.078125 -0.4453119933605194 0.75
v -0.1171879991889 -0.6875 0.734375
v 0 -0.4453119933605194 0.75
v -0.1171879991889 -0.6875 0.734375
v 0 -0.6796879768371582 0.734375
v 0 -0.765625 0.734375
v 0.109375 -0.71875 0.734375
v 0.1171879991889 -0.6875 0.734375
v 0 -0.765625 0.734375
v 0.1171879991889 -0.6875 0.734375
v 0 -0.6796879768371582 0.734375
v -0.1171879991889 -0.6875 0.734375
v -0.109375 -0.71875 0.734375
v 0 -0.765625 0.734375
v -0.1171879991889 -0.6875 0.734375
v 0 -0.765625 0.734375
v 0 -0.6796879768371582 0.734375
v 0.125 -0.2265619933605194 0.75
v 0.1328119933605194 -0.2265619933605194 0.796875
v 0.09375 -0.2734380066394806 0.78125
v 0.125 -0.2265619933605194 0.75
v 0.09375 -0.2734380066394806 0.78125
v 0.0859379991889 -0.2890619933605194 0.7421879768371582
v -0.09375 -0.2734380066394806 0.78125
v -0.1328119933605194 -0.2265619933605194 0.796875
v -0.125 -0.2265619933605194 0.75
v -0.09375 -0.2734380066394806 0.78125
v -0.125 -0.2265619933605194 0.75
v -0.0859379991889 -0.2890619933605194 0.7421879768371582
v 0.1015620008111 -0.1484380066394806 0.7421879768371582
v 0.109375 -0.1328119933605194 0.78125
v 0.1328119933605194 -0.2265619933605194 0.796875
v 0.1015620008111 -0.1484380066394806 0.7421879768371582
v 0.1328119933605194 -0.2265619933605194 0.796875
v 0.125 -0.2265619933605194 0.75
v -0.1328119933605194 -0.2265619933605194 0.796875
v -0.109375 -0.1328119933605194 0.78125
v -0.1015620008111 -0.1484380066394806 0.7421879768371582
v -0.1328119933605194 -0.2265619933605194 0.796875
v -0.1015620008111 -0.1484380066394806 0.7421879768371582
v -0.125 -0.2265619933605194 0.75
v 0 -0.140625 0.7421879768371582
v 0.039062000811100006 -0.125 0.78125
v 0.109375 -0.1328119933605194 0.78125
v 0 -0.140625 0.7421879768371582
v 0.109375 -0.1328119933605194 0.78125
v 0.1015620008111 -0.1484380066394806 0.7421879768371582
v -0.109375 -0.1328119933605194 0.78125
v -0.039062000811100006 -0.125 0.78125
v 0 -0.140625 0.7421879768371582
v -0.109375 -0.1328119933605194 0.78125
v 0 -0.140625 0.7421879768371582
v -0.1015620008111 -0.1484380066394806 0.7421879768371582
v 0 -0.1953119933605194 0.75
v 0 -0.1875 0.796875
v 0.039062000811100006 -0.125 0.78125
v 0 -0.1953119933605194 0.75
v 0.039062000811100006 -0.125 0.78125
v 0 -0.140625 0.7421879768371582
v -0.039062000811100006 -0.125 0.78125
v 0 -0.1875 0.796875
v 0 -0.1953119933605194 0.75
v -0.039062000811100006 -0.125 0.78125
v 0 -0.1953119933605194 0.75
v 0 -0.140625 0.7421879768371582
v 0 -0.328125 0.7421879768371582
v 0.0859379991889 -0.2890619933605194 0.7421879768371582
v 0.09375 -0.2734380066394806 0.78125
v 0 -0.328125 0.7421879768371582
v 0.09375 -0.2734380066394806 0.78125
v 0 -0.3203119933605194 0.78125
v -0.09375 -0.2734380066394806 0.78125
v -0.0859379991889 -0.2890619933605194 0.7421879768371582
v 0 -0.328125 0.7421879768371582
v -0.09375 -0.2734380066394806 0.78125
v 0 -0.328125 0.7421879768371582
v 0 -0.3203119933605194 0.78125
v 0 -0.3203119933605194 0.78125
v 0.09375 -0.2734380066394806 0.78125
v 0.078125 -0.25 0.8046879768371582
v 0 -0.3203119933605194 0.78125
v 0.078125 -0.25 0.8046879768371582
v 0 -0.2890619933605194 0.8046879768371582
v -0.078125 -0.25 0.8046879768371582
v -0.09375 -0.2734380066394806 0.78125
v 0 -0.3203119933605194 0.78125
v -0.078125 -0.25 0.8046879768371582
v 0 -0.3203119933605194 0.78125
v 0 -0.2890619933605194 0.8046879768371582
v 0 -0.1875 0.796875
v 0 -0.203125 0.828125
v 0.046875 -0.1484380066394806 0.8125
v 0 -0.1875 0.796875
v 0.046875 -0.1484380066394806 0.8125
v 0.039062000811100006 -0.125 0.78125
v -0.046875 -0.1484380066394806 0.8125
v 0 -0.203125 0.828125
v 0 -0.1875 0.796875
v -0.046875 -0.1484380066394806 0.8125
v 0 -0.1875 0.796875
v -0.039062000811100006 -0.125 0.78125
v 0.039062000811100006 -0.125 0.78125
v 0.046875 -0.1484380066394806 0.8125
v 0.09375 -0.15625 0.8125
v 0.039062000811100006 -0.125 0.78125
v 0.09375 -0.15625 0.8125
v 0.109375 -0.1328119933605194 0.78125
v -0.09375 -0.15625 0.8125
v -0.046875 -0.1484380066394806 0.8125
v -0.039062000811100006 -0.125 0.78125
v -0.09375 -0.15625 0.8125
v -0.039062000811100006 -0.125 0.78125
v -0.109375 -0.1328119933605194 0.78125
v 0.109375 -0.1328119933605194 0.78125
v 0.09375 -0.15625 0.8125
v 0.109375 -0.2265619933605194 0.828125
v 0.109375 -0.1328119933605194 0.78125
v 0.109375 -0.2265619933605194 0.828125
v 0.1328119933605194 -0.2265619933605194 0.796875
v -0.109375 -0.2265619933605194 0.828125
v -0.09375 -0.15625 0.8125
v -0.109375 -0.1328119933605194 0.78125
v -0.109375 -0.2265619933605194 0.828125
v -0.109375 -0.1328119933605194 0.78125
v -0.1328119933605194 -0.2265619933605194 0.796875
v 0.1328119933605194 -0.2265619933605194 0.796875
v 0.109375 -0.2265619933605194 0.828125
v 0.078125 -0.25 0.8046879768371582
v 0.1328119933605194 -0.2265619933605194 0.796875
v 0.078125 -0.25 0.8046879768371582
v 0.09375 -0.2734380066394806 0.78125
v -0.078125 -0.25 0.8046879768371582
v -0.109375 -0.2265619933605194 0.828125
v -0.1328119933605194 -0.2265619933605194 0.796875
v -0.078125 -0.25 0.8046879768371582
v -0.1328119933605194 -0.2265619933605194 0.796875
v -0.09375 -0.2734380066394806 0.78125
v 0 -0.203125 0.828125
v 0.109375 -0.2265619933605194 0.828125
v 0.09375 -0.15625 0.8125
v 0 -0.203125 0.828125
v 0.09375 -0.15625 0.8125
v 0.046875 -0.1484380066394806 0.8125
v -0.09375 -0.15625 0.8125
v -0.109375 -0.2265619933605194 0.828125
v 0 -0.203125 0.828125
v -0.09375 -0.15625 0.8125
v 0 -0.203125 0.828125
v -0.046875 -0.1484380066394806 0.8125
v 0 -0.203125 0.828125
v 0 -0.2890619933605194 0.8046879768371582
v 0.078125 -0.25 0.8046879768371582
v 0 -0.203125 0.828125
v 0.078125 -0.25 0.8046879768371582
v 0.109375 -0.2265619933605194 0.828125
v -0.078125 -0.25 0.8046879768371582
v 0 -0.2890619933605194 0.8046879768371582
v 0 -0.203125 0.828125
v -0.078125 -0.25 0.8046879768371582
v 0 -0.203125 0.828125
v -0.109375 -0.2265619933605194 0.828125
v 0 -0.140625 0.7421879768371582
v 0.1015620008111 -0.1484380066394806 0.7421879768371582
v 0.125 -0.1015620008111 0.8125
v 0 -0.140625 0.7421879768371582
v 0.125 -0.1015620008111 0.8125
v 0 0.046875 0.7265620231628418
v -0.125 -0.1015620008111 0.8125
v -0.1015620008111 -0.1484380066394806 0.7421879768371582
v 0 -0.140625 0.7421879768371582
v -0.125 -0.1015620008111 0.8125
v 0 -0.140625 0.7421879768371582
v 0 0.046875 0.7265620231628418
v 0.1015620008111 -0.1484380066394806 0.7421879768371582
v 0.125 -0.2265619933605194 0.75
v 0.1640619933605194 -0.2421880066394806 0.7109379768371582
v 0.1015620008111 -0.1484380066394806 0.7421879768371582
v 0.1640619933605194 -0.2421880066394806 0.7109379768371582
v 0.125 -0.1015620008111 0.8125
v -0.1640619933605194 -0.2421880066394806 0.7109379768371582
v -0.125 -0.2265619933605194 0.75
v -0.1015620008111 -0.1484380066394806 0.7421879768371582
v -0.1640619933605194 -0.2421880066394806 0.7109379768371582
v -0.1015620008111 -0.1484380066394806 0.7421879768371582
v -0.125 -0.1015620008111 0.8125
v 0.125 -0.2265619933605194 0.75
v 0.0859379991889 -0.2890619933605194 0.7421879768371582
v 0.1796880066394806 -0.3125 0.7109379768371582
v 0.125 -0.2265619933605194 0.75
v 0.1796880066394806 -0.3125 0.7109379768371582
v 0.1640619933605194 -0.2421880066394806 0.7109379768371582
v -0.1796880066394806 -0.3125 0.7109379768371582
v -0.0859379991889 -0.2890619933605194 0.7421879768371582
v -0.125 -0.2265619933605194 0.75
v -0.1796880066394806 -0.3125 0.7109379768371582
v -0.125 -0.2265619933605194 0.75
v -0.1640619933605194 -0.2421880066394806 0.7109379768371582
v 0.0859379991889 -0.2890619933605194 0.7421879768371582
v 0.078125 -0.4453119933605194 0.75
v 0.2109380066394806 -0.4453119933605194 0.7109379768371582
v 0.0859379991889 -0.2890619933605194 0.7421879768371582
v 0.2109380066394806 -0.4453119933605194 0.7109379768371582
v 0.1796880066394806 -0.3125 0.7109379768371582
v -0.2109380066394806 -0.4453119933605194 0.7109379768371582
v -0.078125 -0.4453119933605194 0.75
v -0.0859379991889 -0.2890619933605194 0.7421879768371582
v -0.2109380066394806 -0.4453119933605194 0.7109379768371582
v -0.0859379991889 -0.2890619933605194 0.7421879768371582
v -0.1796880066394806 -0.3125 0.7109379768371582
v 0.3125 -0.4375 0.5703120231628418
v 0.2578119933605194 -0.3125 0.5546879768371582
v 0.1796880066394806 -0.3125 0.7109379768371582
v 0.3125 -0.4375 0.5703120231628418
v 0.1796880066394806 -0.3125 0.7109379768371582
v 0.2109380066394806 -0.4453119933605194 0.7109379768371582
v -0.1796880066394806 -0.3125 0.7109379768371582
v -0.2578119933605194 -0.3125 0.5546879768371582
v -0.3125 -0.4375 0.5703120231628418
v -0.1796880066394806 -0.3125 0.7109379768371582
v -0.3125 -0.4375 0.5703120231628418
v -0.2109380066394806 -0.4453119933605194 0.7109379768371582
v 0.2578119933605194 -0.3125 0.5546879768371582
v 0.234375 -0.25 0.5546879768371582
v 0.1640619933605194 -0.2421880066394806 0.7109379768371582
v 0.2578119933605194 -0.3125 0.5546879768371582
v 0.1640619933605194 -0.2421880066394806 0.7109379768371582
v 0.1796880066394806 -0.3125 0.7109379768371582
v -0.1640619933605194 -0.2421880066394806 0.7109379768371582
v -0.234375 -0.25 0.5546879768371582
v -0.2578119933605194 -0.3125 0.5546879768371582
v -0.1640619933605194 -0.2421880066394806 0.7109379768371582
v -0.2578119933605194 -0.3125 0.5546879768371582
v -0.1796880066394806 -0.3125 0.7109379768371582
v 0.203125 -0.1875 0.5625
v 0.125 -0.1015620008111 0.8125
v 0.1640619933605194 -0.2421880066394806 0.7109379768371582
v 0.203125 -0.1875 0.5625
v 0.1640619933605194 -0.2421880066394806 0.7109379768371582
v 0.234375 -0.25 0.5546879768371582
v -0.1640619933605194 -0.2421880066394806 0.7109379768371582
v -0.125 -0.1015620008111 0.8125
v -0.203125 -0.1875 0.5625
v -0.1640619933605194 -0.2421880066394806 0.7109379768371582
v -0.203125 -0.1875 0.5625
v -0.234375 -0.25 0.5546879768371582
v 0.109375 -0.71875 0.734375
v 0 -0.765625 0.734375
v 0 -0.7734379768371582 0.71875
v 0.109375 -0.71875 0.734375
v 0 -0.7734379768371582 0.71875
v 0.09375 -0.7421879768371582 0.7265620231628418
v 0 -0.7734379768371582 0.71875
v 0 -0.765625 0.734375
v -0.109375 -0.71875 0.734375
v 0 -0.7734379768371582 0.71875
v -0.109375 -0.71875 0.734375
v -0.09375 -0.7421879768371582 0.7265620231628418
v 0.1171879991889 -0.8359379768371582 0.7109379768371582
v 0.109375 -0.71875 0.734375
v 0.09375 -0.7421879768371582 0.7265620231628418
v 0.1171879991889 -0.8359379768371582 0.7109379768371582
v 0.09375 -0.7421879768371582 0.7265620231628418
v 0.09375 -0.8203120231628418 0.7109379768371582
v -0.09375 -0.7421879768371582 0.7265620231628418
v -0.109375 -0.71875 0.734375
v -0.1171879991889 -0.8359379768371582 0.7109379768371582
v -0.09375 -0.7421879768371582 0.7265620231628418
v -0.1171879991889 -0.8359379768371582 0.7109379768371582
v -0.09375 -0.8203120231628418 0.7109379768371582
v 0.0625 -0.8828120231628418 0.6953120231628418
v 0.1171879991889 -0.8359379768371582 0.7109379768371582
v 0.09375 -0.8203120231628418 0.7109379768371582
v 0.0625 -0.8828120231628418 0.6953120231628418
v 0.09375 -0.8203120231628418 0.7109379768371582
v 0.046875 -0.8671879768371582 0.6875
v -0.09375 -0.8203120231628418 0.7109379768371582
v -0.1171879991889 -0.8359379768371582 0.7109379768371582
v -0.0625 -0.8828120231628418 0.6953120231628418
v -0.09375 -0.8203120231628418 0.7109379768371582
v -0.0625 -0.8828120231628418 0.6953120231628418
v -0.046875 -0.8671879768371582 0.6875
v 0 -0.890625 0.6875
v 0.0625 -0.8828120231628418 0.6953120231628418
v 0.046875 -0.8671879768371582 0.6875
v 0 -0.890625 0.6875
v 0.046875 -0.8671879768371582 0.6875
v 0 -0.875 0.6875
v -0.046875 -0.8671879768371582 0.6875
v -0.0625 -0.8828120231628418 0.6953120231628418
v 0 -0.890625 0.6875
v -0.046875 -0.8671879768371582 0.6875
v 0 -0.890625 0.6875
v 0 -0.875 0.6875
v 0 -0.875 0.6875
v 0.046875 -0.8671879768371582 0.6875
v 0.046875 -0.8515620231628418 0.6328120231628418
v 0 -0.875 0.6875
v 0.046875 -0.8515620231628418 0.6328120231628418
v 0 -0.859375 0.6328120231628418
v -0.046875 -0.8515620231628418 0.6328120231628418
v -0.046875 -0.8671879768371582 0.6875
v 0 -0.875 0.6875
v -0.046875 -0.8515620231628418 0.6328120231628418
v 0 -0.875 0.6875
v 0 -0.859375 0.6328120231628418
v 0.046875 -0.8671879768371582 0.6875
v 0.09375 -0.8203120231628418 0.7109379768371582
v 0.09375 -0.8125 0.640625
v 0.046875 -0.8671879768371582 0.6875
v 0.09375 -0.8125 0.640625
v 0.046875 -0.8515620231628418 0.6328120231628418
v -0.09375 -0.8125 0.640625
v -0.09375 -0.8203120231628418 0.7109379768371582
v -0.046875 -0.8671879768371582 0.6875
v -0.09375 -0.8125 0.640625
v -0.046875 -0.8671879768371582 0.6875
v -0.046875 -0.8515620231628418 0.6328120231628418
v 0.09375 -0.8203120231628418 0.7109379768371582
v 0.09375 -0.7421879768371582 0.7265620231628418
v 0.09375 -0.75 0.6640620231628418
v 0.09375 -0.8203120231628418 0.7109379768371582
v 0.09375 -0.75 0.6640620231628418
v 0.09375 -0.8125 0.640625
v -0.09375 -0.75 0.6640620231628418
v -0.09375 -0.7421879768371582 0.7265620231628418
v -0.09375 -0.8203120231628418 0.7109379768371582
v -0.09375 -0.75 0.6640620231628418
v -0.09375 -0.8203120231628418 0.7109379768371582
v -0.09375 -0.8125 0.640625
v 0.09375 -0.7421879768371582 0.7265620231628418
v 0 -0.7734379768371582 0.71875
v 0 -0.78125 0.65625
v 0.09375 -0.7421879768371582 0.7265620231628418
v 0 -0.78125 0.65625
v 0.09375 -0.75 0.6640620231628418
v 0 -0.78125 0.65625
v 0 -0.7734379768371582 0.71875
v -0.09375 -0.7421879768371582 0.7265620231628418
v 0 -0.78125 0.65625
v -0.09375 -0.7421879768371582 0.7265620231628418
v -0.09375 -0.75 0.6640620231628418
v 0 -0.78125 0.65625
v 0 -0.859375 0.6328120231628418
v 0.046875 -0.8515620231628418 0.6328120231628418
v 0 -0.78125 0.65625
v 0.046875 -0.8515620231628418 0.6328120231628418
v 0.09375 -0.75 0.6640620231628418
v -0.046875 -0.8515620231628418 0.6328120231628418
v 0 -0.859375 0.6328120231628418
v 0 -0.78125 0.65625
v -0.046875 -0.8515620231628418 0.6328120231628418
v 0 -0.78125 0.65625
v -0.09375 -0.75 0.6640620231628418
v 0.09375 -0.75 0.6640620231628418
v 0.046875 -0.8515620231628418 0.6328120231628418
v 0.09375 -0.8125 0.640625
v -0.09375 -0.8125 0.640625
v -0.046875 -0.8515620231628418 0.6328120231628418
v -0.09375 -0.75 0.6640620231628418
v 0.1328119933605194 0.2109380066394806 0.7578120231628418
v 0.1640619933605194 0.140625 0.75
v 0.1875 0.15625 0.7734379768371582
v 0.1328119933605194 0.2109380066394806 0.7578120231628418
v 0.1875 0.15625 0.7734379768371582
v 0.171875 0.21875 0.78125
v -0.1875 0.15625 0.7734379768371582
v -0.1640619933605194 0.140625 0.75
v -0.1328119933605194 0.2109380066394806 0.7578120231628418
v -0.1875 0.15625 0.7734379768371582
v -0.1328119933605194 0.2109380066394806 0.7578120231628418
v -0.171875 0.21875 0.78125
v 0.125 0.3046880066394806 0.765625
v 0.1328119933605194 0.2109380066394806 0.7578120231628418
v 0.171875 0.21875 0.78125
v 0.125 0.3046880066394806 0.765625
v 0.171875 0.21875 0.78125
v 0.1796880066394806 0.296875 0.78125
v -0.171875 0.21875 0.78125
v -0.1328119933605194 0.2109380066394806 0.7578120231628418
v -0.125 0.3046880066394806 0.765625
v -0.171875 0.21875 0.78125
v -0.125 0.3046880066394806 0.765625
v -0.1796880066394806 0.296875 0.78125
v 0.1640619933605194 0.4140619933605194 0.7734379768371582
v 0.125 0.3046880066394806 0.765625
v 0.1796880066394806 0.296875 0.78125
v 0.1640619933605194 0.4140619933605194 0.7734379768371582
v 0.1796880066394806 0.296875 0.78125
v 0.2109380066394806 0.375 0.78125
v -0.1796880066394806 0.296875 0.78125
v -0.125 0.3046880066394806 0.765625
v -0.1640619933605194 0.4140619933605194 0.7734379768371582
v -0.1796880066394806 0.296875 0.78125
v -0.1640619933605194 0.4140619933605194 0.7734379768371582
v -0.2109380066394806 0.375 0.78125
v 0.1640619933605194 0.140625 0.75
v 0.203125 0.09375 0.7421879768371582
v 0.2265619933605194 0.109375 0.78125
v 0.1640619933605194 0.140625 0.75
v 0.2265619933605194 0.109375 0.78125
v 0.1875 0.15625 0.7734379768371582
v -0.2265619933605194 0.109375 0.78125
v -0.203125 0.09375 0.7421879768371582
v -0.1640619933605194 0.140625 0.75
v -0.2265619933605194 0.109375 0.78125
v -0.1640619933605194 0.140625 0.75
v -0.1875 0.15625 0.7734379768371582
v 0.203125 0.09375 0.7421879768371582
v 0.375 0.015625 0.703125
v 0.375 0.0625 0.7421879768371582
v 0.203125 0.09375 0.7421879768371582
v 0.375 0.0625 0.7421879768371582
v 0.2265619933605194 0.109375 0.78125
v -0.375 0.0625 0.7421879768371582
v -0.375 0.015625 0.703125
v -0.203125 0.09375 0.7421879768371582
v -0.375 0.0625 0.7421879768371582
v -0.203125 0.09375 0.7421879768371582
v -0.2265619933605194 0.109375 0.78125
v 0.375 0.015625 0.703125
v 0.4921880066394806 0.0625 0.671875
v 0.4765619933605194 0.1015620008111 0.71875
v 0.375 0.015625 0.703125
v 0.4765619933605194 0.1015620008111 0.71875
v 0.375 0.0625 0.7421879768371582
v -0.4765619933605194 0.1015620008111 0.71875
v -0.4921880066394806 0.0625 0.671875
v -0.375 0.015625 0.703125
v -0.4765619933605194 0.1015620008111 0.71875
v -0.375 0.015625 0.703125
v -0.375 0.0625 0.7421879768371582
v 0.4921880066394806 0.0625 0.671875
v 0.625 0.1875 0.6484379768371582
v 0.578125 0.1953119933605194 0.6796879768371582
v 0.4921880066394806 0.0625 0.671875
v 0.578125 0.1953119933605194 0.6796879768371582
v 0.4765619933605194 0.1015620008111 0.71875
v -0.578125 0.1953119933605194 0.6796879768371582
v -0.625 0.1875 0.6484379768371582
v -0.4921880066394806 0.0625 0.671875
v -0.578125 0.1953119933605194 0.6796879768371582
v -0.4921880066394806 0.0625 0.671875
v -0.4765619933605194 0.1015620008111 0.71875
v 0.625 0.1875 0.6484379768371582
v 0.640625 0.296875 0.6484379768371582
v 0.5859379768371582 0.2890619933605194 0.6875
v 0.625 0.1875 0.6484379768371582
v 0.5859379768371582 0.2890619933605194 0.6875
v 0.578125 0.1953119933605194 0.6796879768371582
v -0.5859379768371582 0.2890619933605194 0.6875
v -0.640625 0.296875 0.6484379768371582
v -0.625 0.1875 0.6484379768371582
v -0.5859379768371582 0.2890619933605194 0.6875
v -0.625 0.1875 0.6484379768371582
v -0.578125 0.1953119933605194 0.6796879768371582
v 0.640625 0.296875 0.6484379768371582
v 0.6015620231628418 0.375 0.6640620231628418
v 0.5625 0.3515619933605194 0.6953120231628418
v 0.640625 0.296875 0.6484379768371582
v 0.5625 0.3515619933605194 0.6953120231628418
v 0.5859379768371582 0.2890619933605194 0.6875
v -0.5625 0.3515619933605194 0.6953120231628418
v -0.6015620231628418 0.375 0.6640620231628418
v -0.640625 0.296875 0.6484379768371582
v -0.5625 0.3515619933605194 0.6953120231628418
v -0.640625 0.296875 0.6484379768371582
v -0.5859379768371582 0.2890619933605194 0.6875
v 0.6015620231628418 0.375 0.6640620231628418
v 0.4296880066394806 0.4375 0.71875
v 0.421875 0.3984380066394806 0.7734379768371582
v 0.6015620231628418 0.375 0.6640620231628418
v 0.421875 0.3984380066394806 0.7734379768371582
v 0.5625 0.3515619933605194 0.6953120231628418
v -0.421875 0.3984380066394806 0.7734379768371582
v -0.4296880066394806 0.4375 0.71875
v -0.6015620231628418 0.375 0.6640620231628418
v -0.421875 0.3984380066394806 0.7734379768371582
v -0.6015620231628418 0.375 0.6640620231628418
v -0.5625 0.3515619933605194 0.6953120231628418
v 0.4296880066394806 0.4375 0.71875
v 0.328125 0.4765619933605194 0.7421879768371582
v 0.3359380066394806 0.4296880066394806 0.7578120231628418
v 0.4296880066394806 0.4375 0.71875
v 0.3359380066394806 0.4296880066394806 0.7578120231628418
v 0.421875 0.3984380066394806 0.7734379768371582
v -0.3359380066394806 0.4296880066394806 0.7578120231628418
v -0.328125 0.4765619933605194 0.7421879768371582
v -0.4296880066394806 0.4375 0.71875
v -0.3359380066394806 0.4296880066394806 0.7578120231628418
v -0.4296880066394806 0.4375 0.71875
v -0.421875 0.3984380066394806 0.7734379768371582
v 0.328125 0.4765619933605194 0.7421879768371582
v 0.25 0.46875 0.7578120231628418
v 0.2734380066394806 0.421875 0.7734379768371582
v 0.328125 0.4765619933605194 0.7421879768371582
v 0.2734380066394806 0.421875 0.7734379768371582
v 0.3359380066394806 0.4296880066394806 0.7578120231628418
v -0.2734380066394806 0.421875 0.7734379768371582
v -0.25 0.46875 0.7578120231628418
v -0.328125 0.4765619933605194 0.7421879768371582
v -0.2734380066394806 0.421875 0.7734379768371582
v -0.328125 0.4765619933605194 0.7421879768371582
v -0.3359380066394806 0.4296880066394806 0.7578120231628418
v 0.25 0.46875 0.7578120231628418
v 0.1640619933605194 0.4140619933605194 0.7734379768371582
v 0.2109380066394806 0.375 0.78125
v 0.25 0.46875 0.7578120231628418
v 0.2109380066394806 0.375 0.78125
v 0.2734380066394806 0.421875 0.7734379768371582
v -0.2109380066394806 0.375 0.78125
v -0.1640619933605194 0.4140619933605194 0.7734379768371582
v -0.25 0.46875 0.7578120231628418
v -0.2109380066394806 0.375 0.78125
v -0.25 0.46875 0.7578120231628418
v -0.2734380066394806 0.421875 0.7734379768371582
v 0.2734380066394806 0.421875 0.7734379768371582
v 0.2109380066394806 0.375 0.78125
v 0.234375 0.359375 0.7578120231628418
v 0.2734380066394806 0.421875 0.7734379768371582
v 0.234375 0.359375 0.7578120231628418
v 0.28125 0.3984380066394806 0.765625
v -0.234375 0.359375 0.7578120231628418
v -0.2109380066394806 0.375 0.78125
v -0.2734380066394806 0.421875 0.7734379768371582
v -0.234375 0.359375 0.7578120231628418
v -0.2734380066394806 0.421875 0.7734379768371582
v -0.28125 0.3984380066394806 0.765625
v 0.3359380066394806 0.4296880066394806 0.7578120231628418
v 0.2734380066394806 0.421875 0.7734379768371582
v 0.28125 0.3984380066394806 0.765625
v 0.3359380066394806 0.4296880066394806 0.7578120231628418
v 0.28125 0.3984380066394806 0.765625
v 0.3359380066394806 0.40625 0.75
v -0.28125 0.3984380066394806 0.765625
v -0.2734380066394806 0.421875 0.7734379768371582
v -0.3359380066394806 0.4296880066394806 0.7578120231628418
v -0.28125 0.3984380066394806 0.765625
v -0.3359380066394806 0.4296880066394806 0.7578120231628418
v -0.3359380066394806 0.40625 0.75
v 0.421875 0.3984380066394806 0.7734379768371582
v 0.3359380066394806 0.4296880066394806 0.7578120231628418
v 0.3359380066394806 0.40625 0.75
v 0.421875 0.3984380066394806 0.7734379768371582
v 0.3359380066394806 0.40625 0.75
v 0.4140619933605194 0.390625 0.75
v -0.3359380066394806 0.40625 0.75
v -0.3359380066394806 0.4296880066394806 0.7578120231628418
v -0.421875 0.3984380066394806 0.7734379768371582
v -0.3359380066394806 0.40625 0.75
v -0.421875 0.3984380066394806 0.7734379768371582
v -0.4140619933605194 0.390625 0.75
v 0.5625 0.3515619933605194 0.6953120231628418
v 0.421875 0.3984380066394806 0.7734379768371582
v 0.4140619933605194 0.390625 0.75
v 0.5625 0.3515619933605194 0.6953120231628418
v 0.4140619933605194 0.390625 0.75
v 0.53125 0.3359380066394806 0.6796879768371582
v -0.4140619933605194 0.390625 0.75
v -0.421875 0.3984380066394806 0.7734379768371582
v -0.5625 0.3515619933605194 0.6953120231628418
v -0.4140619933605194 0.390625 0.75
v -0.5625 0.3515619933605194 0.6953120231628418
v -0.53125 0.3359380066394806 0.6796879768371582
v 0.5859379768371582 0.2890619933605194 0.6875
v 0.5625 0.3515619933605194 0.6953120231628418
v 0.53125 0.3359380066394806 0.6796879768371582
v 0.5859379768371582 0.2890619933605194 0.6875
v 0.53125 0.3359380066394806 0.6796879768371582
v 0.5546879768371582 0.28125 0.671875
v -0.53125 0.3359380066394806 0.6796879768371582
v -0.5625 0.3515619933605194 0.6953120231628418
v -0.5859379768371582 0.2890619933605194 0.6875
v -0.53125 0.3359380066394806 0.6796879768371582
v -0.5859379768371582 0.2890619933605194 0.6875
v -0.5546879768371582 0.28125 0.671875
v 0.578125 0.1953119933605194 0.6796879768371582
v 0.5859379768371582 0.2890619933605194 0.6875
v 0.5546879768371582 0.28125 0.671875
v 0.578125 0.1953119933605194 0.6796879768371582
v 0.5546879768371582 0.28125 0.671875
v 0.546875 0.2109380066394806 0.671875
v -0.5546879768371582 0.28125 0.671875
v -0.5859379768371582 0.2890619933605194 0.6875
v -0.578125 0.1953119933605194 0.6796879768371582
v -0.5546879768371582 0.28125 0.671875
v -0.578125 0.1953119933605194 0.6796879768371582
v -0.546875 0.2109380066394806 0.671875
v 0.4765619933605194 0.1015620008111 0.71875
v 0.578125 0.1953119933605194 0.6796879768371582
v 0.546875 0.2109380066394806 0.671875
v 0.4765619933605194 0.1015620008111 0.71875
v 0.546875 0.2109380066394806 0.671875
v 0.4609380066394806 0.1171879991889 0.703125
v -0.546875 0.2109380066394806 0.671875
v -0.578125 0.1953119933605194 0.6796879768371582
v -0.4765619933605194 0.1015620008111 0.71875
v -0.546875 0.2109380066394806 0.671875
v -0.4765619933605194 0.1015620008111 0.71875
v -0.4609380066394806 0.1171879991889 0.703125
v 0.375 0.0625 0.7421879768371582
v 0.4765619933605194 0.1015620008111 0.71875
v 0.4609380066394806 0.1171879991889 0.703125
v 0.375 0.0625 0.7421879768371582
v 0.4609380066394806 0.1171879991889 0.703125
v 0.375 0.0859379991889 0.7265620231628418
v -0.4609380066394806 0.1171879991889 0.703125
v -0.4765619933605194 0.1015620008111 0.71875
v -0.375 0.0625 0.7421879768371582
v -0.4609380066394806 0.1171879991889 0.703125
v -0.375 0.0625 0.7421879768371582
v -0.375 0.0859379991889 0.7265620231628418
v 0.2265619933605194 0.109375 0.78125
v 0.375 0.0625 0.7421879768371582
v 0.375 0.0859379991889 0.7265620231628418
v 0.2265619933605194 0.109375 0.78125
v 0.375 0.0859379991889 0.7265620231628418
v 0.2421880066394806 0.125 0.7578120231628418
v -0.375 0.0859379991889 0.7265620231628418
v -0.375 0.0625 0.7421879768371582
v -0.2265619933605194 0.109375 0.78125
v -0.375 0.0859379991889 0.7265620231628418
v -0.2265619933605194 0.109375 0.78125
v -0.2421880066394806 0.125 0.7578120231628418
v 0.1875 0.15625 0.7734379768371582
v 0.2265619933605194 0.109375 0.78125
v 0.2421880066394806 0.125 0.7578120231628418
v 0.1875 0.15625 0.7734379768371582
v 0.2421880066394806 0.125 0.7578120231628418
v 0.203125 0.171875 0.75
v -0.2421880066394806 0.125 0.7578120231628418
v -0.2265619933605194 0.109375 0.78125
v -0.1875 0.15625 0.7734379768371582
v -0.2421880066394806 0.125 0.7578120231628418
v -0.1875 0.15625 0.7734379768371582
v -0.203125 0.171875 0.75
v 0.2109380066394806 0.375 0.78125
v 0.1796880066394806 0.296875 0.78125
v 0.1953119933605194 0.296875 0.7578120231628418
v 0.2109380066394806 0.375 0.78125
v 0.1953119933605194 0.296875 0.7578120231628418
v 0.234375 0.359375 0.7578120231628418
v -0.1953119933605194 0.296875 0.7578120231628418
v -0.1796880066394806 0.296875 0.78125
v -0.2109380066394806 0.375 0.78125
v -0.1953119933605194 0.296875 0.7578120231628418
v -0.2109380066394806 0.375 0.78125
v -0.234375 0.359375 0.7578120231628418
v 0.1796880066394806 0.296875 0.78125
v 0.171875 0.21875 0.78125
v 0.1953119933605194 0.2265619933605194 0.75
v 0.1796880066394806 0.296875 0.78125
v 0.1953119933605194 0.2265619933605194 0.75
v 0.1953119933605194 0.296875 0.7578120231628418
v -0.1953119933605194 0.2265619933605194 0.75
v -0.171875 0.21875 0.78125
v -0.1796880066394806 0.296875 0.78125
v -0.1953119933605194 0.2265619933605194 0.75
v -0.1796880066394806 0.296875 0.78125
v -0.1953119933605194 0.296875 0.7578120231628418
v 0.171875 0.21875 0.78125
v 0.1875 0.15625 0.7734379768371582
v 0.203125 0.171875 0.75
v 0.171875 0.21875 0.78125
v 0.203125 0.171875 0.75
v 0.1953119933605194 0.2265619933605194 0.75
v -0.203125 0.171875 0.75
v -0.1875 0.15625 0.7734379768371582
v -0.171875 0.21875 0.78125
v -0.203125 0.171875 0.75
v -0.171875 0.21875 0.78125
v -0.1953119933605194 0.2265619933605194 0.75
v 0 0.4296880066394806 0.7421879768371582
v 0.0625 0.4921880066394806 0.75
v 0.109375 0.4609380066394806 0.609375
v 0 0.4296880066394806 0.7421879768371582
v 0.109375 0.4609380066394806 0.609375
v 0 0.40625 0.6015620231628418
v -0.109375 0.4609380066394806 0.609375
v -0.0625 0.4921880066394806 0.75
v 0 0.4296880066394806 0.7421879768371582
v -0.109375 0.4609380066394806 0.609375
v 0 0.4296880066394806 0.7421879768371582
v 0 0.40625 0.6015620231628418
v 0.0625 0.4921880066394806 0.75
v 0.15625 0.71875 0.7578120231628418
v 0.1953119933605194 0.6640620231628418 0.6171879768371582
v 0.0625 0.4921880066394806 0.75
v 0.1953119933605194 0.6640620231628418 0.6171879768371582
v 0.109375 0.4609380066394806 0.609375
v -0.1953119933605194 0.6640620231628418 0.6171879768371582
v -0.15625 0.71875 0.7578120231628418
v -0.0625 0.4921880066394806 0.75
v -0.1953119933605194 0.6640620231628418 0.6171879768371582
v -0.0625 0.4921880066394806 0.75
v -0.109375 0.4609380066394806 0.609375
v 0.15625 0.71875 0.7578120231628418
v 0.3203119933605194 0.7578120231628418 0.734375
v 0.3359380066394806 0.6875 0.59375
v 0.15625 0.71875 0.7578120231628418
v 0.3359380066394806 0.6875 0.59375
v 0.1953119933605194 0.6640620231628418 0.6171879768371582
v -0.3359380066394806 0.6875 0.59375
v -0.3203119933605194 0.7578120231628418 0.734375
v -0.15625 0.71875 0.7578120231628418
v -0.3359380066394806 0.6875 0.59375
v -0.15625 0.71875 0.7578120231628418
v -0.1953119933605194 0.6640620231628418 0.6171879768371582
v 0.3203119933605194 0.7578120231628418 0.734375
v 0.4921880066394806 0.6015620231628418 0.6875
v 0.484375 0.5546879768371582 0.5546879768371582
v 0.3203119933605194 0.7578120231628418 0.734375
v 0.484375 0.5546879768371582 0.5546879768371582
v 0.3359380066394806 0.6875 0.59375
v -0.484375 0.5546879768371582 0.5546879768371582
v -0.4921880066394806 0.6015620231628418 0.6875
v -0.3203119933605194 0.7578120231628418 0.734375
v -0.484375 0.5546879768371582 0.5546879768371582
v -0.3203119933605194 0.7578120231628418 0.734375
v -0.3359380066394806 0.6875 0.59375
v 0.4921880066394806 0.6015620231628418 0.6875
v 0.7109379768371582 0.484375 0.625
v 0.6796879768371582 0.453125 0.4921880066394806
v 0.4921880066394806 0.6015620231628418 0.6875
v 0.6796879768371582 0.453125 0.4921880066394806
v 0.484375 0.5546879768371582 0.5546879768371582
v -0.6796879768371582 0.453125 0.4921880066394806
v -0.7109379768371582 0.484375 0.625
v -0.4921880066394806 0.6015620231628418 0.6875
v -0.6796879768371582 0.453125 0.4921880066394806
v -0.4921880066394806 0.6015620231628418 0.6875
v -0.484375 0.5546879768371582 0.5546879768371582
v 0.7109379768371582 0.484375 0.625
v 0.859375 0.4296880066394806 0.59375
v 0.796875 0.40625 0.4609380066394806
v 0.7109379768371582 0.484375 0.625
v 0.796875 0.40625 0.4609380066394806
v 0.6796879768371582 0.453125 0.4921880066394806
v -0.796875 0.40625 0.4609380066394806
v -0.859375 0.4296880066394806 0.59375
v -0.7109379768371582 0.484375 0.625
v -0.796875 0.40625 0.4609380066394806
v -0.7109379768371582 0.484375 0.625
v -0.6796879768371582 0.453125 0.4921880066394806
v 0.859375 0.4296880066394806 0.59375
v 0.828125 0.1484380066394806 0.4453119933605194
v 0.7734379768371582 0.1640619933605194 0.375
v 0.859375 0.4296880066394806 0.59375
v 0.7734379768371582 0.1640619933605194 0.375
v 0.796875 0.40625 0.4609380066394806
v -0.7734379768371582 0.1640619933605194 0.375
v -0.828125 0.1484380066394806 0.4453119933605194
v -0.859375 0.4296880066394806 0.59375
v -0.7734379768371582 0.1640619933605194 0.375
v -0.859375 0.4296880066394806 0.59375
v -0.796875 0.40625 0.4609380066394806
v 0.828125 0.1484380066394806 0.4453119933605194
v 0.6328120231628418 -0.039062000811100006 0.5390620231628418
v 0.6015620231628418 0 0.4140619933605194
v 0.828125 0.1484380066394806 0.4453119933605194
v 0.6015620231628418 0 0.4140619933605194
v 0.7734379768371582 0.1640619933605194 0.375
v -0.6015620231628418 0 0.4140619933605194
v -0.6328120231628418 -0.039062000811100006 0.5390620231628418
v -0.828125 0.1484380066394806 0.4453119933605194
v -0.6015620231628418 0 0.4140619933605194
v -0.828125 0.1484380066394806 0.4453119933605194
v -0.7734379768371582 0.1640619933605194 0.375
v 0.6328120231628418 -0.039062000811100006 0.5390620231628418
v 0.4375 -0.140625 0.53125
v 0.4375 -0.09375 0.46875
v 0.6328120231628418 -0.039062000811100006 0.5390620231628418
v 0.4375 -0.09375 0.46875
v 0.6015620231628418 0 0.4140619933605194
v -0.4375 -0.09375 0.46875
v -0.4375 -0.140625 0.53125
v -0.6328120231628418 -0.039062000811100006 0.5390620231628418
v -0.4375 -0.09375 0.46875
v -0.6328120231628418 -0.039062000811100006 0.5390620231628418
v -0.6015620231628418 0 0.4140619933605194
v 0 -0.5703120231628418 0.3203119933605194
v 0 -0.484375 0.28125
v 0.1796880066394806 -0.4140619933605194 0.2578119933605194
v 0 -0.5703120231628418 0.3203119933605194
v 0.1796880066394806 -0.4140619933605194 0.2578119933605194
v 0.125 -0.5390620231628418 0.359375
v -0.1796880066394806 -0.4140619933605194 0.2578119933605194
v 0 -0.484375 0.28125
v 0 -0.5703120231628418 0.3203119933605194
v -0.1796880066394806 -0.4140619933605194 0.2578119933605194
v 0 -0.5703120231628418 0.3203119933605194
v -0.125 -0.5390620231628418 0.359375
v 0 -0.8046879768371582 0.34375
v 0 -0.5703120231628418 0.3203119933605194
v 0.125 -0.5390620231628418 0.359375
v 0 -0.8046879768371582 0.34375
v 0.125 -0.5390620231628418 0.359375
v 0.140625 -0.7578120231628418 0.3671880066394806
v -0.125 -0.5390620231628418 0.359375
v 0 -0.5703120231628418 0.3203119933605194
v 0 -0.8046879768371582 0.34375
v -0.125 -0.5390620231628418 0.359375
v 0 -0.8046879768371582 0.34375
v -0.140625 -0.7578120231628418 0.3671880066394806
v 0 -0.9765620231628418 0.4609380066394806
v 0 -0.8046879768371582 0.34375
v 0.140625 -0.7578120231628418 0.3671880066394806
v 0 -0.9765620231628418 0.4609380066394806
v 0.140625 -0.7578120231628418 0.3671880066394806
v 0.1640619933605194 -0.9453120231628418 0.4375
v -0.140625 -0.7578120231628418 0.3671880066394806
v 0 -0.8046879768371582 0.34375
v 0 -0.9765620231628418 0.4609380066394806
v -0.140625 -0.7578120231628418 0.3671880066394806
v 0 -0.9765620231628418 0.4609380066394806
v -0.1640619933605194 -0.9453120231628418 0.4375
v 0.1796880066394806 -0.96875 0.5546879768371582
v 0 -0.984375 0.578125
v 0 -0.9765620231628418 0.4609380066394806
v 0.1796880066394806 -0.96875 0.5546879768371582
v 0 -0.9765620231628418 0.4609380066394806
v 0.1640619933605194 -0.9453120231628418 0.4375
v 0 -0.9765620231628418 0.4609380066394806
v 0 -0.984375 0.578125
v -0.1796880066394806 -0.96875 0.5546879768371582
v 0 -0.9765620231628418 0.4609380066394806
v -0.1796880066394806 -0.96875 0.5546879768371582
v -0.1640619933605194 -0.9453120231628418 0.4375
v 0.328125 -0.9453120231628418 0.5234379768371582
v 0.1796880066394806 -0.96875 0.5546879768371582
v 0.1640619933605194 -0.9453120231628418 0.4375
v 0.328125 -0.9453120231628418 0.5234379768371582
v 0.1640619933605194 -0.9453120231628418 0.4375
v 0.328125 -0.9140620231628418 0.3984380066394806
v -0.1640619933605194 -0.9453120231628418 0.4375
v -0.1796880066394806 -0.96875 0.5546879768371582
v -0.328125 -0.9453120231628418 0.5234379768371582
v -0.1640619933605194 -0.9453120231628418 0.4375
v -0.328125 -0.9453120231628418 0.5234379768371582
v -0.328125 -0.9140620231628418 0.3984380066394806
v 0.3671880066394806 -0.890625 0.53125
v 0.328125 -0.9453120231628418 0.5234379768371582
v 0.328125 -0.9140620231628418 0.3984380066394806
v 0.3671880066394806 -0.890625 0.53125
v 0.328125 -0.9140620231628418 0.3984380066394806
v 0.2890619933605194 -0.7109379768371582 0.3828119933605194
v -0.328125 -0.9140620231628418 0.3984380066394806
v -0.328125 -0.9453120231628418 0.5234379768371582
v -0.3671880066394806 -0.890625 0.53125
v -0.328125 -0.9140620231628418 0.3984380066394806
v -0.3671880066394806 -0.890625 0.53125
v -0.2890619933605194 -0.7109379768371582 0.3828119933605194
v 0.3515619933605194 -0.6953120231628418 0.5703120231628418
v 0.3671880066394806 -0.890625 0.53125
v 0.2890619933605194 -0.7109379768371582 0.3828119933605194
v 0.3515619933605194 -0.6953120231628418 0.5703120231628418
v 0.2890619933605194 -0.7109379768371582 0.3828119933605194
v 0.25 -0.5 0.390625
v -0.2890619933605194 -0.7109379768371582 0.3828119933605194
v -0.3671880066394806 -0.890625 0.53125
v -0.3515619933605194 -0.6953120231628418 0.5703120231628418
v -0.2890619933605194 -0.7109379768371582 0.3828119933605194
v -0.3515619933605194 -0.6953120231628418 0.5703120231628418
v -0.25 -0.5 0.390625
v 0.2890619933605194 -0.7109379768371582 0.3828119933605194
v 0.140625 -0.7578120231628418 0.3671880066394806
v 0.125 -0.5390620231628418 0.359375
v 0.2890619933605194 -0.7109379768371582 0.3828119933605194
v 0.125 -0.5390620231628418 0.359375
v 0.25 -0.5 0.390625
v -0.125 -0.5390620231628418 0.359375
v -0.140625 -0.7578120231628418 0.3671880066394806
v -0.2890619933605194 -0.7109379768371582 0.3828119933605194
v -0.125 -0.5390620231628418 0.359375
v -0.2890619933605194 -0.7109379768371582 0.3828119933605194
v -0.25 -0.5 0.390625
v 0.2890619933605194 -0.7109379768371582 0.3828119933605194
v 0.328125 -0.9140620231628418 0.3984380066394806
v 0.1640619933605194 -0.9453120231628418 0.4375
v 0.2890619933605194 -0.7109379768371582 0.3828119933605194
v 0.1640619933605194 -0.9453120231628418 0.4375
v 0.140625 -0.7578120231628418 0.3671880066394806
v -0.1640619933605194 -0.9453120231628418 0.4375
v -0.328125 -0.9140620231628418 0.3984380066394806
v -0.2890619933605194 -0.7109379768371582 0.3828119933605194
v -0.1640619933605194 -0.9453120231628418 0.4375
v -0.2890619933605194 -0.7109379768371582 0.3828119933605194
v -0.140625 -0.7578120231628418 0.3671880066394806
v 0.234375 -0.3515619933605194 0.40625
v 0.25 -0.5 0.390625
v 0.125 -0.5390620231628418 0.359375
v 0.234375 -0.3515619933605194 0.40625
v 0.125 -0.5390620231628418 0.359375
v 0.1796880066394806 -0.4140619933605194 0.2578119933605194
v -0.125 -0.5390620231628418 0.359375
v -0.25 -0.5 0.390625
v -0.234375 -0.3515619933605194 0.40625
v -0.125 -0.5390620231628418 0.359375
v -0.234375 -0.3515619933605194 0.40625
v -0.1796880066394806 -0.4140619933605194 0.2578119933605194
v 0.3125 -0.4375 0.5703120231628418
v 0.3515619933605194 -0.6953120231628418 0.5703120231628418
v 0.25 -0.5 0.390625
v 0.3125 -0.4375 0.5703120231628418
v 0.25 -0.5 0.390625
v 0.234375 -0.3515619933605194 0.40625
v -0.25 -0.5 0.390625
v -0.3515619933605194 -0.6953120231628418 0.5703120231628418
v -0.3125 -0.4375 0.5703120231628418
v -0.25 -0.5 0.390625
v -0.3125 -0.4375 0.5703120231628418
v -0.234375 -0.3515619933605194 0.40625
v 0.2578119933605194 -0.3125 0.5546879768371582
v 0.21875 -0.28125 0.4296880066394806
v 0.2109380066394806 -0.2265619933605194 0.46875
v 0.2578119933605194 -0.3125 0.5546879768371582
v 0.2109380066394806 -0.2265619933605194 0.46875
v 0.234375 -0.25 0.5546879768371582
v -0.2109380066394806 -0.2265619933605194 0.46875
v -0.21875 -0.28125 0.4296880066394806
v -0.2578119933605194 -0.3125 0.5546879768371582
v -0.2109380066394806 -0.2265619933605194 0.46875
v -0.2578119933605194 -0.3125 0.5546879768371582
v -0.234375 -0.25 0.5546879768371582
v 0.3125 -0.4375 0.5703120231628418
v 0.234375 -0.3515619933605194 0.40625
v 0.21875 -0.28125 0.4296880066394806
v 0.3125 -0.4375 0.5703120231628418
v 0.21875 -0.28125 0.4296880066394806
v 0.2578119933605194 -0.3125 0.5546879768371582
v -0.21875 -0.28125 0.4296880066394806
v -0.234375 -0.3515619933605194 0.40625
v -0.3125 -0.4375 0.5703120231628418
v -0.21875 -0.28125 0.4296880066394806
v -0.3125 -0.4375 0.5703120231628418
v -0.2578119933605194 -0.3125 0.5546879768371582
v 0.203125 -0.1875 0.5625
v 0.234375 -0.25 0.5546879768371582
v 0.2109380066394806 -0.2265619933605194 0.46875
v 0.203125 -0.1875 0.5625
v 0.2109380066394806 -0.2265619933605194 0.46875
v 0.203125 -0.171875 0.5
v -0.2109380066394806 -0.2265619933605194 0.46875
v -0.234375 -0.25 0.5546879768371582
v -0.203125 -0.1875 0.5625
v -0.2109380066394806 -0.2265619933605194 0.46875
v -0.203125 -0.1875 0.5625
v -0.203125 -0.171875 0.5
v 0.203125 -0.1875 0.5625
v 0.203125 -0.171875 0.5
v 0.4375 -0.09375 0.46875
v 0.203125 -0.1875 0.5625
v 0.4375 -0.09375 0.46875
v 0.4375 -0.140625 0.53125
v -0.4375 -0.09375 0.46875
v -0.203125 -0.171875 0.5
v -0.203125 -0.1875 0.5625
v -0.4375 -0.09375 0.46875
v -0.203125 -0.1875 0.5625
v -0.4375 -0.140625 0.53125
v 0 0.0703120008111 -0.828125
v 0.3359380066394806 0.054687999188899994 -0.6640620231628418
v 0.34375 -0.1484380066394806 -0.5390620231628418
v 0 0.0703120008111 -0.828125
v 0.34375 -0.1484380066394806 -0.5390620231628418
v 0 -0.1953119933605194 -0.671875
v -0.34375 -0.1484380066394806 -0.5390620231628418
v -0.3359380066394806 0.054687999188899994 -0.6640620231628418
v 0 0.0703120008111 -0.828125
v -0.34375 -0.1484380066394806 -0.5390620231628418
v 0 0.0703120008111 -0.828125
v 0 -0.1953119933605194 -0.671875
v 0 -0.1953119933605194 -0.671875
v 0.34375 -0.1484380066394806 -0.5390620231628418
v 0.296875 -0.3125 -0.265625
v 0 -0.1953119933605194 -0.671875
v 0.296875 -0.3125 -0.265625
v 0 -0.3828119933605194 -0.3515619933605194
v -0.296875 -0.3125 -0.265625
v -0.34375 -0.1484380066394806 -0.5390620231628418
v 0 -0.1953119933605194 -0.671875
v -0.296875 -0.3125 -0.265625
v 0 -0.1953119933605194 -0.671875
v 0 -0.3828119933605194 -0.3515619933605194
v 0 -0.3828119933605194 -0.3515619933605194
v 0.296875 -0.3125 -0.265625
v 0.2109380066394806 -0.390625 0.1640619933605194
v 0 -0.3828119933605194 -0.3515619933605194
v 0.2109380066394806 -0.390625 0.1640619933605194
v 0 -0.4609380066394806 0.1875
v -0.2109380066394806 -0.390625 0.1640619933605194
v -0.296875 -0.3125 -0.265625
v 0 -0.3828119933605194 -0.3515619933605194
v -0.2109380066394806 -0.390625 0.1640619933605194
v 0 -0.3828119933605194 -0.3515619933605194
v 0 -0.4609380066394806 0.1875
v 0 -0.4609380066394806 0.1875
v 0.2109380066394806 -0.390625 0.1640619933605194
v 0.1796880066394806 -0.4140619933605194 0.2578119933605194
v 0 -0.4609380066394806 0.1875
v 0.1796880066394806 -0.4140619933605194 0.2578119933605194
v 0 -0.484375 0.28125
v -0.1796880066394806 -0.4140619933605194 0.2578119933605194
v -0.2109380066394806 -0.390625 0.1640619933605194
v 0 -0.4609380066394806 0.1875
v -0.1796880066394806 -0.4140619933605194 0.2578119933605194
v 0 -0.4609380066394806 0.1875
v 0 -0.484375 0.28125
v 0.234375 -0.3515619933605194 0.40625
v 0.1796880066394806 -0.4140619933605194 0.2578119933605194
v 0.2109380066394806 -0.390625 0.1640619933605194
v 0.234375 -0.3515619933605194 0.40625
v 0.2109380066394806 -0.390625 0.1640619933605194
v 0.21875 -0.28125 0.4296880066394806
v -0.2109380066394806 -0.390625 0.1640619933605194
v -0.1796880066394806 -0.4140619933605194 0.2578119933605194
v -0.234375 -0.3515619933605194 0.40625
v -0.2109380066394806 -0.390625 0.1640619933605194
v -0.234375 -0.3515619933605194 0.40625
v -0.21875 -0.28125 0.4296880066394806
v 0.7734379768371582 0.1640619933605194 0.375
v 0.6015620231628418 0 0.4140619933605194
v 0.734375 -0.046875 0.0703120008111
v 0.7734379768371582 0.1640619933605194 0.375
v 0.734375 -0.046875 0.0703120008111
v 0.8515620231628418 0.234375 0.054687999188899994
v -0.734375 -0.046875 0.0703120008111
v -0.6015620231628418 0 0.4140619933605194
v -0.7734379768371582 0.1640619933605194 0.375
v -0.734375 -0.046875 0.0703120008111
v -0.7734379768371582 0.1640619933605194 0.375
v -0.8515620231628418 0.234375 0.054687999188899994
v 0 0.5625 -0.8515620231628418
v 0.4609380066394806 0.4375 -0.703125
v 0.3359380066394806 0.054687999188899994 -0.6640620231628418
v 0 0.5625 -0.8515620231628418
v 0.3359380066394806 0.054687999188899994 -0.6640620231628418
v 0 0.0703120008111 -0.828125
v -0.3359380066394806 0.054687999188899994 -0.6640620231628418
v -0.4609380066394806 0.4375 -0.703125
v 0 0.5625 -0.8515620231628418
v -0.3359380066394806 0.054687999188899994 -0.6640620231628418
v 0 0.5625 -0.8515620231628418
v 0 0.0703120008111 -0.828125
v 0 0.8984379768371582 0.2890619933605194
v 0.453125 0.8515620231628418 0.234375
v 0.453125 0.9296879768371582 -0.0703120008111
v 0 0.8984379768371582 0.2890619933605194
v 0.453125 0.9296879768371582 -0.0703120008111
v 0 0.984375 -0.078125
v -0.453125 0.9296879768371582 -0.0703120008111
v -0.453125 0.8515620231628418 0.234375
v 0 0.8984379768371582 0.2890619933605194
v -0.453125 0.9296879768371582 -0.0703120008111
v 0 0.8984379768371582 0.2890619933605194
v 0 0.984375 -0.078125
v 0 0.984375 -0.078125
v 0.453125 0.9296879768371582 -0.0703120008111
v 0.453125 0.8671879768371582 -0.3828119933605194
v 0 0.984375 -0.078125
v 0.453125 0.8671879768371582 -0.3828119933605194
v 0 0.8984379768371582 -0.546875
v -0.453125 0.8671879768371582 -0.3828119933605194
v -0.453125 0.9296879768371582 -0.0703120008111
v 0 0.984375 -0.078125
v -0.453125 0.8671879768371582 -0.3828119933605194
v 0 0.984375 -0.078125
v 0 0.8984379768371582 -0.546875
v 0 0.8984379768371582 -0.546875
v 0.453125 0.8671879768371582 -0.3828119933605194
v 0.4609380066394806 0.4375 -0.703125
v 0 0.8984379768371582 -0.546875
v 0.4609380066394806 0.4375 -0.703125
v 0 0.5625 -0.8515620231628418
v -0.4609380066394806 0.4375 -0.703125
v -0.453125 0.8671879768371582 -0.3828119933605194
v 0 0.8984379768371582 -0.546875
v -0.4609380066394806 0.4375 -0.703125
v 0 0.8984379768371582 -0.546875
v 0 0.5625 -0.8515620231628418
v 0.6796879768371582 0.453125 0.4921880066394806
v 0.796875 0.40625 0.4609380066394806
v 0.7265620231628418 0.40625 0.3359380066394806
v 0.6796879768371582 0.453125 0.4921880066394806
v 0.7265620231628418 0.40625 0.3359380066394806
v 0.6328120231628418 0.453125 0.28125
v -0.7265620231628418 0.40625 0.3359380066394806
v -0.796875 0.40625 0.4609380066394806
v -0.6796879768371582 0.453125 0.4921880066394806
v -0.7265620231628418 0.40625 0.3359380066394806
v -0.6796879768371582 0.453125 0.4921880066394806
v -0.6328120231628418 0.453125 0.28125
v 0.6328120231628418 0.453125 0.28125
v 0.7265620231628418 0.40625 0.3359380066394806
v 0.796875 0.5625 0.125
v 0.6328120231628418 0.453125 0.28125
v 0.796875 0.5625 0.125
v 0.640625 0.703125 0.054687999188899994
v -0.796875 0.5625 0.125
v -0.7265620231628418 0.40625 0.3359380066394806
v -0.6328120231628418 0.453125 0.28125
v -0.796875 0.5625 0.125
v -0.6328120231628418 0.453125 0.28125
v -0.640625 0.703125 0.054687999188899994
v 0.640625 0.703125 0.054687999188899994
v 0.796875 0.5625 0.125
v 0.796875 0.6171879768371582 -0.1171879991889
v 0.640625 0.703125 0.054687999188899994
v 0.796875 0.6171879768371582 -0.1171879991889
v 0.640625 0.75 -0.1953119933605194
v -0.796875 0.6171879768371582 -0.1171879991889
v -0.796875 0.5625 0.125
v -0.640625 0.703125 0.054687999188899994
v -0.796875 0.6171879768371582 -0.1171879991889
v -0.640625 0.703125 0.054687999188899994
v -0.640625 0.75 -0.1953119933605194
v 0.640625 0.75 -0.1953119933605194
v 0.796875 0.6171879768371582 -0.1171879991889
v 0.796875 0.5390620231628418 -0.359375
v 0.640625 0.75 -0.1953119933605194
v 0.796875 0.5390620231628418 -0.359375
v 0.640625 0.6796879768371582 -0.4453119933605194
v -0.796875 0.5390620231628418 -0.359375
v -0.796875 0.6171879768371582 -0.1171879991889
v -0.640625 0.75 -0.1953119933605194
v -0.796875 0.5390620231628418 -0.359375
v -0.640625 0.75 -0.1953119933605194
v -0.640625 0.6796879768371582 -0.4453119933605194
v 0.7734379768371582 0.265625 -0.4375
v 0.6171879768371582 0.328125 -0.5859379768371582
v 0.640625 0.6796879768371582 -0.4453119933605194
v 0.7734379768371582 0.265625 -0.4375
v 0.640625 0.6796879768371582 -0.4453119933605194
v 0.796875 0.5390620231628418 -0.359375
v -0.640625 0.6796879768371582 -0.4453119933605194
v -0.6171879768371582 0.328125 -0.5859379768371582
v -0.7734379768371582 0.265625 -0.4375
v -0.640625 0.6796879768371582 -0.4453119933605194
v -0.7734379768371582 0.265625 -0.4375
v -0.796875 0.5390620231628418 -0.359375
v 0.4609380066394806 0.4375 -0.703125
v 0.453125 0.8671879768371582 -0.3828119933605194
v 0.640625 0.6796879768371582 -0.4453119933605194
v 0.4609380066394806 0.4375 -0.703125
v 0.640625 0.6796879768371582 -0.4453119933605194
v 0.6171879768371582 0.328125 -0.5859379768371582
v -0.640625 0.6796879768371582 -0.4453119933605194
v -0.453125 0.8671879768371582 -0.3828119933605194
v -0.4609380066394806 0.4375 -0.703125
v -0.640625 0.6796879768371582 -0.4453119933605194
v -0.4609380066394806 0.4375 -0.703125
v -0.6171879768371582 0.328125 -0.5859379768371582
v 0.453125 0.8671879768371582 -0.3828119933605194
v 0.453125 0.9296879768371582 -0.0703120008111
v 0.640625 0.75 -0.1953119933605194
v 0.453125 0.8671879768371582 -0.3828119933605194
v 0.640625 0.75 -0.1953119933605194
v 0.640625 0.6796879768371582 -0.4453119933605194
v -0.640625 0.75 -0.1953119933605194
v -0.453125 0.9296879768371582 -0.0703120008111
v -0.453125 0.8671879768371582 -0.3828119933605194
v -0.640625 0.75 -0.1953119933605194
v -0.453125 0.8671879768371582 -0.3828119933605194
v -0.640625 0.6796879768371582 -0.4453119933605194
v 0.453125 0.9296879768371582 -0.0703120008111
v 0.453125 0.8515620231628418 0.234375
v 0.640625 0.703125 0.054687999188899994
v 0.453125 0.9296879768371582 -0.0703120008111
v 0.640625 0.703125 0.054687999188899994
v 0.640625 0.75 -0.1953119933605194
v -0.640625 0.703125 0.054687999188899994
v -0.453125 0.8515620231628418 0.234375
v -0.453125 0.9296879768371582 -0.0703120008111
v -0.640625 0.703125 0.054687999188899994
v -0.453125 0.9296879768371582 -0.0703120008111
v -0.640625 0.75 -0.1953119933605194
v 0.453125 0.8515620231628418 0.234375
v 0.4609380066394806 0.5234379768371582 0.4296880066394806
v 0.6328120231628418 0.453125 0.28125
v 0.453125 0.8515620231628418 0.234375
v 0.6328120231628418 0.453125 0.28125
v 0.640625 0.703125 0.054687999188899994
v -0.6328120231628418 0.453125 0.28125
v -0.4609380066394806 0.5234379768371582 0.4296880066394806
v -0.453125 0.8515620231628418 0.234375
v -0.6328120231628418 0.453125 0.28125
v -0.453125 0.8515620231628418 0.234375
v -0.640625 0.703125 0.054687999188899994
v 0.484375 0.5546879768371582 0.5546879768371582
v 0.6796879768371582 0.453125 0.4921880066394806
v 0.6328120231628418 0.453125 0.28125
v 0.484375 0.5546879768371582 0.5546879768371582
v 0.6328120231628418 0.453125 0.28125
v 0.4609380066394806 0.5234379768371582 0.4296880066394806
v -0.6328120231628418 0.453125 0.28125
v -0.6796879768371582 0.453125 0.4921880066394806
v -0.484375 0.5546879768371582 0.5546879768371582
v -0.6328120231628418 0.453125 0.28125
v -0.484375 0.5546879768371582 0.5546879768371582
v -0.4609380066394806 0.5234379768371582 0.4296880066394806
v 0 0.5703120231628418 0.5703120231628418
v 0.4609380066394806 0.5234379768371582 0.4296880066394806
v 0.453125 0.8515620231628418 0.234375
v 0 0.5703120231628418 0.5703120231628418
v 0.453125 0.8515620231628418 0.234375
v 0 0.8984379768371582 0.2890619933605194
v -0.453125 0.8515620231628418 0.234375
v -0.4609380066394806 0.5234379768371582 0.4296880066394806
v 0 0.5703120231628418 0.5703120231628418
v -0.453125 0.8515620231628418 0.234375
v 0 0.5703120231628418 0.5703120231628418
v 0 0.8984379768371582 0.2890619933605194
v 0.109375 0.4609380066394806 0.609375
v 0.1953119933605194 0.6640620231628418 0.6171879768371582
v 0.3359380066394806 0.6875 0.59375
v 0.109375 0.4609380066394806 0.609375
v 0.3359380066394806 0.6875 0.59375
v 0.484375 0.5546879768371582 0.5546879768371582
v -0.3359380066394806 0.6875 0.59375
v -0.1953119933605194 0.6640620231628418 0.6171879768371582
v -0.109375 0.4609380066394806 0.609375
v -0.3359380066394806 0.6875 0.59375
v -0.109375 0.4609380066394806 0.609375
v -0.484375 0.5546879768371582 0.5546879768371582
v 0.109375 0.4609380066394806 0.609375
v 0.484375 0.5546879768371582 0.5546879768371582
v 0.4609380066394806 0.5234379768371582 0.4296880066394806
v 0.109375 0.4609380066394806 0.609375
v 0.4609380066394806 0.5234379768371582 0.4296880066394806
v 0 0.5703120231628418 0.5703120231628418
v -0.4609380066394806 0.5234379768371582 0.4296880066394806
v -0.484375 0.5546879768371582 0.5546879768371582
v -0.109375 0.4609380066394806 0.609375
v -0.4609380066394806 0.5234379768371582 0.4296880066394806
v -0.109375 0.4609380066394806 0.609375
v 0 0.5703120231628418 0.5703120231628418
v 0 0.40625 0.6015620231628418
v 0.109375 0.4609380066394806 0.609375
v 0 0.5703120231628418 0.5703120231628418
v 0 0.5703120231628418 0.5703120231628418
v -0.109375 0.4609380066394806 0.609375
v 0 0.40625 0.6015620231628418
v 0.796875 0.40625 0.4609380066394806
v 0.7734379768371582 0.1640619933605194 0.375
v 0.8515620231628418 0.234375 0.054687999188899994
v 0.796875 0.40625 0.4609380066394806
v 0.8515620231628418 0.234375 0.054687999188899994
v 0.7265620231628418 0.40625 0.3359380066394806
v -0.8515620231628418 0.234375 0.054687999188899994
v -0.7734379768371582 0.1640619933605194 0.375
v -0.796875 0.40625 0.4609380066394806
v -0.8515620231628418 0.234375 0.054687999188899994
v -0.796875 0.40625 0.4609380066394806
v -0.7265620231628418 0.40625 0.3359380066394806
v 0.8515620231628418 0.234375 0.054687999188899994
v 0.859375 0.3203119933605194 -0.046875
v 0.796875 0.5625 0.125
v 0.8515620231628418 0.234375 0.054687999188899994
v 0.796875 0.5625 0.125
v 0.7265620231628418 0.40625 0.3359380066394806
v -0.796875 0.5625 0.125
v -0.859375 0.3203119933605194 -0.046875
v -0.8515620231628418 0.234375 0.054687999188899994
v -0.796875 0.5625 0.125
v -0.8515620231628418 0.234375 0.054687999188899994
v -0.7265620231628418 0.40625 0.3359380066394806
v 0.859375 0.3203119933605194 -0.046875
v 0.8203120231628418 0.328125 -0.203125
v 0.796875 0.6171879768371582 -0.1171879991889
v 0.859375 0.3203119933605194 -0.046875
v 0.796875 0.6171879768371582 -0.1171879991889
v 0.796875 0.5625 0.125
v -0.796875 0.6171879768371582 -0.1171879991889
v -0.8203120231628418 0.328125 -0.203125
v -0.859375 0.3203119933605194 -0.046875
v -0.796875 0.6171879768371582 -0.1171879991889
v -0.859375 0.3203119933605194 -0.046875
v -0.796875 0.5625 0.125
v 0.7734379768371582 0.265625 -0.4375
v 0.796875 0.5390620231628418 -0.359375
v 0.796875 0.6171879768371582 -0.1171879991889
v 0.7734379768371582 0.265625 -0.4375
v 0.796875 0.6171879768371582 -0.1171879991889
v 0.8203120231628418 0.328125 -0.203125
v -0.796875 0.6171879768371582 -0.1171879991889
v -0.796875 0.5390620231628418 -0.359375
v -0.7734379768371582 0.265625 -0.4375
v -0.796875 0.6171879768371582 -0.1171879991889
v -0.7734379768371582 0.265625 -0.4375
v -0.8203120231628418 0.328125 -0.203125
v 0.2109380066394806 -0.390625 0.1640619933605194
v 0.296875 -0.3125 -0.265625
v 0.4296880066394806 -0.1953119933605194 -0.2109380066394806
v 0.2109380066394806 -0.390625 0.1640619933605194
v 0.4296880066394806 -0.1953119933605194 -0.2109380066394806
v 0.40625 -0.171875 0.1484380066394806
v -0.4296880066394806 -0.1953119933605194 -0.2109380066394806
v -0.296875 -0.3125 -0.265625
v -0.2109380066394806 -0.390625 0.1640619933605194
v -0.4296880066394806 -0.1953119933605194 -0.2109380066394806
v -0.2109380066394806 -0.390625 0.1640619933605194
v -0.40625 -0.171875 0.1484380066394806
v 0.734375 -0.046875 0.0703120008111
v 0.40625 -0.171875 0.1484380066394806
v 0.4296880066394806 -0.1953119933605194 -0.2109380066394806
v 0.734375 -0.046875 0.0703120008111
v 0.4296880066394806 -0.1953119933605194 -0.2109380066394806
v 0.59375 -0.125 -0.1640619933605194
v -0.4296880066394806 -0.1953119933605194 -0.2109380066394806
v -0.40625 -0.171875 0.1484380066394806
v -0.734375 -0.046875 0.0703120008111
v -0.4296880066394806 -0.1953119933605194 -0.2109380066394806
v -0.734375 -0.046875 0.0703120008111
v -0.59375 -0.125 -0.1640619933605194
v 0.6015620231628418 0 0.4140619933605194
v 0.4375 -0.09375 0.46875
v 0.40625 -0.171875 0.1484380066394806
v 0.6015620231628418 0 0.4140619933605194
v 0.40625 -0.171875 0.1484380066394806
v 0.734375 -0.046875 0.0703120008111
v -0.40625 -0.171875 0.1484380066394806
v -0.4375 -0.09375 0.46875
v -0.6015620231628418 0 0.4140619933605194
v -0.40625 -0.171875 0.1484380066394806
v -0.6015620231628418 0 0.4140619933605194
v -0.734375 -0.046875 0.0703120008111
v 0.4375 -0.09375 0.46875
v 0.2109380066394806 -0.2265619933605194 0.46875
v 0.21875 -0.28125 0.4296880066394806
v 0.4375 -0.09375 0.46875
v 0.21875 -0.28125 0.4296880066394806
v 0.40625 -0.171875 0.1484380066394806
v -0.21875 -0.28125 0.4296880066394806
v -0.2109380066394806 -0.2265619933605194 0.46875
v -0.4375 -0.09375 0.46875
v -0.21875 -0.28125 0.4296880066394806
v -0.4375 -0.09375 0.46875
v -0.40625 -0.171875 0.1484380066394806
v 0.21875 -0.28125 0.4296880066394806
v 0.2109380066394806 -0.390625 0.1640619933605194
v 0.40625 -0.171875 0.1484380066394806
v -0.40625 -0.171875 0.1484380066394806
v -0.2109380066394806 -0.390625 0.1640619933605194
v -0.21875 -0.28125 0.4296880066394806
v 0.4375 -0.09375 0.46875
v 0.203125 -0.171875 0.5
v 0.2109380066394806 -0.2265619933605194 0.46875
v -0.2109380066394806 -0.2265619933605194 0.46875
v -0.203125 -0.171875 0.5
v -0.4375 -0.09375 0.46875
v 0.7734379768371582 0.265625 -0.4375
v 0.640625 -0.0078119998797774315 -0.4296880066394806
v 0.484375 0.023437999188899994 -0.546875
v 0.7734379768371582 0.265625 -0.4375
v 0.484375 0.023437999188899994 -0.546875
v 0.6171879768371582 0.328125 -0.5859379768371582
v -0.484375 0.023437999188899994 -0.546875
v -0.640625 -0.0078119998797774315 -0.4296880066394806
v -0.7734379768371582 0.265625 -0.4375
v -0.484375 0.023437999188899994 -0.546875
v -0.7734379768371582 0.265625 -0.4375
v -0.6171879768371582 0.328125 -0.5859379768371582
v 0.4609380066394806 0.4375 -0.703125
v 0.6171879768371582 0.328125 -0.5859379768371582
v 0.484375 0.023437999188899994 -0.546875
v 0.4609380066394806 0.4375 -0.703125
v 0.484375 0.023437999188899994 -0.546875
v 0.3359380066394806 0.054687999188899994 -0.6640620231628418
v -0.484375 0.023437999188899994 -0.546875
v -0.6171879768371582 0.328125 -0.5859379768371582
v -0.4609380066394806 0.4375 -0.703125
v -0.484375 0.023437999188899994 -0.546875
v -0.4609380066394806 0.4375 -0.703125
v -0.3359380066394806 0.054687999188899994 -0.6640620231628418
v 0.59375 -0.125 -0.1640619933605194
v 0.4296880066394806 -0.1953119933605194 -0.2109380066394806
v 0.484375 0.023437999188899994 -0.546875
v 0.59375 -0.125 -0.1640619933605194
v 0.484375 0.023437999188899994 -0.546875
v 0.640625 -0.0078119998797774315 -0.4296880066394806
v -0.484375 0.023437999188899994 -0.546875
v -0.4296880066394806 -0.1953119933605194 -0.2109380066394806
v -0.59375 -0.125 -0.1640619933605194
v -0.484375 0.023437999188899994 -0.546875
v -0.59375 -0.125 -0.1640619933605194
v -0.640625 -0.0078119998797774315 -0.4296880066394806
v 0.296875 -0.3125 -0.265625
v 0.34375 -0.1484380066394806 -0.5390620231628418
v 0.484375 0.023437999188899994 -0.546875
v 0.296875 -0.3125 -0.265625
v 0.484375 0.023437999188899994 -0.546875
v 0.4296880066394806 -0.1953119933605194 -0.2109380066394806
v -0.484375 0.023437999188899994 -0.546875
v -0.34375 -0.1484380066394806 -0.5390620231628418
v -0.296875 -0.3125 -0.265625
v -0.484375 0.023437999188899994 -0.546875
v -0.296875 -0.3125 -0.265625
v -0.4296880066394806 -0.1953119933605194 -0.2109380066394806
v 0.3359380066394806 0.054687999188899994 -0.6640620231628418
v 0.484375 0.023437999188899994 -0.546875
v 0.34375 -0.1484380066394806 -0.5390620231628418
v -0.34375 -0.1484380066394806 -0.5390620231628418
v -0.484375 0.023437999188899994 -0.546875
v -0.3359380066394806 0.054687999188899994 -0.6640620231628418
v 1.0234379768371582 0.4765619933605194 -0.3125
v 0.890625 0.40625 -0.234375
v 0.921875 0.359375 -0.21875
v 1.0234379768371582 0.4765619933605194 -0.3125
v 0.921875 0.359375 -0.21875
v 1.015625 0.4140619933605194 -0.2890619933605194
v -0.921875 0.359375 -0.21875
v -0.890625 0.40625 -0.234375
v -1.0234379768371582 0.4765619933605194 -0.3125
v -0.921875 0.359375 -0.21875
v -1.0234379768371582 0.4765619933605194 -0.3125
v -1.015625 0.4140619933605194 -0.2890619933605194
v 1.0234379768371582 0.4765619933605194 -0.3125
v 1.015625 0.4140619933605194 -0.2890619933605194
v 1.1875 0.4375 -0.390625
v 1.0234379768371582 0.4765619933605194 -0.3125
v 1.1875 0.4375 -0.390625
v 1.234375 0.5078120231628418 -0.421875
v -1.1875 0.4375 -0.390625
v -1.015625 0.4140619933605194 -0.2890619933605194
v -1.0234379768371582 0.4765619933605194 -0.3125
v -1.1875 0.4375 -0.390625
v -1.0234379768371582 0.4765619933605194 -0.3125
v -1.234375 0.5078120231628418 -0.421875
v 1.234375 0.5078120231628418 -0.421875
v 1.1875 0.4375 -0.390625
v 1.265625 0.2890619933605194 -0.40625
v 1.234375 0.5078120231628418 -0.421875
v 1.265625 0.2890619933605194 -0.40625
v 1.3515620231628418 0.3203119933605194 -0.421875
v -1.265625 0.2890619933605194 -0.40625
v -1.1875 0.4375 -0.390625
v -1.234375 0.5078120231628418 -0.421875
v -1.265625 0.2890619933605194 -0.40625
v -1.234375 0.5078120231628418 -0.421875
v -1.3515620231628418 0.3203119933605194 -0.421875
v 1.3515620231628418 0.3203119933605194 -0.421875
v 1.265625 0.2890619933605194 -0.40625
v 1.2109379768371582 0.078125 -0.40625
v 1.3515620231628418 0.3203119933605194 -0.421875
v 1.2109379768371582 0.078125 -0.40625
v 1.28125 0.054687999188899994 -0.4296880066394806
v -1.2109379768371582 0.078125 -0.40625
v -1.265625 0.2890619933605194 -0.40625
v -1.3515620231628418 0.3203119933605194 -0.421875
v -1.2109379768371582 0.078125 -0.40625
v -1.3515620231628418 0.3203119933605194 -0.421875
v -1.28125 0.054687999188899994 -0.4296880066394806
v 1.28125 0.054687999188899994 -0.4296880066394806
v 1.2109379768371582 0.078125 -0.40625
v 1.03125 -0.039062000811100006 -0.3046880066394806
v 1.28125 0.054687999188899994 -0.4296880066394806
v 1.03125 -0.039062000811100006 -0.3046880066394806
v 1.0390620231628418 -0.1015620008111 -0.328125
v -1.03125 -0.039062000811100006 -0.3046880066394806
v -1.2109379768371582 0.078125 -0.40625
v -1.28125 0.054687999188899994 -0.4296880066394806
v -1.03125 -0.039062000811100006 -0.3046880066394806
v -1.28125 0.054687999188899994 -0.4296880066394806
v -1.0390620231628418 -0.1015620008111 -0.328125
v 1.0390620231628418 -0.1015620008111 -0.328125
v 1.03125 -0.039062000811100006 -0.3046880066394806
v 0.828125 -0.0703120008111 -0.1328119933605194
v 1.0390620231628418 -0.1015620008111 -0.328125
v 0.828125 -0.0703120008111 -0.1328119933605194
v 0.7734379768371582 -0.140625 -0.125
v -0.828125 -0.0703120008111 -0.1328119933605194
v -1.03125 -0.039062000811100006 -0.3046880066394806
v -1.0390620231628418 -0.1015620008111 -0.328125
v -0.828125 -0.0703120008111 -0.1328119933605194
v -1.0390620231628418 -0.1015620008111 -0.328125
v -0.7734379768371582 -0.140625 -0.125
v 1.03125 -0.039062000811100006 -0.3046880066394806
v 1.0390620231628418 0 -0.3671880066394806
v 0.8828120231628418 -0.023437999188899994 -0.2109380066394806
v 1.03125 -0.039062000811100006 -0.3046880066394806
v 0.8828120231628418 -0.023437999188899994 -0.2109380066394806
v 0.828125 -0.0703120008111 -0.1328119933605194
v -0.8828120231628418 -0.023437999188899994 -0.2109380066394806
v -1.0390620231628418 0 -0.3671880066394806
v -1.03125 -0.039062000811100006 -0.3046880066394806
v -0.8828120231628418 -0.023437999188899994 -0.2109380066394806
v -1.03125 -0.039062000811100006 -0.3046880066394806
v -0.828125 -0.0703120008111 -0.1328119933605194
v 1.2109379768371582 0.078125 -0.40625
v 1.1875 0.09375 -0.4453119933605194
v 1.0390620231628418 0 -0.3671880066394806
v 1.2109379768371582 0.078125 -0.40625
v 1.0390620231628418 0 -0.3671880066394806
v 1.03125 -0.039062000811100006 -0.3046880066394806
v -1.0390620231628418 0 -0.3671880066394806
v -1.1875 0.09375 -0.4453119933605194
v -1.2109379768371582 0.078125 -0.40625
v -1.0390620231628418 0 -0.3671880066394806
v -1.2109379768371582 0.078125 -0.40625
v -1.03125 -0.039062000811100006 -0.3046880066394806
v 1.265625 0.2890619933605194 -0.40625
v 1.234375 0.25 -0.4453119933605194
v 1.1875 0.09375 -0.4453119933605194
v 1.265625 0.2890619933605194 -0.40625
v 1.1875 0.09375 -0.4453119933605194
v 1.2109379768371582 0.078125 -0.40625
v -1.1875 0.09375 -0.4453119933605194
v -1.234375 0.25 -0.4453119933605194
v -1.265625 0.2890619933605194 -0.40625
v -1.1875 0.09375 -0.4453119933605194
v -1.265625 0.2890619933605194 -0.40625
v -1.2109379768371582 0.078125 -0.40625
v 1.1875 0.4375 -0.390625
v 1.171875 0.359375 -0.4375
v 1.234375 0.25 -0.4453119933605194
v 1.1875 0.4375 -0.390625
v 1.234375 0.25 -0.4453119933605194
v 1.265625 0.2890619933605194 -0.40625
v -1.234375 0.25 -0.4453119933605194
v -1.171875 0.359375 -0.4375
v -1.1875 0.4375 -0.390625
v -1.234375 0.25 -0.4453119933605194
v -1.1875 0.4375 -0.390625
v -1.265625 0.2890619933605194 -0.40625
v 1.015625 0.4140619933605194 -0.2890619933605194
v 1.0234379768371582 0.34375 -0.359375
v 1.171875 0.359375 -0.4375
v 1.015625 0.4140619933605194 -0.2890619933605194
v 1.171875 0.359375 -0.4375
v 1.1875 0.4375 -0.390625
v -1.171875 0.359375 -0.4375
v -1.0234379768371582 0.34375 -0.359375
v -1.015625 0.4140619933605194 -0.2890619933605194
v -1.171875 0.359375 -0.4375
v -1.015625 0.4140619933605194 -0.2890619933605194
v -1.1875 0.4375 -0.390625
v 1.015625 0.4140619933605194 -0.2890619933605194
v 0.921875 0.359375 -0.21875
v 0.9453120231628418 0.3046880066394806 -0.2890619933605194
v 1.015625 0.4140619933605194 -0.2890619933605194
v 0.9453120231628418 0.3046880066394806 -0.2890619933605194
v 1.0234379768371582 0.34375 -0.359375
v -0.9453120231628418 0.3046880066394806 -0.2890619933605194
v -0.921875 0.359375 -0.21875
v -1.015625 0.4140619933605194 -0.2890619933605194
v -0.9453120231628418 0.3046880066394806 -0.2890619933605194
v -1.015625 0.4140619933605194 -0.2890619933605194
v -1.0234379768371582 0.34375 -0.359375
v 0.734375 -0.046875 0.0703120008111
v 0.59375 -0.125 -0.1640619933605194
v 0.71875 -0.023437999188899994 -0.171875
v 0.734375 -0.046875 0.0703120008111
v 0.71875 -0.023437999188899994 -0.171875
v 0.7265620231628418 0 -0.0703120008111
v -0.71875 -0.023437999188899994 -0.171875
v -0.59375 -0.125 -0.1640619933605194
v -0.734375 -0.046875 0.0703120008111
v -0.71875 -0.023437999188899994 -0.171875
v -0.734375 -0.046875 0.0703120008111
v -0.7265620231628418 0 -0.0703120008111
v 0.59375 -0.125 -0.1640619933605194
v 0.7734379768371582 -0.140625 -0.125
v 0.828125 -0.0703120008111 -0.1328119933605194
v 0.59375 -0.125 -0.1640619933605194
v 0.828125 -0.0703120008111 -0.1328119933605194
v 0.71875 -0.023437999188899994 -0.171875
v -0.828125 -0.0703120008111 -0.1328119933605194
v -0.7734379768371582 -0.140625 -0.125
v -0.59375 -0.125 -0.1640619933605194
v -0.828125 -0.0703120008111 -0.1328119933605194
v -0.59375 -0.125 -0.1640619933605194
v -0.71875 -0.023437999188899994 -0.171875
v 0.8515620231628418 0.234375 0.054687999188899994
v 0.734375 -0.046875 0.0703120008111
v 0.7265620231628418 0 -0.0703120008111
v 0.8515620231628418 0.234375 0.054687999188899994
v 0.7265620231628418 0 -0.0703120008111
v 0.859375 0.3203119933605194 -0.046875
v -0.7265620231628418 0 -0.0703120008111
v -0.734375 -0.046875 0.0703120008111
v -0.8515620231628418 0.234375 0.054687999188899994
v -0.7265620231628418 0 -0.0703120008111
v -0.8515620231628418 0.234375 0.054687999188899994
v -0.859375 0.3203119933605194 -0.046875
v 0.8203120231628418 0.328125 -0.203125
v 0.84375 0.2890619933605194 -0.2109380066394806
v 0.921875 0.359375 -0.21875
v 0.8203120231628418 0.328125 -0.203125
v 0.921875 0.359375 -0.21875
v 0.890625 0.40625 -0.234375
v -0.921875 0.359375 -0.21875
v -0.84375 0.2890619933605194 -0.2109380066394806
v -0.8203120231628418 0.328125 -0.203125
v -0.921875 0.359375 -0.21875
v -0.8203120231628418 0.328125 -0.203125
v -0.890625 0.40625 -0.234375
v 0.828125 -0.0703120008111 -0.1328119933605194
v 0.8828120231628418 -0.023437999188899994 -0.2109380066394806
v 0.8125 -0.015625 -0.2734380066394806
v 0.828125 -0.0703120008111 -0.1328119933605194
v 0.8125 -0.015625 -0.2734380066394806
v 0.71875 -0.023437999188899994 -0.171875
v -0.8125 -0.015625 -0.2734380066394806
v -0.8828120231628418 -0.023437999188899994 -0.2109380066394806
v -0.828125 -0.0703120008111 -0.1328119933605194
v -0.8125 -0.015625 -0.2734380066394806
v -0.828125 -0.0703120008111 -0.1328119933605194
v -0.71875 -0.023437999188899994 -0.171875
v 0.84375 0.015625 -0.2734380066394806
v 0.71875 0.039062000811100006 -0.1875
v 0.71875 -0.023437999188899994 -0.171875
v 0.84375 0.015625 -0.2734380066394806
v 0.71875 -0.023437999188899994 -0.171875
v 0.8125 -0.015625 -0.2734380066394806
v -0.71875 -0.023437999188899994 -0.171875
v -0.71875 0.039062000811100006 -0.1875
v -0.84375 0.015625 -0.2734380066394806
v -0.71875 -0.023437999188899994 -0.171875
v -0.84375 0.015625 -0.2734380066394806
v -0.8125 -0.015625 -0.2734380066394806
v 0.7578120231628418 0.09375 -0.2734380066394806
v 0.71875 0.039062000811100006 -0.1875
v 0.84375 0.015625 -0.2734380066394806
v 0.7578120231628418 0.09375 -0.2734380066394806
v 0.84375 0.015625 -0.2734380066394806
v 0.8203120231628418 0.0859379991889 -0.2734380066394806
v -0.84375 0.015625 -0.2734380066394806
v -0.71875 0.039062000811100006 -0.1875
v -0.7578120231628418 0.09375 -0.2734380066394806
v -0.84375 0.015625 -0.2734380066394806
v -0.7578120231628418 0.09375 -0.2734380066394806
v -0.8203120231628418 0.0859379991889 -0.2734380066394806
v 0.8359379768371582 0.171875 -0.2734380066394806
v 0.796875 0.203125 -0.2109380066394806
v 0.71875 0.039062000811100006 -0.1875
v 0.8359379768371582 0.171875 -0.2734380066394806
v 0.71875 0.039062000811100006 -0.1875
v 0.7578120231628418 0.09375 -0.2734380066394806
v -0.71875 0.039062000811100006 -0.1875
v -0.796875 0.203125 -0.2109380066394806
v -0.8359379768371582 0.171875 -0.2734380066394806
v -0.71875 0.039062000811100006 -0.1875
v -0.8359379768371582 0.171875 -0.2734380066394806
v -0.7578120231628418 0.09375 -0.2734380066394806
v 0.84375 0.2890619933605194 -0.2109380066394806
v 0.796875 0.203125 -0.2109380066394806
v 0.8359379768371582 0.171875 -0.2734380066394806
v 0.84375 0.2890619933605194 -0.2109380066394806
v 0.8359379768371582 0.171875 -0.2734380066394806
v 0.890625 0.2421880066394806 -0.265625
v -0.8359379768371582 0.171875 -0.2734380066394806
v -0.796875 0.203125 -0.2109380066394806
v -0.84375 0.2890619933605194 -0.2109380066394806
v -0.8359379768371582 0.171875 -0.2734380066394806
v -0.84375 0.2890619933605194 -0.2109380066394806
v -0.890625 0.2421880066394806 -0.265625
v 0.921875 0.359375 -0.21875
v 0.84375 0.2890619933605194 -0.2109380066394806
v 0.890625 0.2421880066394806 -0.265625
v 0.921875 0.359375 -0.21875
v 0.890625 0.2421880066394806 -0.265625
v 0.9453120231628418 0.3046880066394806 -0.2890619933605194
v -0.890625 0.2421880066394806 -0.265625
v -0.84375 0.2890619933605194 -0.2109380066394806
v -0.921875 0.359375 -0.21875
v -0.890625 0.2421880066394806 -0.265625
v -0.921875 0.359375 -0.21875
v -0.9453120231628418 0.3046880066394806 -0.2890619933605194
v 0.859375 0.3203119933605194 -0.046875
v 0.796875 0.203125 -0.2109380066394806
v 0.84375 0.2890619933605194 -0.2109380066394806
v 0.859375 0.3203119933605194 -0.046875
v 0.84375 0.2890619933605194 -0.2109380066394806
v 0.8203120231628418 0.328125 -0.203125
v -0.84375 0.2890619933605194 -0.2109380066394806
v -0.796875 0.203125 -0.2109380066394806
v -0.859375 0.3203119933605194 -0.046875
v -0.84375 0.2890619933605194 -0.2109380066394806
v -0.859375 0.3203119933605194 -0.046875
v -0.8203120231628418 0.328125 -0.203125
v 0.859375 0.3203119933605194 -0.046875
v 0.7265620231628418 0 -0.0703120008111
v 0.71875 0.039062000811100006 -0.1875
v 0.859375 0.3203119933605194 -0.046875
v 0.71875 0.039062000811100006 -0.1875
v 0.796875 0.203125 -0.2109380066394806
v -0.71875 0.039062000811100006 -0.1875
v -0.7265620231628418 0 -0.0703120008111
v -0.859375 0.3203119933605194 -0.046875
v -0.71875 0.039062000811100006 -0.1875
v -0.859375 0.3203119933605194 -0.046875
v -0.796875 0.203125 -0.2109380066394806
v 0.7265620231628418 0 -0.0703120008111
v 0.71875 -0.023437999188899994 -0.171875
v 0.71875 0.039062000811100006 -0.1875
v -0.71875 0.039062000811100006 -0.1875
v -0.71875 -0.023437999188899994 -0.171875
v -0.7265620231628418 0 -0.0703120008111
v 0.9453120231628418 0.3046880066394806 -0.2890619933605194
v 0.890625 0.2421880066394806 -0.265625
v 0.890625 0.234375 -0.3203119933605194
v 0.9453120231628418 0.3046880066394806 -0.2890619933605194
v 0.890625 0.234375 -0.3203119933605194
v 0.953125 0.2890619933605194 -0.34375
v -0.890625 0.234375 -0.3203119933605194
v -0.890625 0.2421880066394806 -0.265625
v -0.9453120231628418 0.3046880066394806 -0.2890619933605194
v -0.890625 0.234375 -0.3203119933605194
v -0.9453120231628418 0.3046880066394806 -0.2890619933605194
v -0.953125 0.2890619933605194 -0.34375
v 0.890625 0.2421880066394806 -0.265625
v 0.8359379768371582 0.171875 -0.2734380066394806
v 0.84375 0.171875 -0.3203119933605194
v 0.890625 0.2421880066394806 -0.265625
v 0.84375 0.171875 -0.3203119933605194
v 0.890625 0.234375 -0.3203119933605194
v -0.84375 0.171875 -0.3203119933605194
v -0.8359379768371582 0.171875 -0.2734380066394806
v -0.890625 0.2421880066394806 -0.265625
v -0.84375 0.171875 -0.3203119933605194
v -0.890625 0.2421880066394806 -0.265625
v -0.890625 0.234375 -0.3203119933605194
v 0.8359379768371582 0.171875 -0.2734380066394806
v 0.7578120231628418 0.09375 -0.2734380066394806
v 0.765625 0.09375 -0.3203119933605194
v 0.8359379768371582 0.171875 -0.2734380066394806
v 0.765625 0.09375 -0.3203119933605194
v 0.84375 0.171875 -0.3203119933605194
v -0.765625 0.09375 -0.3203119933605194
v -0.7578120231628418 0.09375 -0.2734380066394806
v -0.8359379768371582 0.171875 -0.2734380066394806
v -0.765625 0.09375 -0.3203119933605194
v -0.8359379768371582 0.171875 -0.2734380066394806
v -0.84375 0.171875 -0.3203119933605194
v 0.7578120231628418 0.09375 -0.2734380066394806
v 0.8203120231628418 0.0859379991889 -0.2734380066394806
v 0.828125 0.078125 -0.3203119933605194
v 0.7578120231628418 0.09375 -0.2734380066394806
v 0.828125 0.078125 -0.3203119933605194
v 0.765625 0.09375 -0.3203119933605194
v -0.828125 0.078125 -0.3203119933605194
v -0.8203120231628418 0.0859379991889 -0.2734380066394806
v -0.7578120231628418 0.09375 -0.2734380066394806
v -0.828125 0.078125 -0.3203119933605194
v -0.7578120231628418 0.09375 -0.2734380066394806
v -0.765625 0.09375 -0.3203119933605194
v 0.8203120231628418 0.0859379991889 -0.2734380066394806
v 0.84375 0.015625 -0.2734380066394806
v 0.8515620231628418 0.015625 -0.3203119933605194
v 0.8203120231628418 0.0859379991889 -0.2734380066394806
v 0.8515620231628418 0.015625 -0.3203119933605194
v 0.828125 0.078125 -0.3203119933605194
v -0.8515620231628418 0.015625 -0.3203119933605194
v -0.84375 0.015625 -0.2734380066394806
v -0.8203120231628418 0.0859379991889 -0.2734380066394806
v -0.8515620231628418 0.015625 -0.3203119933605194
v -0.8203120231628418 0.0859379991889 -0.2734380066394806
v -0.828125 0.078125 -0.3203119933605194
v 0.84375 0.015625 -0.2734380066394806
v 0.8125 -0.015625 -0.2734380066394806
v 0.8125 -0.015625 -0.3203119933605194
v 0.84375 0.015625 -0.2734380066394806
v 0.8125 -0.015625 -0.3203119933605194
v 0.8515620231628418 0.015625 -0.3203119933605194
v -0.8125 -0.015625 -0.3203119933605194
v -0.8125 -0.015625 -0.2734380066394806
v -0.84375 0.015625 -0.2734380066394806
v -0.8125 -0.015625 -0.3203119933605194
v -0.84375 0.015625 -0.2734380066394806
v -0.8515620231628418 0.015625 -0.3203119933605194
v 0.8125 -0.015625 -0.2734380066394806
v 0.8828120231628418 -0.023437999188899994 -0.2109380066394806
v 0.8828120231628418 -0.015625 -0.265625
v 0.8125 -0.015625 -0.2734380066394806
v 0.8828120231628418 -0.015625 -0.265625
v 0.8125 -0.015625 -0.3203119933605194
v -0.8828120231628418 -0.015625 -0.265625
v -0.8828120231628418 -0.023437999188899994 -0.2109380066394806
v -0.8125 -0.015625 -0.2734380066394806
v -0.8828120231628418 -0.015625 -0.265625
v -0.8125 -0.015625 -0.2734380066394806
v -0.8125 -0.015625 -0.3203119933605194
v 1.0234379768371582 0.34375 -0.359375
v 0.9453120231628418 0.3046880066394806 -0.2890619933605194
v 0.953125 0.2890619933605194 -0.34375
v 1.0234379768371582 0.34375 -0.359375
v 0.953125 0.2890619933605194 -0.34375
v 1.0390620231628418 0.328125 -0.4140619933605194
v -0.953125 0.2890619933605194 -0.34375
v -0.9453120231628418 0.3046880066394806 -0.2890619933605194
v -1.0234379768371582 0.34375 -0.359375
v -0.953125 0.2890619933605194 -0.34375
v -1.0234379768371582 0.34375 -0.359375
v -1.0390620231628418 0.328125 -0.4140619933605194
v 1.171875 0.359375 -0.4375
v 1.0234379768371582 0.34375 -0.359375
v 1.0390620231628418 0.328125 -0.4140619933605194
v 1.171875 0.359375 -0.4375
v 1.0390620231628418 0.328125 -0.4140619933605194
v 1.1875 0.34375 -0.484375
v -1.0390620231628418 0.328125 -0.4140619933605194
v -1.0234379768371582 0.34375 -0.359375
v -1.171875 0.359375 -0.4375
v -1.0390620231628418 0.328125 -0.4140619933605194
v -1.171875 0.359375 -0.4375
v -1.1875 0.34375 -0.484375
v 1.234375 0.25 -0.4453119933605194
v 1.171875 0.359375 -0.4375
v 1.1875 0.34375 -0.484375
v 1.234375 0.25 -0.4453119933605194
v 1.1875 0.34375 -0.484375
v 1.2578120231628418 0.2421880066394806 -0.4921880066394806
v -1.1875 0.34375 -0.484375
v -1.171875 0.359375 -0.4375
v -1.234375 0.25 -0.4453119933605194
v -1.1875 0.34375 -0.484375
v -1.234375 0.25 -0.4453119933605194
v -1.2578120231628418 0.2421880066394806 -0.4921880066394806
v 1.1875 0.09375 -0.4453119933605194
v 1.234375 0.25 -0.4453119933605194
v 1.2578120231628418 0.2421880066394806 -0.4921880066394806
v 1.1875 0.09375 -0.4453119933605194
v 1.2578120231628418 0.2421880066394806 -0.4921880066394806
v 1.2109379768371582 0.0859379991889 -0.484375
v -1.2578120231628418 0.2421880066394806 -0.4921880066394806
v -1.234375 0.25 -0.4453119933605194
v -1.1875 0.09375 -0.4453119933605194
v -1.2578120231628418 0.2421880066394806 -0.4921880066394806
v -1.1875 0.09375 -0.4453119933605194
v -1.2109379768371582 0.0859379991889 -0.484375
v 1.0390620231628418 0 -0.3671880066394806
v 1.1875 0.09375 -0.4453119933605194
v 1.2109379768371582 0.0859379991889 -0.484375
v 1.0390620231628418 0 -0.3671880066394806
v 1.2109379768371582 0.0859379991889 -0.484375
v 1.046875 0 -0.421875
v -1.2109379768371582 0.0859379991889 -0.484375
v -1.1875 0.09375 -0.4453119933605194
v -1.0390620231628418 0 -0.3671880066394806
v -1.2109379768371582 0.0859379991889 -0.484375
v -1.0390620231628418 0 -0.3671880066394806
v -1.046875 0 -0.421875
v 0.8828120231628418 -0.023437999188899994 -0.2109380066394806
v 1.0390620231628418 0 -0.3671880066394806
v 1.046875 0 -0.421875
v 0.8828120231628418 -0.023437999188899994 -0.2109380066394806
v 1.046875 0 -0.421875
v 0.8828120231628418 -0.015625 -0.265625
v -1.046875 0 -0.421875
v -1.0390620231628418 0 -0.3671880066394806
v -0.8828120231628418 -0.023437999188899994 -0.2109380066394806
v -1.046875 0 -0.421875
v -0.8828120231628418 -0.023437999188899994 -0.2109380066394806
v -0.8828120231628418 -0.015625 -0.265625
v 0.828125 0.078125 -0.3203119933605194
v 0.8515620231628418 0.015625 -0.3203119933605194
v 0.9375 0.0625 -0.3359380066394806
v 0.828125 0.078125 -0.3203119933605194
v 0.9375 0.0625 -0.3359380066394806
v 0.890625 0.109375 -0.328125
v -0.9375 0.0625 -0.3359380066394806
v -0.8515620231628418 0.015625 -0.3203119933605194
v -0.828125 0.078125 -0.3203119933605194
v -0.9375 0.0625 -0.3359380066394806
v -0.828125 0.078125 -0.3203119933605194
v -0.890625 0.109375 -0.328125
v 0.890625 0.109375 -0.328125
v 0.9375 0.0625 -0.3359380066394806
v 1 0.125 -0.3671880066394806
v 0.890625 0.109375 -0.328125
v 1 0.125 -0.3671880066394806
v 0.9609379768371582 0.171875 -0.3515619933605194
v -1 0.125 -0.3671880066394806
v -0.9375 0.0625 -0.3359380066394806
v -0.890625 0.109375 -0.328125
v -1 0.125 -0.3671880066394806
v -0.890625 0.109375 -0.328125
v -0.9609379768371582 0.171875 -0.3515619933605194
v 0.9609379768371582 0.171875 -0.3515619933605194
v 1 0.125 -0.3671880066394806
v 1.0546879768371582 0.1875 -0.3828119933605194
v 0.9609379768371582 0.171875 -0.3515619933605194
v 1.0546879768371582 0.1875 -0.3828119933605194
v 1.015625 0.234375 -0.375
v -1.0546879768371582 0.1875 -0.3828119933605194
v -1 0.125 -0.3671880066394806
v -0.9609379768371582 0.171875 -0.3515619933605194
v -1.0546879768371582 0.1875 -0.3828119933605194
v -0.9609379768371582 0.171875 -0.3515619933605194
v -1.015625 0.234375 -0.375
v 1.015625 0.234375 -0.375
v 1.0546879768371582 0.1875 -0.3828119933605194
v 1.109375 0.2109380066394806 -0.390625
v 1.015625 0.234375 -0.375
v 1.109375 0.2109380066394806 -0.390625
v 1.0859379768371582 0.2734380066394806 -0.390625
v -1.109375 0.2109380066394806 -0.390625
v -1.0546879768371582 0.1875 -0.3828119933605194
v -1.015625 0.234375 -0.375
v -1.109375 0.2109380066394806 -0.390625
v -1.015625 0.234375 -0.375
v -1.0859379768371582 0.2734380066394806 -0.390625
v 1.0390620231628418 0.328125 -0.4140619933605194
v 0.953125 0.2890619933605194 -0.34375
v 1.015625 0.234375 -0.375
v 1.0390620231628418 0.328125 -0.4140619933605194
v 1.015625 0.234375 -0.375
v 1.0859379768371582 0.2734380066394806 -0.390625
v -1.015625 0.234375 -0.375
v -0.953125 0.2890619933605194 -0.34375
v -1.0390620231628418 0.328125 -0.4140619933605194
v -1.015625 0.234375 -0.375
v -1.0390620231628418 0.328125 -0.4140619933605194
v -1.0859379768371582 0.2734380066394806 -0.390625
v 0.890625 0.234375 -0.3203119933605194
v 0.9609379768371582 0.171875 -0.3515619933605194
v 1.015625 0.234375 -0.375
v 0.890625 0.234375 -0.3203119933605194
v 1.015625 0.234375 -0.375
v 0.953125 0.2890619933605194 -0.34375
v -1.015625 0.234375 -0.375
v -0.9609379768371582 0.171875 -0.3515619933605194
v -0.890625 0.234375 -0.3203119933605194
v -1.015625 0.234375 -0.375
v -0.890625 0.234375 -0.3203119933605194
v -0.953125 0.2890619933605194 -0.34375
v 0.890625 0.234375 -0.3203119933605194
v 0.84375 0.171875 -0.3203119933605194
v 0.890625 0.109375 -0.328125
v 0.890625 0.234375 -0.3203119933605194
v 0.890625 0.109375 -0.328125
v 0.9609379768371582 0.171875 -0.3515619933605194
v -0.890625 0.109375 -0.328125
v -0.84375 0.171875 -0.3203119933605194
v -0.890625 0.234375 -0.3203119933605194
v -0.890625 0.109375 -0.328125
v -0.890625 0.234375 -0.3203119933605194
v -0.9609379768371582 0.171875 -0.3515619933605194
v 0.828125 0.078125 -0.3203119933605194
v 0.890625 0.109375 -0.328125
v 0.84375 0.171875 -0.3203119933605194
v 0.828125 0.078125 -0.3203119933605194
v 0.84375 0.171875 -0.3203119933605194
v 0.765625 0.09375 -0.3203119933605194
v -0.84375 0.171875 -0.3203119933605194
v -0.890625 0.109375 -0.328125
v -0.828125 0.078125 -0.3203119933605194
v -0.84375 0.171875 -0.3203119933605194
v -0.828125 0.078125 -0.3203119933605194
v -0.765625 0.09375 -0.3203119933605194
v 0.8125 -0.015625 -0.3203119933605194
v 0.8828120231628418 -0.015625 -0.265625
v 0.9375 0.0625 -0.3359380066394806
v 0.8125 -0.015625 -0.3203119933605194
v 0.9375 0.0625 -0.3359380066394806
v 0.8515620231628418 0.015625 -0.3203119933605194
v -0.9375 0.0625 -0.3359380066394806
v -0.8828120231628418 -0.015625 -0.265625
v -0.8125 -0.015625 -0.3203119933605194
v -0.9375 0.0625 -0.3359380066394806
v -0.8125 -0.015625 -0.3203119933605194
v -0.8515620231628418 0.015625 -0.3203119933605194
v 1.046875 0 -0.421875
v 1 0.125 -0.3671880066394806
v 0.9375 0.0625 -0.3359380066394806
v 1.046875 0 -0.421875
v 0.9375 0.0625 -0.3359380066394806
v 0.8828120231628418 -0.015625 -0.265625
v -0.9375 0.0625 -0.3359380066394806
v -1 0.125 -0.3671880066394806
v -1.046875 0 -0.421875
v -0.9375 0.0625 -0.3359380066394806
v -1.046875 0 -0.421875
v -0.8828120231628418 -0.015625 -0.265625
v 1.2109379768371582 0.0859379991889 -0.484375
v 1.0546879768371582 0.1875 -0.3828119933605194
v 1 0.125 -0.3671880066394806
v 1.2109379768371582 0.0859379991889 -0.484375
v 1 0.125 -0.3671880066394806
v 1.046875 0 -0.421875
v -1 0.125 -0.3671880066394806
v -1.0546879768371582 0.1875 -0.3828119933605194
v -1.2109379768371582 0.0859379991889 -0.484375
v -1 0.125 -0.3671880066394806
v -1.2109379768371582 0.0859379991889 -0.484375
v -1.046875 0 -0.421875
v 1.2578120231628418 0.2421880066394806 -0.4921880066394806
v 1.109375 0.2109380066394806 -0.390625
v 1.0546879768371582 0.1875 -0.3828119933605194
v 1.2578120231628418 0.2421880066394806 -0.4921880066394806
v 1.0546879768371582 0.1875 -0.3828119933605194
v 1.2109379768371582 0.0859379991889 -0.484375
v -1.0546879768371582 0.1875 -0.3828119933605194
v -1.109375 0.2109380066394806 -0.390625
v -1.2578120231628418 0.2421880066394806 -0.4921880066394806
v -1.0546879768371582 0.1875 -0.3828119933605194
v -1.2578120231628418 0.2421880066394806 -0.4921880066394806
v -1.2109379768371582 0.0859379991889 -0.484375
v 1.1875 0.34375 -0.484375
v 1.0859379768371582 0.2734380066394806 -0.390625
v 1.109375 0.2109380066394806 -0.390625
v 1.1875 0.34375 -0.484375
v 1.109375 0.2109380066394806 -0.390625
v 1.2578120231628418 0.2421880066394806 -0.4921880066394806
v -1.109375 0.2109380066394806 -0.390625
v -1.0859379768371582 0.2734380066394806 -0.390625
v -1.1875 0.34375 -0.484375
v -1.109375 0.2109380066394806 -0.390625
v -1.1875 0.34375 -0.484375
v -1.2578120231628418 0.2421880066394806 -0.4921880066394806
v 1.0390620231628418 0.328125 -0.4140619933605194
v 1.0859379768371582 0.2734380066394806 -0.390625
v 1.1875 0.34375 -0.484375
v -1.1875 0.34375 -0.484375
v -1.0859379768371582 0.2734380066394806 -0.390625
v -1.0390620231628418 0.328125 -0.4140619933605194
v 1.0390620231628418 -0.1015620008111 -0.328125
v 0.7734379768371582 -0.140625 -0.125
v 0.7890620231628418 -0.125 -0.328125
v 1.0390620231628418 -0.1015620008111 -0.328125
v 0.7890620231628418 -0.125 -0.328125
v 1.0390620231628418 -0.0859379991889 -0.4921880066394806
v -0.7890620231628418 -0.125 -0.328125
v -0.7734379768371582 -0.140625 -0.125
v -1.0390620231628418 -0.1015620008111 -0.328125
v -0.7890620231628418 -0.125 -0.328125
v -1.0390620231628418 -0.1015620008111 -0.328125
v -1.0390620231628418 -0.0859379991889 -0.4921880066394806
v 1.28125 0.054687999188899994 -0.4296880066394806
v 1.0390620231628418 -0.1015620008111 -0.328125
v 1.0390620231628418 -0.0859379991889 -0.4921880066394806
v 1.28125 0.054687999188899994 -0.4296880066394806
v 1.0390620231628418 -0.0859379991889 -0.4921880066394806
v 1.3125 0.054687999188899994 -0.53125
v -1.0390620231628418 -0.0859379991889 -0.4921880066394806
v -1.0390620231628418 -0.1015620008111 -0.328125
v -1.28125 0.054687999188899994 -0.4296880066394806
v -1.0390620231628418 -0.0859379991889 -0.4921880066394806
v -1.28125 0.054687999188899994 -0.4296880066394806
v -1.3125 0.054687999188899994 -0.53125
v 1.3515620231628418 0.3203119933605194 -0.421875
v 1.28125 0.054687999188899994 -0.4296880066394806
v 1.3125 0.054687999188899994 -0.53125
v 1.3515620231628418 0.3203119933605194 -0.421875
v 1.3125 0.054687999188899994 -0.53125
v 1.3671879768371582 0.296875 -0.5
v -1.3125 0.054687999188899994 -0.53125
v -1.28125 0.054687999188899994 -0.4296880066394806
v -1.3515620231628418 0.3203119933605194 -0.421875
v -1.3125 0.054687999188899994 -0.53125
v -1.3515620231628418 0.3203119933605194 -0.421875
v -1.3671879768371582 0.296875 -0.5
v 1.234375 0.5078120231628418 -0.421875
v 1.3515620231628418 0.3203119933605194 -0.421875
v 1.3671879768371582 0.296875 -0.5
v 1.234375 0.5078120231628418 -0.421875
v 1.3671879768371582 0.296875 -0.5
v 1.25 0.46875 -0.546875
v -1.3671879768371582 0.296875 -0.5
v -1.3515620231628418 0.3203119933605194 -0.421875
v -1.234375 0.5078120231628418 -0.421875
v -1.3671879768371582 0.296875 -0.5
v -1.234375 0.5078120231628418 -0.421875
v -1.25 0.46875 -0.546875
v 1.0234379768371582 0.4765619933605194 -0.3125
v 1.234375 0.5078120231628418 -0.421875
v 1.25 0.46875 -0.546875
v 1.0234379768371582 0.4765619933605194 -0.3125
v 1.25 0.46875 -0.546875
v 1.0234379768371582 0.4375 -0.484375
v -1.25 0.46875 -0.546875
v -1.234375 0.5078120231628418 -0.421875
v -1.0234379768371582 0.4765619933605194 -0.3125
v -1.25 0.46875 -0.546875
v -1.0234379768371582 0.4765619933605194 -0.3125
v -1.0234379768371582 0.4375 -0.484375
v 0.890625 0.40625 -0.234375
v 1.0234379768371582 0.4765619933605194 -0.3125
v 1.0234379768371582 0.4375 -0.484375
v 0.890625 0.40625 -0.234375
v 1.0234379768371582 0.4375 -0.484375
v 0.859375 0.3828119933605194 -0.3828119933605194
v -1.0234379768371582 0.4375 -0.484375
v -1.0234379768371582 0.4765619933605194 -0.3125
v -0.890625 0.40625 -0.234375
v -1.0234379768371582 0.4375 -0.484375
v -0.890625 0.40625 -0.234375
v -0.859375 0.3828119933605194 -0.3828119933605194
v 1.0234379768371582 0.4375 -0.484375
v 1.0390620231628418 -0.0859379991889 -0.4921880066394806
v 0.7890620231628418 -0.125 -0.328125
v 1.0234379768371582 0.4375 -0.484375
v 0.7890620231628418 -0.125 -0.328125
v 0.859375 0.3828119933605194 -0.3828119933605194
v -0.7890620231628418 -0.125 -0.328125
v -1.0390620231628418 -0.0859379991889 -0.4921880066394806
v -1.0234379768371582 0.4375 -0.484375
v -0.7890620231628418 -0.125 -0.328125
v -1.0234379768371582 0.4375 -0.484375
v -0.859375 0.3828119933605194 -0.3828119933605194
v 1.0234379768371582 0.4375 -0.484375
v 1.25 0.46875 -0.546875
v 1.3125 0.054687999188899994 -0.53125
v 1.0234379768371582 0.4375 -0.484375
v 1.3125 0.054687999188899994 -0.53125
v 1.0390620231628418 -0.0859379991889 -0.4921880066394806
v -1.3125 0.054687999188899994 -0.53125
v -1.25 0.46875 -0.546875
v -1.0234379768371582 0.4375 -0.484375
v -1.3125 0.054687999188899994 -0.53125
v -1.0234379768371582 0.4375 -0.484375
v -1.0390620231628418 -0.0859379991889 -0.4921880066394806
v 1.25 0.46875 -0.546875
v 1.3671879768371582 0.296875 -0.5
v 1.3125 0.054687999188899994 -0.53125
v -1.3125 0.054687999188899994 -0.53125
v -1.3671879768371582 0.296875 -0.5
v -1.25 0.46875 -0.546875
v 0.7734379768371582 0.265625 -0.4375
v 0.8203120231628418 0.328125 -0.203125
v 0.890625 0.40625 -0.234375
v 0.7734379768371582 0.265625 -0.4375
v 0.890625 0.40625 -0.234375
v 0.859375 0.3828119933605194 -0.3828119933605194
v -0.890625 0.40625 -0.234375
v -0.8203120231628418 0.328125 -0.203125
v -0.7734379768371582 0.265625 -0.4375
v -0.890625 0.40625 -0.234375
v -0.7734379768371582 0.265625 -0.4375
v -0.859375 0.3828119933605194 -0.3828119933605194
v 0.7734379768371582 0.265625 -0.4375
v 0.859375 0.3828119933605194 -0.3828119933605194
v 0.7890620231628418 -0.125 -0.328125
v 0.7734379768371582 0.265625 -0.4375
v 0.7890620231628418 -0.125 -0.328125
v 0.640625 -0.0078119998797774315 -0.4296880066394806
v -0.7890620231628418 -0.125 -0.328125
v -0.859375 0.3828119933605194 -0.3828119933605194
v -0.7734379768371582 0.265625 -0.4375
v -0.7890620231628418 -0.125 -0.328125
v -0.7734379768371582 0.265625 -0.4375
v -0.640625 -0.0078119998797774315 -0.4296880066394806
v 0.59375 -0.125 -0.1640619933605194
v 0.640625 -0.0078119998797774315 -0.4296880066394806
v 0.7890620231628418 -0.125 -0.328125
v 0.59375 -0.125 -0.1640619933605194
v 0.7890620231628418 -0.125 -0.328125
v 0.7734379768371582 -0.140625 -0.125
v -0.7890620231628418 -0.125 -0.328125
v -0.640625 -0.0078119998797774315 -0.4296880066394806
v -0.59375 -0.125 -0.1640619933605194
v -0.7890620231628418 -0.125 -0.328125
v -0.59375 -0.125 -0.1640619933605194
v -0.7734379768371582 -0.140625 -0.125
vt 0.8909549713134766 0.5900629758834839
vt 0.8706219792366028 0.5896490216255188
vt 0.8600810170173645 0.5601149797439575
vt 0.8909549713134766 0.5900629758834839
vt 0.8600810170173645 0.5601149797439575
vt 0.904570996761322 0.5594040155410767
vt 0.8562260270118713 0.8505470156669617
vt 0.8680670261383057 0.8215100169181824
vt 0.8883979916572571 0.8219990134239197
vt 0.8562260270118713 0.8505470156669617
vt 0.8883979916572571 0.8219990134239197
vt 0.9006400108337402 0.8532320261001587
vt 0.904570996761322 0.5594040155410767
vt 0.8600810170173645 0.5601149797439575
vt 0.8530179858207703 0.5215619802474976
vt 0.904570996761322 0.5594040155410767
vt 0.8530179858207703 0.5215619802474976
vt 0.920166015625 0.5245460271835327
vt 0.847458004951477 0.8887479901313782
vt 0.8562260270118713 0.8505470156669617
vt 0.9006400108337402 0.8532320261001587
vt 0.847458004951477 0.8887479901313782
vt 0.9006400108337402 0.8532320261001587
vt 0.9146720170974731 0.8887479901313782
vt 0.8600810170173645 0.5601149797439575
vt 0.8288999795913696 0.5907710194587708
vt 0.7984809875488281 0.5695350170135498
vt 0.8600810170173645 0.5601149797439575
vt 0.7984809875488281 0.5695350170135498
vt 0.8530179858207703 0.5215619802474976
vt 0.7951040267944336 0.8384019732475281
vt 0.8264359831809998 0.8185369968414307
vt 0.8562260270118713 0.8505470156669617
vt 0.7951040267944336 0.8384019732475281
vt 0.8562260270118713 0.8505470156669617
vt 0.847458004951477 0.8887479901313782
vt 0.8706219792366028 0.5896490216255188
vt 0.8544020056724548 0.6047539710998535
vt 0.8288999795913696 0.5907710194587708
vt 0.8706219792366028 0.5896490216255188
vt 0.8288999795913696 0.5907710194587708
vt 0.8600810170173645 0.5601149797439575
vt 0.8264359831809998 0.8185369968414307
vt 0.8525339961051941 0.8057000041007996
vt 0.8680670261383057 0.8215100169181824
vt 0.8264359831809998 0.8185369968414307
vt 0.8680670261383057 0.8215100169181824
vt 0.8562260270118713 0.8505470156669617
vt 0.8544020056724548 0.6047539710998535
vt 0.8541070222854614 0.6254590153694153
vt 0.8281710147857666 0.6333540081977844
vt 0.8544020056724548 0.6047539710998535
vt 0.8281710147857666 0.6333540081977844
vt 0.8288999795913696 0.5907710194587708
vt 0.827597975730896 0.7759640216827393
vt 0.8531569838523865 0.7850019931793213
vt 0.8525339961051941 0.8057000041007996
vt 0.827597975730896 0.7759640216827393
vt 0.8525339961051941 0.8057000041007996
vt 0.8264359831809998 0.8185369968414307
vt 0.8288999795913696 0.5907710194587708
vt 0.8281710147857666 0.6333540081977844
vt 0.791018009185791 0.6454430222511292
vt 0.8288999795913696 0.5907710194587708
vt 0.791018009185791 0.6454430222511292
vt 0.7984809875488281 0.5695350170135498
vt 0.791018009185791 0.7622380256652832
vt 0.827597975730896 0.7759640216827393
vt 0.8264359831809998 0.8185369968414307
vt 0.791018009185791 0.7622380256652832
vt 0.8264359831809998 0.8185369968414307
vt 0.7951040267944336 0.8384019732475281
vt 0.8281710147857666 0.6333540081977844
vt 0.8551809787750244 0.6685270071029663
vt 0.8423579931259155 0.7024909853935242
vt 0.8281710147857666 0.6333540081977844
vt 0.8423579931259155 0.7024909853935242
vt 0.791018009185791 0.6454430222511292
vt 0.8448389768600464 0.7075250148773193
vt 0.856141984462738 0.7420250177383423
vt 0.827597975730896 0.7759640216827393
vt 0.8448389768600464 0.7075250148773193
vt 0.827597975730896 0.7759640216827393
vt 0.791018009185791 0.7622380256652832
vt 0.8541070222854614 0.6254590153694153
vt 0.8675079941749573 0.6422910094261169
vt 0.8551809787750244 0.6685270071029663
vt 0.8541070222854614 0.6254590153694153
vt 0.8551809787750244 0.6685270071029663
vt 0.8281710147857666 0.6333540081977844
vt 0.856141984462738 0.7420250177383423
vt 0.8672930002212524 0.7687820196151733
vt 0.8531569838523865 0.7850019931793213
vt 0.856141984462738 0.7420250177383423
vt 0.8531569838523865 0.7850019931793213
vt 0.827597975730896 0.7759640216827393
vt 0.8675079941749573 0.6422910094261169
vt 0.8904740214347839 0.6419090032577515
vt 0.9003750085830688 0.6669639945030212
vt 0.8675079941749573 0.6422910094261169
vt 0.9003750085830688 0.6669639945030212
vt 0.8551809787750244 0.6685270071029663
vt 0.9012230038642883 0.7455919981002808
vt 0.89021897315979 0.7701830267906189
vt 0.8672930002212524 0.7687820196151733
vt 0.9012230038642883 0.7455919981002808
vt 0.8672930002212524 0.7687820196151733
vt 0.856141984462738 0.7420250177383423
vt 0.8551809787750244 0.6685270071029663
vt 0.9003750085830688 0.6669639945030212
vt 0.9188979864120483 0.6996970176696777
vt 0.8551809787750244 0.6685270071029663
vt 0.9188979864120483 0.6996970176696777
vt 0.8423579931259155 0.7024909853935242
vt 0.921180009841919 0.7137129902839661
vt 0.9012230038642883 0.7455919981002808
vt 0.856141984462738 0.7420250177383423
vt 0.921180009841919 0.7137129902839661
vt 0.856141984462738 0.7420250177383423
vt 0.8448389768600464 0.7075250148773193
vt 0.9003750085830688 0.6669639945030212
vt 0.931888997554779 0.6368319988250732
vt 0.968392014503479 0.6453329920768738
vt 0.9003750085830688 0.6669639945030212
vt 0.968392014503479 0.6453329920768738
vt 0.9188979864120483 0.6996970176696777
vt 0.9682130217552185 0.7702199816703796
vt 0.9313679933547974 0.7770929932594299
vt 0.9012230038642883 0.7455919981002808
vt 0.9682130217552185 0.7702199816703796
vt 0.9012230038642883 0.7455919981002808
vt 0.921180009841919 0.7137129902839661
vt 0.8904740214347839 0.6419090032577515
vt 0.9058820009231567 0.6279019713401794
vt 0.931888997554779 0.6368319988250732
vt 0.8904740214347839 0.6419090032577515
vt 0.931888997554779 0.6368319988250732
vt 0.9003750085830688 0.6669639945030212
vt 0.9313679933547974 0.7770929932594299
vt 0.904990017414093 0.7848600149154663
vt 0.89021897315979 0.7701830267906189
vt 0.9313679933547974 0.7770929932594299
vt 0.89021897315979 0.7701830267906189
vt 0.9012230038642883 0.7455919981002808
vt 0.9058820009231567 0.6279019713401794
vt 0.9062319993972778 0.6057419776916504
vt 0.9337170124053955 0.5930370092391968
vt 0.9058820009231567 0.6279019713401794
vt 0.9337170124053955 0.5930370092391968
vt 0.931888997554779 0.6368319988250732
vt 0.9312499761581421 0.8209260106086731
vt 0.9043570160865784 0.8070129752159119
vt 0.904990017414093 0.7848600149154663
vt 0.9312499761581421 0.8209260106086731
vt 0.904990017414093 0.7848600149154663
vt 0.9313679933547974 0.7770929932594299
vt 0.931888997554779 0.6368319988250732
vt 0.9337170124053955 0.5930370092391968
vt 0.968392014503479 0.5738120079040527
vt 0.931888997554779 0.6368319988250732
vt 0.968392014503479 0.5738120079040527
vt 0.968392014503479 0.6453329920768738
vt 0.965038001537323 0.8416709899902344
vt 0.9312499761581421 0.8209260106086731
vt 0.9313679933547974 0.7770929932594299
vt 0.965038001537323 0.8416709899902344
vt 0.9313679933547974 0.7770929932594299
vt 0.9682130217552185 0.7702199816703796
vt 0.9337170124053955 0.5930370092391968
vt 0.904570996761322 0.5594040155410767
vt 0.920166015625 0.5245460271835327
vt 0.9337170124053955 0.5930370092391968
vt 0.920166015625 0.5245460271835327
vt 0.968392014503479 0.5738120079040527
vt 0.9146720170974731 0.8887479901313782
vt 0.9006400108337402 0.8532320261001587
vt 0.9312499761581421 0.8209260106086731
vt 0.9146720170974731 0.8887479901313782
vt 0.9312499761581421 0.8209260106086731
vt 0.965038001537323 0.8416709899902344
vt 0.9062319993972778 0.6057419776916504
vt 0.8909549713134766 0.5900629758834839
vt 0.904570996761322 0.5594040155410767
vt 0.9062319993972778 0.6057419776916504
vt 0.904570996761322 0.5594040155410767
vt 0.9337170124053955 0.5930370092391968
vt 0.9006400108337402 0.8532320261001587
vt 0.8883979916572571 0.8219990134239197
vt 0.9043570160865784 0.8070129752159119
vt 0.9006400108337402 0.8532320261001587
vt 0.9043570160865784 0.8070129752159119
vt 0.9312499761581421 0.8209260106086731
vt 0.8909549713134766 0.5900629758834839
vt 0.9062319993972778 0.6057419776916504
vt 0.9023590087890625 0.6079090237617493
vt 0.8909549713134766 0.5900629758834839
vt 0.9023590087890625 0.6079090237617493
vt 0.8895909786224365 0.5932750105857849
vt 0.900583028793335 0.8046770095825195
vt 0.9043570160865784 0.8070129752159119
vt 0.8883979916572571 0.8219990134239197
vt 0.900583028793335 0.8046770095825195
vt 0.8883979916572571 0.8219990134239197
vt 0.8871780037879944 0.8187289834022522
vt 0.9062319993972778 0.6057419776916504
vt 0.9058820009231567 0.6279019713401794
vt 0.8997809886932373 0.6262570023536682
vt 0.9062319993972778 0.6057419776916504
vt 0.8997809886932373 0.6262570023536682
vt 0.9023590087890625 0.6079090237617493
vt 0.898822009563446 0.7862330079078674
vt 0.904990017414093 0.7848600149154663
vt 0.9043570160865784 0.8070129752159119
vt 0.898822009563446 0.7862330079078674
vt 0.9043570160865784 0.8070129752159119
vt 0.900583028793335 0.8046770095825195
vt 0.9058820009231567 0.6279019713401794
vt 0.8904740214347839 0.6419090032577515
vt 0.8878419995307922 0.6365270018577576
vt 0.9058820009231567 0.6279019713401794
vt 0.8878419995307922 0.6365270018577576
vt 0.8997809886932373 0.6262570023536682
vt 0.8873509764671326 0.7754420042037964
vt 0.89021897315979 0.7701830267906189
vt 0.904990017414093 0.7848600149154663
vt 0.8873509764671326 0.7754420042037964
vt 0.904990017414093 0.7848600149154663
vt 0.898822009563446 0.7862330079078674
vt 0.8904740214347839 0.6419090032577515
vt 0.8675079941749573 0.6422910094261169
vt 0.8709080219268799 0.6352450251579285
vt 0.8904740214347839 0.6419090032577515
vt 0.8709080219268799 0.6352450251579285
vt 0.8878419995307922 0.6365270018577576
vt 0.8703759908676147 0.7759720087051392
vt 0.8672930002212524 0.7687820196151733
vt 0.89021897315979 0.7701830267906189
vt 0.8703759908676147 0.7759720087051392
vt 0.89021897315979 0.7701830267906189
vt 0.8873509764671326 0.7754420042037964
vt 0.8675079941749573 0.6422910094261169
vt 0.8541070222854614 0.6254590153694153
vt 0.8598809838294983 0.6239420175552368
vt 0.8675079941749573 0.6422910094261169
vt 0.8598809838294983 0.6239420175552368
vt 0.8709080219268799 0.6352450251579285
vt 0.8588590025901794 0.7867739796638489
vt 0.8531569838523865 0.7850019931793213
vt 0.8672930002212524 0.7687820196151733
vt 0.8588590025901794 0.7867739796638489
vt 0.8672930002212524 0.7687820196151733
vt 0.8703759908676147 0.7759720087051392
vt 0.8541070222854614 0.6254590153694153
vt 0.8544020056724548 0.6047539710998535
vt 0.8596640229225159 0.6081860065460205
vt 0.8541070222854614 0.6254590153694153
vt 0.8596640229225159 0.6081860065460205
vt 0.8598809838294983 0.6239420175552368
vt 0.8579419851303101 0.8025050163269043
vt 0.8525339961051941 0.8057000041007996
vt 0.8531569838523865 0.7850019931793213
vt 0.8579419851303101 0.8025050163269043
vt 0.8531569838523865 0.7850019931793213
vt 0.8588590025901794 0.7867739796638489
vt 0.8544020056724548 0.6047539710998535
vt 0.8706219792366028 0.5896490216255188
vt 0.8716639876365662 0.5939610004425049
vt 0.8544020056724548 0.6047539710998535
vt 0.8716639876365662 0.5939610004425049
vt 0.8596640229225159 0.6081860065460205
vt 0.8692989945411682 0.8172490000724792
vt 0.8680670261383057 0.8215100169181824
vt 0.8525339961051941 0.8057000041007996
vt 0.8692989945411682 0.8172490000724792
vt 0.8525339961051941 0.8057000041007996
vt 0.8579419851303101 0.8025050163269043
vt 0.8706219792366028 0.5896490216255188
vt 0.8909549713134766 0.5900629758834839
vt 0.8895909786224365 0.5932750105857849
vt 0.8706219792366028 0.5896490216255188
vt 0.8895909786224365 0.5932750105857849
vt 0.8716639876365662 0.5939610004425049
vt 0.8871780037879944 0.8187289834022522
vt 0.8883979916572571 0.8219990134239197
vt 0.8680670261383057 0.8215100169181824
vt 0.8871780037879944 0.8187289834022522
vt 0.8680670261383057 0.8215100169181824
vt 0.8692989945411682 0.8172490000724792
vt 0.8794000148773193 0.6165120005607605
vt 0.8716639876365662 0.5939610004425049
vt 0.8895909786224365 0.5932750105857849
vt 0.8871780037879944 0.8187289834022522
vt 0.8692989945411682 0.8172490000724792
vt 0.8780289888381958 0.7950630187988281
vt 0.8596640229225159 0.6081860065460205
vt 0.8716639876365662 0.5939610004425049
vt 0.8794000148773193 0.6165120005607605
vt 0.8780289888381958 0.7950630187988281
vt 0.8692989945411682 0.8172490000724792
vt 0.8579419851303101 0.8025050163269043
vt 0.8794000148773193 0.6165120005607605
vt 0.8598809838294983 0.6239420175552368
vt 0.8596640229225159 0.6081860065460205
vt 0.8579419851303101 0.8025050163269043
vt 0.8588590025901794 0.7867739796638489
vt 0.8780289888381958 0.7950630187988281
vt 0.8794000148773193 0.6165120005607605
vt 0.8709080219268799 0.6352450251579285
vt 0.8598809838294983 0.6239420175552368
vt 0.8588590025901794 0.7867739796638489
vt 0.8703759908676147 0.7759720087051392
vt 0.8780289888381958 0.7950630187988281
vt 0.8794000148773193 0.6165120005607605
vt 0.8878419995307922 0.6365270018577576
vt 0.8709080219268799 0.6352450251579285
vt 0.8703759908676147 0.7759720087051392
vt 0.8873509764671326 0.7754420042037964
vt 0.8780289888381958 0.7950630187988281
vt 0.8794000148773193 0.6165120005607605
vt 0.8997809886932373 0.6262570023536682
vt 0.8878419995307922 0.6365270018577576
vt 0.8873509764671326 0.7754420042037964
vt 0.898822009563446 0.7862330079078674
vt 0.8780289888381958 0.7950630187988281
vt 0.8794000148773193 0.6165120005607605
vt 0.9023590087890625 0.6079090237617493
vt 0.8997809886932373 0.6262570023536682
vt 0.898822009563446 0.7862330079078674
vt 0.900583028793335 0.8046770095825195
vt 0.8780289888381958 0.7950630187988281
vt 0.8794000148773193 0.6165120005607605
vt 0.8895909786224365 0.5932750105857849
vt 0.9023590087890625 0.6079090237617493
vt 0.900583028793335 0.8046770095825195
vt 0.8871780037879944 0.8187289834022522
vt 0.8780289888381958 0.7950630187988281
vt 0.5402600169181824 0.05380500108003616
vt 0.5364189743995667 0.06207200139760971
vt 0.5189250111579895 0.0596809983253479
vt 0.5402600169181824 0.05380500108003616
vt 0.5189250111579895 0.0596809983253479
vt 0.5189160108566284 0.050294000655412674
vt 0.5189250111579895 0.0596809983253479
vt 0.5014520287513733 0.062043000012636185
vt 0.49762600660324097 0.053769998252391815
vt 0.5189250111579895 0.0596809983253479
vt 0.49762600660324097 0.053769998252391815
vt 0.5189160108566284 0.050294000655412674
vt 0.5519300103187561 0.05833800137042999
vt 0.542788028717041 0.06408900022506714
vt 0.5364189743995667 0.06207200139760971
vt 0.5519300103187561 0.05833800137042999
vt 0.5364189743995667 0.06207200139760971
vt 0.5402600169181824 0.05380500108003616
vt 0.5014520287513733 0.062043000012636185
vt 0.4950830042362213 0.06404700130224228
vt 0.48595499992370605 0.05827299878001213
vt 0.5014520287513733 0.062043000012636185
vt 0.48595499992370605 0.05827299878001213
vt 0.49762600660324097 0.053769998252391815
vt 0.5550730228424072 0.061900001019239426
vt 0.5462899804115295 0.07266899943351746
vt 0.542788028717041 0.06408900022506714
vt 0.5550730228424072 0.061900001019239426
vt 0.542788028717041 0.06408900022506714
vt 0.5519300103187561 0.05833800137042999
vt 0.4950830042362213 0.06404700130224228
vt 0.4915649890899658 0.07262499630451202
vt 0.4828050136566162 0.06182900071144104
vt 0.4950830042362213 0.06404700130224228
vt 0.4828050136566162 0.06182900071144104
vt 0.48595499992370605 0.05827299878001213
vt 0.5638120174407959 0.07658600062131882
vt 0.5483329892158508 0.08489300310611725
vt 0.5462899804115295 0.07266899943351746
vt 0.5638120174407959 0.07658600062131882
vt 0.5462899804115295 0.07266899943351746
vt 0.5550730228424072 0.061900001019239426
vt 0.4915649890899658 0.07262499630451202
vt 0.4895069897174835 0.0848580002784729
vt 0.474014014005661 0.07651100307703018
vt 0.4915649890899658 0.07262499630451202
vt 0.474014014005661 0.07651100307703018
vt 0.4828050136566162 0.06182900071144104
vt 0.5831350088119507 0.10849499702453613
vt 0.5556210279464722 0.12174899876117706
vt 0.5483329892158508 0.08489300310611725
vt 0.5831350088119507 0.10849499702453613
vt 0.5483329892158508 0.08489300310611725
vt 0.5638120174407959 0.07658600062131882
vt 0.4895069897174835 0.0848580002784729
vt 0.4821769893169403 0.12178099900484085
vt 0.45452699065208435 0.10848099738359451
vt 0.4895069897174835 0.0848580002784729
vt 0.45452699065208435 0.10848099738359451
vt 0.474014014005661 0.07651100307703018
vt 0.6055120229721069 0.165133997797966
vt 0.6473950147628784 0.20050199329853058
vt 0.6215130090713501 0.22781799733638763
vt 0.6055120229721069 0.165133997797966
vt 0.6215130090713501 0.22781799733638763
vt 0.5531179904937744 0.20959900319576263
vt 0.41651400923728943 0.2294899970293045
vt 0.3896769881248474 0.2018900066614151
vt 0.4320240020751953 0.16564400494098663
vt 0.41651400923728943 0.2294899970293045
vt 0.4320240020751953 0.16564400494098663
vt 0.4853389859199524 0.2100529968738556
vt 0.6473950147628784 0.20050199329853058
vt 0.6763790249824524 0.233241006731987
vt 0.6647610068321228 0.2532249987125397
vt 0.6473950147628784 0.20050199329853058
vt 0.6647610068321228 0.2532249987125397
vt 0.6215130090713501 0.22781799733638763
vt 0.372747004032135 0.25635701417922974
vt 0.3603079915046692 0.23589900135993958
vt 0.3896769881248474 0.2018900066614151
vt 0.372747004032135 0.25635701417922974
vt 0.3896769881248474 0.2018900066614151
vt 0.41651400923728943 0.2294899970293045
vt 0.6763790249824524 0.233241006731987
vt 0.7153419852256775 0.265392005443573
vt 0.6839079856872559 0.27999499440193176
vt 0.6763790249824524 0.233241006731987
vt 0.6839079856872559 0.27999499440193176
vt 0.6647610068321228 0.2532249987125397
vt 0.35369598865509033 0.284606009721756
vt 0.3204520046710968 0.27030301094055176
vt 0.3603079915046692 0.23589900135993958
vt 0.35369598865509033 0.284606009721756
vt 0.3603079915046692 0.23589900135993958
vt 0.372747004032135 0.25635701417922974
vt 0.7153419852256775 0.265392005443573
vt 0.7072539925575256 0.3100540041923523
vt 0.6875150203704834 0.3115389943122864
vt 0.7153419852256775 0.265392005443573
vt 0.6875150203704834 0.3115389943122864
vt 0.6839079856872559 0.27999499440193176
vt 0.35118699073791504 0.317440003156662
vt 0.330720990896225 0.31685298681259155
vt 0.3204520046710968 0.27030301094055176
vt 0.35118699073791504 0.317440003156662
vt 0.3204520046710968 0.27030301094055176
vt 0.35369598865509033 0.284606009721756
vt 0.7072539925575256 0.3100540041923523
vt 0.6974459886550903 0.33267301321029663
vt 0.6768239736557007 0.32393699884414673
vt 0.7072539925575256 0.3100540041923523
vt 0.6768239736557007 0.32393699884414673
vt 0.6875150203704834 0.3115389943122864
vt 0.3627229928970337 0.32972198724746704
vt 0.3419640064239502 0.3396669924259186
vt 0.330720990896225 0.31685298681259155
vt 0.3627229928970337 0.32972198724746704
vt 0.330720990896225 0.31685298681259155
vt 0.35118699073791504 0.317440003156662
vt 0.6974459886550903 0.33267301321029663
vt 0.6628170013427734 0.3725210130214691
vt 0.6390500068664551 0.35732999444007874
vt 0.6974459886550903 0.33267301321029663
vt 0.6390500068664551 0.35732999444007874
vt 0.6768239736557007 0.32393699884414673
vt 0.4027720093727112 0.3621309995651245
vt 0.3792969882488251 0.37868601083755493
vt 0.3419640064239502 0.3396669924259186
vt 0.4027720093727112 0.3621309995651245
vt 0.3419640064239502 0.3396669924259186
vt 0.3627229928970337 0.32972198724746704
vt 0.6628170013427734 0.3725210130214691
vt 0.6268420219421387 0.39579200744628906
vt 0.6183159947395325 0.37515100836753845
vt 0.6628170013427734 0.3725210130214691
vt 0.6183159947395325 0.37515100836753845
vt 0.6390500068664551 0.35732999444007874
vt 0.42458298802375793 0.37926700711250305
vt 0.41691499948501587 0.40055200457572937
vt 0.3792969882488251 0.37868601083755493
vt 0.42458298802375793 0.37926700711250305
vt 0.3792969882488251 0.37868601083755493
vt 0.4027720093727112 0.3621309995651245
vt 0.6268420219421387 0.39579200744628906
vt 0.6048259735107422 0.39780399203300476
vt 0.6008080244064331 0.3778569996356964
vt 0.6268420219421387 0.39579200744628906
vt 0.6008080244064331 0.3778569996356964
vt 0.6183159947395325 0.37515100836753845
vt 0.44239598512649536 0.3812220096588135
vt 0.43925198912620544 0.40154001116752625
vt 0.41691499948501587 0.40055200457572937
vt 0.44239598512649536 0.3812220096588135
vt 0.41691499948501587 0.40055200457572937
vt 0.42458298802375793 0.37926700711250305
vt 0.6048259735107422 0.39780399203300476
vt 0.5530949831008911 0.39051198959350586
vt 0.5596740245819092 0.35701099038124084
vt 0.6048259735107422 0.39780399203300476
vt 0.5596740245819092 0.35701099038124084
vt 0.6008080244064331 0.3778569996356964
vt 0.4829379916191101 0.3584969937801361
vt 0.49093401432037354 0.39186200499534607
vt 0.43925198912620544 0.40154001116752625
vt 0.4829379916191101 0.3584969937801361
vt 0.43925198912620544 0.40154001116752625
vt 0.44239598512649536 0.3812220096588135
vt 0.5530949831008911 0.39051198959350586
vt 0.5219230055809021 0.38600900769233704
vt 0.5210859775543213 0.3438679873943329
vt 0.5530949831008911 0.39051198959350586
vt 0.5210859775543213 0.3438679873943329
vt 0.5596740245819092 0.35701099038124084
vt 0.5210859775543213 0.3438679873943329
vt 0.5219230055809021 0.38600900769233704
vt 0.49093401432037354 0.39186200499534607
vt 0.5210859775543213 0.3438679873943329
vt 0.49093401432037354 0.39186200499534607
vt 0.4829379916191101 0.3584969937801361
vt 0.5772789716720581 0.3401559889316559
vt 0.5998449921607971 0.3448149859905243
vt 0.6008080244064331 0.3778569996356964
vt 0.5772789716720581 0.3401559889316559
vt 0.6008080244064331 0.3778569996356964
vt 0.5596740245819092 0.35701099038124084
vt 0.44239598512649536 0.3812220096588135
vt 0.44197699427604675 0.34781500697135925
vt 0.4645789861679077 0.3422299921512604
vt 0.44239598512649536 0.3812220096588135
vt 0.4645789861679077 0.3422299921512604
vt 0.4829379916191101 0.3584969937801361
vt 0.5998449921607971 0.3448149859905243
vt 0.6155459880828857 0.34200501441955566
vt 0.6183159947395325 0.37515100836753845
vt 0.5998449921607971 0.3448149859905243
vt 0.6183159947395325 0.37515100836753845
vt 0.6008080244064331 0.3778569996356964
vt 0.42458298802375793 0.37926700711250305
vt 0.42597201466560364 0.3455820083618164
vt 0.44197699427604675 0.34781500697135925
vt 0.42458298802375793 0.37926700711250305
vt 0.44197699427604675 0.34781500697135925
vt 0.44239598512649536 0.3812220096588135
vt 0.6344720125198364 0.3323110044002533
vt 0.6390500068664551 0.35732999444007874
vt 0.6183159947395325 0.37515100836753845
vt 0.6344720125198364 0.3323110044002533
vt 0.6183159947395325 0.37515100836753845
vt 0.6155459880828857 0.34200501441955566
vt 0.42458298802375793 0.37926700711250305
vt 0.4027720093727112 0.3621309995651245
vt 0.40636199712753296 0.3364799916744232
vt 0.42458298802375793 0.37926700711250305
vt 0.40636199712753296 0.3364799916744232
vt 0.42597201466560364 0.3455820083618164
vt 0.6624060273170471 0.3128040134906769
vt 0.6768239736557007 0.32393699884414673
vt 0.6390500068664551 0.35732999444007874
vt 0.6624060273170471 0.3128040134906769
vt 0.6390500068664551 0.35732999444007874
vt 0.6344720125198364 0.3323110044002533
vt 0.4027720093727112 0.3621309995651245
vt 0.3627229928970337 0.32972198724746704
vt 0.37706100940704346 0.31768500804901123
vt 0.4027720093727112 0.3621309995651245
vt 0.37706100940704346 0.31768500804901123
vt 0.40636199712753296 0.3364799916744232
vt 0.6684399843215942 0.29795798659324646
vt 0.6875150203704834 0.3115389943122864
vt 0.6768239736557007 0.32393699884414673
vt 0.6684399843215942 0.29795798659324646
vt 0.6768239736557007 0.32393699884414673
vt 0.6624060273170471 0.3128040134906769
vt 0.3627229928970337 0.32972198724746704
vt 0.35118699073791504 0.317440003156662
vt 0.3703039884567261 0.3026440143585205
vt 0.3627229928970337 0.32972198724746704
vt 0.3703039884567261 0.3026440143585205
vt 0.37706100940704346 0.31768500804901123
vt 0.6641010046005249 0.2778719961643219
vt 0.6839079856872559 0.27999499440193176
vt 0.6875150203704834 0.3115389943122864
vt 0.6641010046005249 0.2778719961643219
vt 0.6875150203704834 0.3115389943122864
vt 0.6684399843215942 0.29795798659324646
vt 0.35118699073791504 0.317440003156662
vt 0.35369598865509033 0.284606009721756
vt 0.374099999666214 0.2817780077457428
vt 0.35118699073791504 0.317440003156662
vt 0.374099999666214 0.2817780077457428
vt 0.3703039884567261 0.3026440143585205
vt 0.6392359733581543 0.25304698944091797
vt 0.6647610068321228 0.2532249987125397
vt 0.6839079856872559 0.27999499440193176
vt 0.6392359733581543 0.25304698944091797
vt 0.6839079856872559 0.27999499440193176
vt 0.6641010046005249 0.2778719961643219
vt 0.35369598865509033 0.284606009721756
vt 0.372747004032135 0.25635701417922974
vt 0.39893800020217896 0.25563299655914307
vt 0.35369598865509033 0.284606009721756
vt 0.39893800020217896 0.25563299655914307
vt 0.374099999666214 0.2817780077457428
vt 0.6139919757843018 0.2426619976758957
vt 0.6215130090713501 0.22781799733638763
vt 0.6647610068321228 0.2532249987125397
vt 0.6139919757843018 0.2426619976758957
vt 0.6647610068321228 0.2532249987125397
vt 0.6392359733581543 0.25304698944091797
vt 0.372747004032135 0.25635701417922974
vt 0.41651400923728943 0.2294899970293045
vt 0.42446398735046387 0.24447299540042877
vt 0.372747004032135 0.25635701417922974
vt 0.42446398735046387 0.24447299540042877
vt 0.39893800020217896 0.25563299655914307
vt 0.57294100522995 0.2585639953613281
vt 0.5531179904937744 0.20959900319576263
vt 0.6215130090713501 0.22781799733638763
vt 0.57294100522995 0.2585639953613281
vt 0.6215130090713501 0.22781799733638763
vt 0.6139919757843018 0.2426619976758957
vt 0.41651400923728943 0.2294899970293045
vt 0.4853389859199524 0.2100529968738556
vt 0.46640899777412415 0.2597090005874634
vt 0.41651400923728943 0.2294899970293045
vt 0.46640899777412415 0.2597090005874634
vt 0.42446398735046387 0.24447299540042877
vt 0.57294100522995 0.2585639953613281
vt 0.5639050006866455 0.2720069885253906
vt 0.519760012626648 0.24886399507522583
vt 0.57294100522995 0.2585639953613281
vt 0.519760012626648 0.24886399507522583
vt 0.5531179904937744 0.20959900319576263
vt 0.519760012626648 0.24886399507522583
vt 0.4758859872817993 0.27307799458503723
vt 0.46640899777412415 0.2597090005874634
vt 0.519760012626648 0.24886399507522583
vt 0.46640899777412415 0.2597090005874634
vt 0.4853389859199524 0.2100529968738556
vt 0.5772789716720581 0.3401559889316559
vt 0.5596740245819092 0.35701099038124084
vt 0.5210859775543213 0.3438679873943329
vt 0.5772789716720581 0.3401559889316559
vt 0.5210859775543213 0.3438679873943329
vt 0.5585269927978516 0.3165940046310425
vt 0.5210859775543213 0.3438679873943329
vt 0.4829379916191101 0.3584969937801361
vt 0.4645789861679077 0.3422299921512604
vt 0.5210859775543213 0.3438679873943329
vt 0.4645789861679077 0.3422299921512604
vt 0.4826189875602722 0.3178429901599884
vt 0.5585269927978516 0.3165940046310425
vt 0.5210859775543213 0.3438679873943329
vt 0.5202770233154297 0.2947640120983124
vt 0.5585269927978516 0.3165940046310425
vt 0.5202770233154297 0.2947640120983124
vt 0.556922972202301 0.2912139892578125
vt 0.5202770233154297 0.2947640120983124
vt 0.5210859775543213 0.3438679873943329
vt 0.4826189875602722 0.3178429901599884
vt 0.5202770233154297 0.2947640120983124
vt 0.4826189875602722 0.3178429901599884
vt 0.4834330081939697 0.29224899411201477
vt 0.519760012626648 0.24886399507522583
vt 0.5639050006866455 0.2720069885253906
vt 0.556922972202301 0.2912139892578125
vt 0.519760012626648 0.24886399507522583
vt 0.556922972202301 0.2912139892578125
vt 0.5202770233154297 0.2947640120983124
vt 0.4834330081939697 0.29224899411201477
vt 0.4758859872817993 0.27307799458503723
vt 0.519760012626648 0.24886399507522583
vt 0.4834330081939697 0.29224899411201477
vt 0.519760012626648 0.24886399507522583
vt 0.5202770233154297 0.2947640120983124
vt 0.5254830121994019 0.06896699965000153
vt 0.5189279913902283 0.06789900362491608
vt 0.5189250111579895 0.0596809983253479
vt 0.5254830121994019 0.06896699965000153
vt 0.5189250111579895 0.0596809983253479
vt 0.5364189743995667 0.06207200139760971
vt 0.5189250111579895 0.0596809983253479
vt 0.5189279913902283 0.06789900362491608
vt 0.512374997138977 0.06895600259304047
vt 0.5189250111579895 0.0596809983253479
vt 0.512374997138977 0.06895600259304047
vt 0.5014520287513733 0.062043000012636185
vt 0.5312309861183167 0.07382900267839432
vt 0.5254830121994019 0.06896699965000153
vt 0.5364189743995667 0.06207200139760971
vt 0.5312309861183167 0.07382900267839432
vt 0.5364189743995667 0.06207200139760971
vt 0.542788028717041 0.06408900022506714
vt 0.5014520287513733 0.062043000012636185
vt 0.512374997138977 0.06895600259304047
vt 0.5066260099411011 0.07381100207567215
vt 0.5014520287513733 0.062043000012636185
vt 0.5066260099411011 0.07381100207567215
vt 0.4950830042362213 0.06404700130224228
vt 0.5310189723968506 0.08743099868297577
vt 0.5312309861183167 0.07382900267839432
vt 0.542788028717041 0.06408900022506714
vt 0.5310189723968506 0.08743099868297577
vt 0.542788028717041 0.06408900022506714
vt 0.5462899804115295 0.07266899943351746
vt 0.4950830042362213 0.06404700130224228
vt 0.5066260099411011 0.07381100207567215
vt 0.5068269968032837 0.08741600066423416
vt 0.4950830042362213 0.06404700130224228
vt 0.5068269968032837 0.08741600066423416
vt 0.4915649890899658 0.07262499630451202
vt 0.5556210279464722 0.12174899876117706
vt 0.5320420265197754 0.12771299481391907
vt 0.5326690077781677 0.09092000126838684
vt 0.5556210279464722 0.12174899876117706
vt 0.5326690077781677 0.09092000126838684
vt 0.5483329892158508 0.08489300310611725
vt 0.5051770210266113 0.0909079983830452
vt 0.5058280229568481 0.12772800028324127
vt 0.4821769893169403 0.12178099900484085
vt 0.5051770210266113 0.0909079983830452
vt 0.4821769893169403 0.12178099900484085
vt 0.4895069897174835 0.0848580002784729
vt 0.5310189723968506 0.08743099868297577
vt 0.5462899804115295 0.07266899943351746
vt 0.5483329892158508 0.08489300310611725
vt 0.5310189723968506 0.08743099868297577
vt 0.5483329892158508 0.08489300310611725
vt 0.5326690077781677 0.09092000126838684
vt 0.4895069897174835 0.0848580002784729
vt 0.4915649890899658 0.07262499630451202
vt 0.5068269968032837 0.08741600066423416
vt 0.4895069897174835 0.0848580002784729
vt 0.5068269968032837 0.08741600066423416
vt 0.5051770210266113 0.0909079983830452
vt 0.5381119847297668 0.15838199853897095
vt 0.5189809799194336 0.15174899995326996
vt 0.5189409852027893 0.12835800647735596
vt 0.5381119847297668 0.15838199853897095
vt 0.5189409852027893 0.12835800647735596
vt 0.5320420265197754 0.12771299481391907
vt 0.5189409852027893 0.12835800647735596
vt 0.5189809799194336 0.15174899995326996
vt 0.4998509883880615 0.15843400359153748
vt 0.5189409852027893 0.12835800647735596
vt 0.4998509883880615 0.15843400359153748
vt 0.5058280229568481 0.12772800028324127
vt 0.5326690077781677 0.09092000126838684
vt 0.5320420265197754 0.12771299481391907
vt 0.5189409852027893 0.12835800647735596
vt 0.5326690077781677 0.09092000126838684
vt 0.5189409852027893 0.12835800647735596
vt 0.5189250111579895 0.0939520001411438
vt 0.5189409852027893 0.12835800647735596
vt 0.5058280229568481 0.12772800028324127
vt 0.5051770210266113 0.0909079983830452
vt 0.5189409852027893 0.12835800647735596
vt 0.5051770210266113 0.0909079983830452
vt 0.5189250111579895 0.0939520001411438
vt 0.5189269781112671 0.08517999947071075
vt 0.5310189723968506 0.08743099868297577
vt 0.5326690077781677 0.09092000126838684
vt 0.5189269781112671 0.08517999947071075
vt 0.5326690077781677 0.09092000126838684
vt 0.5189250111579895 0.0939520001411438
vt 0.5051770210266113 0.0909079983830452
vt 0.5068269968032837 0.08741600066423416
vt 0.5189269781112671 0.08517999947071075
vt 0.5051770210266113 0.0909079983830452
vt 0.5189269781112671 0.08517999947071075
vt 0.5189250111579895 0.0939520001411438
vt 0.5483620166778564 0.1735599935054779
vt 0.5379589796066284 0.17596599459648132
vt 0.5352140069007874 0.16680799424648285
vt 0.5483620166778564 0.1735599935054779
vt 0.5352140069007874 0.16680799424648285
vt 0.5381119847297668 0.15838199853897095
vt 0.5027989745140076 0.16685700416564941
vt 0.5001000165939331 0.17603300511837006
vt 0.48968300223350525 0.1736930012702942
vt 0.5027989745140076 0.16685700416564941
vt 0.48968300223350525 0.1736930012702942
vt 0.4998509883880615 0.15843400359153748
vt 0.544281005859375 0.19336600601673126
vt 0.5372480154037476 0.1875769942998886
vt 0.5379589796066284 0.17596599459648132
vt 0.544281005859375 0.19336600601673126
vt 0.5379589796066284 0.17596599459648132
vt 0.5483620166778564 0.1735599935054779
vt 0.5001000165939331 0.17603300511837006
vt 0.5008900165557861 0.18757100403308868
vt 0.4939959943294525 0.19342799484729767
vt 0.5001000165939331 0.17603300511837006
vt 0.4939959943294525 0.19342799484729767
vt 0.48968300223350525 0.1736930012702942
vt 0.5198410153388977 0.20084300637245178
vt 0.5287569761276245 0.19178499281406403
vt 0.5372480154037476 0.1875769942998886
vt 0.5198410153388977 0.20084300637245178
vt 0.5372480154037476 0.1875769942998886
vt 0.544281005859375 0.19336600601673126
vt 0.5008900165557861 0.18757100403308868
vt 0.5092189908027649 0.19162599742412567
vt 0.5198410153388977 0.20084300637245178
vt 0.5008900165557861 0.18757100403308868
vt 0.5198410153388977 0.20084300637245178
vt 0.4939959943294525 0.19342799484729767
vt 0.5175769925117493 0.1906069964170456
vt 0.5191320180892944 0.18538199365139008
vt 0.5287569761276245 0.19178499281406403
vt 0.5175769925117493 0.1906069964170456
vt 0.5287569761276245 0.19178499281406403
vt 0.5198410153388977 0.20084300637245178
vt 0.5092189908027649 0.19162599742412567
vt 0.5191320180892944 0.18538199365139008
vt 0.5175769925117493 0.1906069964170456
vt 0.5092189908027649 0.19162599742412567
vt 0.5175769925117493 0.1906069964170456
vt 0.5198410153388977 0.20084300637245178
vt 0.5189809799194336 0.15174899995326996
vt 0.5381119847297668 0.15838199853897095
vt 0.5352140069007874 0.16680799424648285
vt 0.5189809799194336 0.15174899995326996
vt 0.5352140069007874 0.16680799424648285
vt 0.5189980268478394 0.15902799367904663
vt 0.5027989745140076 0.16685700416564941
vt 0.4998509883880615 0.15843400359153748
vt 0.5189809799194336 0.15174899995326996
vt 0.5027989745140076 0.16685700416564941
vt 0.5189809799194336 0.15174899995326996
vt 0.5189980268478394 0.15902799367904663
vt 0.5189980268478394 0.15902799367904663
vt 0.5352140069007874 0.16680799424648285
vt 0.5311310291290283 0.17163099348545074
vt 0.5189980268478394 0.15902799367904663
vt 0.5311310291290283 0.17163099348545074
vt 0.5190160274505615 0.1655990034341812
vt 0.5069100260734558 0.17166699469089508
vt 0.5027989745140076 0.16685700416564941
vt 0.5189980268478394 0.15902799367904663
vt 0.5069100260734558 0.17166699469089508
vt 0.5189980268478394 0.15902799367904663
vt 0.5190160274505615 0.1655990034341812
vt 0.5191320180892944 0.18538199365139008
vt 0.5190989971160889 0.17945699393749237
vt 0.5282220244407654 0.18631599843502045
vt 0.5191320180892944 0.18538199365139008
vt 0.5282220244407654 0.18631599843502045
vt 0.5287569761276245 0.19178499281406403
vt 0.5097870230674744 0.18625999987125397
vt 0.5190989971160889 0.17945699393749237
vt 0.5191320180892944 0.18538199365139008
vt 0.5097870230674744 0.18625999987125397
vt 0.5191320180892944 0.18538199365139008
vt 0.5092189908027649 0.19162599742412567
vt 0.5287569761276245 0.19178499281406403
vt 0.5282220244407654 0.18631599843502045
vt 0.5335279703140259 0.1842149943113327
vt 0.5287569761276245 0.19178499281406403
vt 0.5335279703140259 0.1842149943113327
vt 0.5372480154037476 0.1875769942998886
vt 0.5045469999313354 0.18420599400997162
vt 0.5097870230674744 0.18625999987125397
vt 0.5092189908027649 0.19162599742412567
vt 0.5045469999313354 0.18420599400997162
vt 0.5092189908027649 0.19162599742412567
vt 0.5008900165557861 0.18757100403308868
vt 0.5372480154037476 0.1875769942998886
vt 0.5335279703140259 0.1842149943113327
vt 0.5334489941596985 0.17673900723457336
vt 0.5372480154037476 0.1875769942998886
vt 0.5334489941596985 0.17673900723457336
vt 0.5379589796066284 0.17596599459648132
vt 0.5046039819717407 0.1767909973859787
vt 0.5045469999313354 0.18420599400997162
vt 0.5008900165557861 0.18757100403308868
vt 0.5046039819717407 0.1767909973859787
vt 0.5008900165557861 0.18757100403308868
vt 0.5001000165939331 0.17603300511837006
vt 0.5379589796066284 0.17596599459648132
vt 0.5334489941596985 0.17673900723457336
vt 0.5311310291290283 0.17163099348545074
vt 0.5379589796066284 0.17596599459648132
vt 0.5311310291290283 0.17163099348545074
vt 0.5352140069007874 0.16680799424648285
vt 0.5069100260734558 0.17166699469089508
vt 0.5046039819717407 0.1767909973859787
vt 0.5001000165939331 0.17603300511837006
vt 0.5069100260734558 0.17166699469089508
vt 0.5001000165939331 0.17603300511837006
vt 0.5027989745140076 0.16685700416564941
vt 0.5190989971160889 0.17945699393749237
vt 0.5334489941596985 0.17673900723457336
vt 0.5335279703140259 0.1842149943113327
vt 0.5190989971160889 0.17945699393749237
vt 0.5335279703140259 0.1842149943113327
vt 0.5282220244407654 0.18631599843502045
vt 0.5045469999313354 0.18420599400997162
vt 0.5046039819717407 0.1767909973859787
vt 0.5190989971160889 0.17945699393749237
vt 0.5045469999313354 0.18420599400997162
vt 0.5190989971160889 0.17945699393749237
vt 0.5097870230674744 0.18625999987125397
vt 0.5190989971160889 0.17945699393749237
vt 0.5190160274505615 0.1655990034341812
vt 0.5311310291290283 0.17163099348545074
vt 0.5190989971160889 0.17945699393749237
vt 0.5311310291290283 0.17163099348545074
vt 0.5334489941596985 0.17673900723457336
vt 0.5069100260734558 0.17166699469089508
vt 0.5190160274505615 0.1655990034341812
vt 0.5190989971160889 0.17945699393749237
vt 0.5069100260734558 0.17166699469089508
vt 0.5190989971160889 0.17945699393749237
vt 0.5046039819717407 0.1767909973859787
vt 0.5198410153388977 0.20084300637245178
vt 0.544281005859375 0.19336600601673126
vt 0.5531179904937744 0.20959900319576263
vt 0.5198410153388977 0.20084300637245178
vt 0.5531179904937744 0.20959900319576263
vt 0.519760012626648 0.24886399507522583
vt 0.4853389859199524 0.2100529968738556
vt 0.4939959943294525 0.19342799484729767
vt 0.5198410153388977 0.20084300637245178
vt 0.4853389859199524 0.2100529968738556
vt 0.5198410153388977 0.20084300637245178
vt 0.519760012626648 0.24886399507522583
vt 0.544281005859375 0.19336600601673126
vt 0.5483620166778564 0.1735599935054779
vt 0.5615720152854919 0.16777899861335754
vt 0.544281005859375 0.19336600601673126
vt 0.5615720152854919 0.16777899861335754
vt 0.5531179904937744 0.20959900319576263
vt 0.47636300325393677 0.16799600422382355
vt 0.48968300223350525 0.1736930012702942
vt 0.4939959943294525 0.19342799484729767
vt 0.47636300325393677 0.16799600422382355
vt 0.4939959943294525 0.19342799484729767
vt 0.4853389859199524 0.2100529968738556
vt 0.5483620166778564 0.1735599935054779
vt 0.5381119847297668 0.15838199853897095
vt 0.5594750046730042 0.14931899309158325
vt 0.5483620166778564 0.1735599935054779
vt 0.5594750046730042 0.14931899309158325
vt 0.5615720152854919 0.16777899861335754
vt 0.4783709943294525 0.1494469940662384
vt 0.4998509883880615 0.15843400359153748
vt 0.48968300223350525 0.1736930012702942
vt 0.4783709943294525 0.1494469940662384
vt 0.48968300223350525 0.1736930012702942
vt 0.47636300325393677 0.16799600422382355
vt 0.5381119847297668 0.15838199853897095
vt 0.5320420265197754 0.12771299481391907
vt 0.5556210279464722 0.12174899876117706
vt 0.5381119847297668 0.15838199853897095
vt 0.5556210279464722 0.12174899876117706
vt 0.5594750046730042 0.14931899309158325
vt 0.4821769893169403 0.12178099900484085
vt 0.5058280229568481 0.12772800028324127
vt 0.4998509883880615 0.15843400359153748
vt 0.4821769893169403 0.12178099900484085
vt 0.4998509883880615 0.15843400359153748
vt 0.4783709943294525 0.1494469940662384
vt 0.5831350088119507 0.10849499702453613
vt 0.5961380004882812 0.1334259957075119
vt 0.5594750046730042 0.14931899309158325
vt 0.5831350088119507 0.10849499702453613
vt 0.5594750046730042 0.14931899309158325
vt 0.5556210279464722 0.12174899876117706
vt 0.4783709943294525 0.1494469940662384
vt 0.44139501452445984 0.13359199464321136
vt 0.45452699065208435 0.10848099738359451
vt 0.4783709943294525 0.1494469940662384
vt 0.45452699065208435 0.10848099738359451
vt 0.4821769893169403 0.12178099900484085
vt 0.5961380004882812 0.1334259957075119
vt 0.6011689901351929 0.14788499474525452
vt 0.5615720152854919 0.16777899861335754
vt 0.5961380004882812 0.1334259957075119
vt 0.5615720152854919 0.16777899861335754
vt 0.5594750046730042 0.14931899309158325
vt 0.47636300325393677 0.16799600422382355
vt 0.4363369941711426 0.14819400012493134
vt 0.44139501452445984 0.13359199464321136
vt 0.47636300325393677 0.16799600422382355
vt 0.44139501452445984 0.13359199464321136
vt 0.4783709943294525 0.1494469940662384
vt 0.6055120229721069 0.165133997797966
vt 0.5531179904937744 0.20959900319576263
vt 0.5615720152854919 0.16777899861335754
vt 0.6055120229721069 0.165133997797966
vt 0.5615720152854919 0.16777899861335754
vt 0.6011689901351929 0.14788499474525452
vt 0.47636300325393677 0.16799600422382355
vt 0.4853389859199524 0.2100529968738556
vt 0.4320240020751953 0.16564400494098663
vt 0.47636300325393677 0.16799600422382355
vt 0.4320240020751953 0.16564400494098663
vt 0.4363369941711426 0.14819400012493134
vt 0.5310189723968506 0.08743099868297577
vt 0.5189269781112671 0.08517999947071075
vt 0.5189250111579895 0.08386500179767609
vt 0.5310189723968506 0.08743099868297577
vt 0.5189250111579895 0.08386500179767609
vt 0.5289329886436462 0.08495700359344482
vt 0.5189250111579895 0.08386500179767609
vt 0.5189269781112671 0.08517999947071075
vt 0.5068269968032837 0.08741600066423416
vt 0.5189250111579895 0.08386500179767609
vt 0.5068269968032837 0.08741600066423416
vt 0.5089150071144104 0.08494500070810318
vt 0.5312309861183167 0.07382900267839432
vt 0.5310189723968506 0.08743099868297577
vt 0.5289329886436462 0.08495700359344482
vt 0.5312309861183167 0.07382900267839432
vt 0.5289329886436462 0.08495700359344482
vt 0.5290359854698181 0.07542899996042252
vt 0.5089150071144104 0.08494500070810318
vt 0.5068269968032837 0.08741600066423416
vt 0.5066260099411011 0.07381100207567215
vt 0.5089150071144104 0.08494500070810318
vt 0.5066260099411011 0.07381100207567215
vt 0.5088199973106384 0.0754150003194809
vt 0.5254830121994019 0.06896699965000153
vt 0.5312309861183167 0.07382900267839432
vt 0.5290359854698181 0.07542899996042252
vt 0.5254830121994019 0.06896699965000153
vt 0.5290359854698181 0.07542899996042252
vt 0.5237510204315186 0.07050800323486328
vt 0.5088199973106384 0.0754150003194809
vt 0.5066260099411011 0.07381100207567215
vt 0.512374997138977 0.06895600259304047
vt 0.5088199973106384 0.0754150003194809
vt 0.512374997138977 0.06895600259304047
vt 0.5141059756278992 0.07050099968910217
vt 0.5189279913902283 0.06789900362491608
vt 0.5254830121994019 0.06896699965000153
vt 0.5237510204315186 0.07050800323486328
vt 0.5189279913902283 0.06789900362491608
vt 0.5237510204315186 0.07050800323486328
vt 0.5189290046691895 0.06946799904108047
vt 0.5141059756278992 0.07050099968910217
vt 0.512374997138977 0.06895600259304047
vt 0.5189279913902283 0.06789900362491608
vt 0.5141059756278992 0.07050099968910217
vt 0.5189279913902283 0.06789900362491608
vt 0.5189290046691895 0.06946799904108047
vt 0.5189290046691895 0.06946799904108047
vt 0.5237510204315186 0.07050800323486328
vt 0.52156001329422 0.07496999949216843
vt 0.5189290046691895 0.06946799904108047
vt 0.52156001329422 0.07496999949216843
vt 0.5189279913902283 0.07425899803638458
vt 0.5162969827651978 0.07496599853038788
vt 0.5141059756278992 0.07050099968910217
vt 0.5189290046691895 0.06946799904108047
vt 0.5162969827651978 0.07496599853038788
vt 0.5189290046691895 0.06946799904108047
vt 0.5189279913902283 0.07425899803638458
vt 0.5237510204315186 0.07050800323486328
vt 0.5290359854698181 0.07542899996042252
vt 0.5242360234260559 0.07669100165367126
vt 0.5237510204315186 0.07050800323486328
vt 0.5242360234260559 0.07669100165367126
vt 0.52156001329422 0.07496999949216843
vt 0.5136190056800842 0.07668399810791016
vt 0.5088199973106384 0.0754150003194809
vt 0.5141059756278992 0.07050099968910217
vt 0.5136190056800842 0.07668399810791016
vt 0.5141059756278992 0.07050099968910217
vt 0.5162969827651978 0.07496599853038788
vt 0.5290359854698181 0.07542899996042252
vt 0.5289329886436462 0.08495700359344482
vt 0.5246009826660156 0.07988599687814713
vt 0.5290359854698181 0.07542899996042252
vt 0.5246009826660156 0.07988599687814713
vt 0.5242360234260559 0.07669100165367126
vt 0.5132520198822021 0.07987900078296661
vt 0.5089150071144104 0.08494500070810318
vt 0.5088199973106384 0.0754150003194809
vt 0.5132520198822021 0.07987900078296661
vt 0.5088199973106384 0.0754150003194809
vt 0.5136190056800842 0.07668399810791016
vt 0.5289329886436462 0.08495700359344482
vt 0.5189250111579895 0.08386500179767609
vt 0.5189260244369507 0.07933100312948227
vt 0.5289329886436462 0.08495700359344482
vt 0.5189260244369507 0.07933100312948227
vt 0.5246009826660156 0.07988599687814713
vt 0.5189260244369507 0.07933100312948227
vt 0.5189250111579895 0.08386500179767609
vt 0.5089150071144104 0.08494500070810318
vt 0.5189260244369507 0.07933100312948227
vt 0.5089150071144104 0.08494500070810318
vt 0.5132520198822021 0.07987900078296661
vt 0.5189260244369507 0.07933100312948227
vt 0.5189279913902283 0.07425899803638458
vt 0.52156001329422 0.07496999949216843
vt 0.5189260244369507 0.07933100312948227
vt 0.52156001329422 0.07496999949216843
vt 0.5246009826660156 0.07988599687814713
vt 0.5162969827651978 0.07496599853038788
vt 0.5189279913902283 0.07425899803638458
vt 0.5189260244369507 0.07933100312948227
vt 0.5162969827651978 0.07496599853038788
vt 0.5189260244369507 0.07933100312948227
vt 0.5132520198822021 0.07987900078296661
vt 0.5246009826660156 0.07988599687814713
vt 0.52156001329422 0.07496999949216843
vt 0.5242360234260559 0.07669100165367126
vt 0.5136190056800842 0.07668399810791016
vt 0.5162969827651978 0.07496599853038788
vt 0.5132520198822021 0.07987900078296661
vt 0.556922972202301 0.2912139892578125
vt 0.5639050006866455 0.2720069885253906
vt 0.5717869997024536 0.27729499340057373
vt 0.556922972202301 0.2912139892578125
vt 0.5717869997024536 0.27729499340057373
vt 0.5683509707450867 0.29290398955345154
vt 0.46807000041007996 0.2786169946193695
vt 0.4758859872817993 0.27307799458503723
vt 0.4834330081939697 0.29224899411201477
vt 0.46807000041007996 0.2786169946193695
vt 0.4834330081939697 0.29224899411201477
vt 0.47197800874710083 0.2942819893360138
vt 0.5585269927978516 0.3165940046310425
vt 0.556922972202301 0.2912139892578125
vt 0.5683509707450867 0.29290398955345154
vt 0.5585269927978516 0.3165940046310425
vt 0.5683509707450867 0.29290398955345154
vt 0.5730850100517273 0.31138598918914795
vt 0.47197800874710083 0.2942819893360138
vt 0.4834330081939697 0.29224899411201477
vt 0.4826189875602722 0.3178429901599884
vt 0.47197800874710083 0.2942819893360138
vt 0.4826189875602722 0.3178429901599884
vt 0.46779000759124756 0.3130809962749481
vt 0.5772789716720581 0.3401559889316559
vt 0.5585269927978516 0.3165940046310425
vt 0.5730850100517273 0.31138598918914795
vt 0.5772789716720581 0.3401559889316559
vt 0.5730850100517273 0.31138598918914795
vt 0.5848550200462341 0.32770800590515137
vt 0.46779000759124756 0.3130809962749481
vt 0.4826189875602722 0.3178429901599884
vt 0.4645789861679077 0.3422299921512604
vt 0.46779000759124756 0.3130809962749481
vt 0.4645789861679077 0.3422299921512604
vt 0.45647698640823364 0.32996100187301636
vt 0.5639050006866455 0.2720069885253906
vt 0.57294100522995 0.2585639953613281
vt 0.5807340145111084 0.266620010137558
vt 0.5639050006866455 0.2720069885253906
vt 0.5807340145111084 0.266620010137558
vt 0.5717869997024536 0.27729499340057373
vt 0.45873698592185974 0.2680490016937256
vt 0.46640899777412415 0.2597090005874634
vt 0.4758859872817993 0.27307799458503723
vt 0.45873698592185974 0.2680490016937256
vt 0.4758859872817993 0.27307799458503723
vt 0.46807000041007996 0.2786169946193695
vt 0.57294100522995 0.2585639953613281
vt 0.6139919757843018 0.2426619976758957
vt 0.6117200255393982 0.2557249963283539
vt 0.57294100522995 0.2585639953613281
vt 0.6117200255393982 0.2557249963283539
vt 0.5807340145111084 0.266620010137558
vt 0.4270620048046112 0.2577280104160309
vt 0.42446398735046387 0.24447299540042877
vt 0.46640899777412415 0.2597090005874634
vt 0.4270620048046112 0.2577280104160309
vt 0.46640899777412415 0.2597090005874634
vt 0.45873698592185974 0.2680490016937256
vt 0.6139919757843018 0.2426619976758957
vt 0.6392359733581543 0.25304698944091797
vt 0.6324939727783203 0.2628529965877533
vt 0.6139919757843018 0.2426619976758957
vt 0.6324939727783203 0.2628529965877533
vt 0.6117200255393982 0.2557249963283539
vt 0.40606799721717834 0.2655079960823059
vt 0.39893800020217896 0.25563299655914307
vt 0.42446398735046387 0.24447299540042877
vt 0.40606799721717834 0.2655079960823059
vt 0.42446398735046387 0.24447299540042877
vt 0.4270620048046112 0.2577280104160309
vt 0.6392359733581543 0.25304698944091797
vt 0.6641010046005249 0.2778719961643219
vt 0.6536579728126526 0.27997100353240967
vt 0.6392359733581543 0.25304698944091797
vt 0.6536579728126526 0.27997100353240967
vt 0.6324939727783203 0.2628529965877533
vt 0.38490399718284607 0.2836340069770813
vt 0.374099999666214 0.2817780077457428
vt 0.39893800020217896 0.25563299655914307
vt 0.38490399718284607 0.2836340069770813
vt 0.39893800020217896 0.25563299655914307
vt 0.40606799721717834 0.2655079960823059
vt 0.6641010046005249 0.2778719961643219
vt 0.6684399843215942 0.29795798659324646
vt 0.656063973903656 0.2976360023021698
vt 0.6641010046005249 0.2778719961643219
vt 0.656063973903656 0.2976360023021698
vt 0.6536579728126526 0.27997100353240967
vt 0.3830150067806244 0.30186399817466736
vt 0.3703039884567261 0.3026440143585205
vt 0.374099999666214 0.2817780077457428
vt 0.3830150067806244 0.30186399817466736
vt 0.374099999666214 0.2817780077457428
vt 0.38490399718284607 0.2836340069770813
vt 0.6684399843215942 0.29795798659324646
vt 0.6624060273170471 0.3128040134906769
vt 0.6527519822120667 0.3101859986782074
vt 0.6684399843215942 0.29795798659324646
vt 0.6527519822120667 0.3101859986782074
vt 0.656063973903656 0.2976360023021698
vt 0.3868579864501953 0.31461501121520996
vt 0.37706100940704346 0.31768500804901123
vt 0.3703039884567261 0.3026440143585205
vt 0.3868579864501953 0.31461501121520996
vt 0.3703039884567261 0.3026440143585205
vt 0.3830150067806244 0.30186399817466736
vt 0.6624060273170471 0.3128040134906769
vt 0.6344720125198364 0.3323110044002533
vt 0.629040002822876 0.32386401295661926
vt 0.6624060273170471 0.3128040134906769
vt 0.629040002822876 0.32386401295661926
vt 0.6527519822120667 0.3101859986782074
vt 0.4115560054779053 0.3276729881763458
vt 0.40636199712753296 0.3364799916744232
vt 0.37706100940704346 0.31768500804901123
vt 0.4115560054779053 0.3276729881763458
vt 0.37706100940704346 0.31768500804901123
vt 0.3868579864501953 0.31461501121520996
vt 0.6344720125198364 0.3323110044002533
vt 0.6155459880828857 0.34200501441955566
vt 0.614408016204834 0.33197200298309326
vt 0.6344720125198364 0.3323110044002533
vt 0.614408016204834 0.33197200298309326
vt 0.629040002822876 0.32386401295661926
vt 0.4267269968986511 0.3353610038757324
vt 0.42597201466560364 0.3455820083618164
vt 0.40636199712753296 0.3364799916744232
vt 0.4267269968986511 0.3353610038757324
vt 0.40636199712753296 0.3364799916744232
vt 0.4115560054779053 0.3276729881763458
vt 0.6155459880828857 0.34200501441955566
vt 0.5998449921607971 0.3448149859905243
vt 0.6010329723358154 0.333624005317688
vt 0.6155459880828857 0.34200501441955566
vt 0.6010329723358154 0.333624005317688
vt 0.614408016204834 0.33197200298309326
vt 0.4403440058231354 0.3365370035171509
vt 0.44197699427604675 0.34781500697135925
vt 0.42597201466560364 0.3455820083618164
vt 0.4403440058231354 0.3365370035171509
vt 0.42597201466560364 0.3455820083618164
vt 0.4267269968986511 0.3353610038757324
vt 0.5998449921607971 0.3448149859905243
vt 0.5772789716720581 0.3401559889316559
vt 0.5848550200462341 0.32770800590515137
vt 0.5998449921607971 0.3448149859905243
vt 0.5848550200462341 0.32770800590515137
vt 0.6010329723358154 0.333624005317688
vt 0.45647698640823364 0.32996100187301636
vt 0.4645789861679077 0.3422299921512604
vt 0.44197699427604675 0.34781500697135925
vt 0.45647698640823364 0.32996100187301636
vt 0.44197699427604675 0.34781500697135925
vt 0.4403440058231354 0.3365370035171509
vt 0.6010329723358154 0.333624005317688
vt 0.5848550200462341 0.32770800590515137
vt 0.5906440019607544 0.3215160071849823
vt 0.6010329723358154 0.333624005317688
vt 0.5906440019607544 0.3215160071849823
vt 0.6017990112304688 0.328453004360199
vt 0.450408011674881 0.32391899824142456
vt 0.45647698640823364 0.32996100187301636
vt 0.4403440058231354 0.3365370035171509
vt 0.450408011674881 0.32391899824142456
vt 0.4403440058231354 0.3365370035171509
vt 0.4393720030784607 0.3313310146331787
vt 0.614408016204834 0.33197200298309326
vt 0.6010329723358154 0.333624005317688
vt 0.6017990112304688 0.328453004360199
vt 0.614408016204834 0.33197200298309326
vt 0.6017990112304688 0.328453004360199
vt 0.6133350133895874 0.3270829916000366
vt 0.4393720030784607 0.3313310146331787
vt 0.4403440058231354 0.3365370035171509
vt 0.4267269968986511 0.3353610038757324
vt 0.4393720030784607 0.3313310146331787
vt 0.4267269968986511 0.3353610038757324
vt 0.4276230037212372 0.33035799860954285
vt 0.629040002822876 0.32386401295661926
vt 0.614408016204834 0.33197200298309326
vt 0.6133350133895874 0.3270829916000366
vt 0.629040002822876 0.32386401295661926
vt 0.6133350133895874 0.3270829916000366
vt 0.6268510222434998 0.3205130100250244
vt 0.4276230037212372 0.33035799860954285
vt 0.4267269968986511 0.3353610038757324
vt 0.4115560054779053 0.3276729881763458
vt 0.4276230037212372 0.33035799860954285
vt 0.4115560054779053 0.3276729881763458
vt 0.41364800930023193 0.32417500019073486
vt 0.6527519822120667 0.3101859986782074
vt 0.629040002822876 0.32386401295661926
vt 0.6268510222434998 0.3205130100250244
vt 0.6527519822120667 0.3101859986782074
vt 0.6268510222434998 0.3205130100250244
vt 0.6462479829788208 0.3064210116863251
vt 0.41364800930023193 0.32417500019073486
vt 0.4115560054779053 0.3276729881763458
vt 0.3868579864501953 0.31461501121520996
vt 0.41364800930023193 0.32417500019073486
vt 0.3868579864501953 0.31461501121520996
vt 0.3933809995651245 0.3105100095272064
vt 0.656063973903656 0.2976360023021698
vt 0.6527519822120667 0.3101859986782074
vt 0.6462479829788208 0.3064210116863251
vt 0.656063973903656 0.2976360023021698
vt 0.6462479829788208 0.3064210116863251
vt 0.6495410203933716 0.29622501134872437
vt 0.3933809995651245 0.3105100095272064
vt 0.3868579864501953 0.31461501121520996
vt 0.3830150067806244 0.30186399817466736
vt 0.3933809995651245 0.3105100095272064
vt 0.3830150067806244 0.30186399817466736
vt 0.3896619975566864 0.3001829981803894
vt 0.6536579728126526 0.27997100353240967
vt 0.656063973903656 0.2976360023021698
vt 0.6495410203933716 0.29622501134872437
vt 0.6536579728126526 0.27997100353240967
vt 0.6495410203933716 0.29622501134872437
vt 0.6477850079536438 0.283486008644104
vt 0.3896619975566864 0.3001829981803894
vt 0.3830150067806244 0.30186399817466736
vt 0.38490399718284607 0.2836340069770813
vt 0.3896619975566864 0.3001829981803894
vt 0.38490399718284607 0.2836340069770813
vt 0.39103999733924866 0.28707098960876465
vt 0.6324939727783203 0.2628529965877533
vt 0.6536579728126526 0.27997100353240967
vt 0.6477850079536438 0.283486008644104
vt 0.6324939727783203 0.2628529965877533
vt 0.6477850079536438 0.283486008644104
vt 0.6298289895057678 0.2672629952430725
vt 0.39103999733924866 0.28707098960876465
vt 0.38490399718284607 0.2836340069770813
vt 0.40606799721717834 0.2655079960823059
vt 0.39103999733924866 0.28707098960876465
vt 0.40606799721717834 0.2655079960823059
vt 0.40889298915863037 0.2699590027332306
vt 0.6117200255393982 0.2557249963283539
vt 0.6324939727783203 0.2628529965877533
vt 0.6298289895057678 0.2672629952430725
vt 0.6117200255393982 0.2557249963283539
vt 0.6298289895057678 0.2672629952430725
vt 0.6126409769058228 0.26155999302864075
vt 0.40889298915863037 0.2699590027332306
vt 0.40606799721717834 0.2655079960823059
vt 0.4270620048046112 0.2577280104160309
vt 0.40889298915863037 0.2699590027332306
vt 0.4270620048046112 0.2577280104160309
vt 0.426254004240036 0.2636930048465729
vt 0.5807340145111084 0.266620010137558
vt 0.6117200255393982 0.2557249963283539
vt 0.6126409769058228 0.26155999302864075
vt 0.5807340145111084 0.266620010137558
vt 0.6126409769058228 0.26155999302864075
vt 0.5851659774780273 0.2709909975528717
vt 0.426254004240036 0.2636930048465729
vt 0.4270620048046112 0.2577280104160309
vt 0.45873698592185974 0.2680490016937256
vt 0.426254004240036 0.2636930048465729
vt 0.45873698592185974 0.2680490016937256
vt 0.4543690085411072 0.2725830078125
vt 0.5717869997024536 0.27729499340057373
vt 0.5807340145111084 0.266620010137558
vt 0.5851659774780273 0.2709909975528717
vt 0.5717869997024536 0.27729499340057373
vt 0.5851659774780273 0.2709909975528717
vt 0.5781239867210388 0.28189998865127563
vt 0.4543690085411072 0.2725830078125
vt 0.45873698592185974 0.2680490016937256
vt 0.46807000041007996 0.2786169946193695
vt 0.4543690085411072 0.2725830078125
vt 0.46807000041007996 0.2786169946193695
vt 0.4617980122566223 0.2834410071372986
vt 0.5848550200462341 0.32770800590515137
vt 0.5730850100517273 0.31138598918914795
vt 0.5795480012893677 0.3093400001525879
vt 0.5848550200462341 0.32770800590515137
vt 0.5795480012893677 0.3093400001525879
vt 0.5906440019607544 0.3215160071849823
vt 0.46120399236679077 0.3112330138683319
vt 0.46779000759124756 0.3130809962749481
vt 0.45647698640823364 0.32996100187301636
vt 0.46120399236679077 0.3112330138683319
vt 0.45647698640823364 0.32996100187301636
vt 0.450408011674881 0.32391899824142456
vt 0.5730850100517273 0.31138598918914795
vt 0.5683509707450867 0.29290398955345154
vt 0.5775240063667297 0.2937760055065155
vt 0.5730850100517273 0.31138598918914795
vt 0.5775240063667297 0.2937760055065155
vt 0.5795480012893677 0.3093400001525879
vt 0.4627540111541748 0.2954320013523102
vt 0.47197800874710083 0.2942819893360138
vt 0.46779000759124756 0.3130809962749481
vt 0.4627540111541748 0.2954320013523102
vt 0.46779000759124756 0.3130809962749481
vt 0.46120399236679077 0.3112330138683319
vt 0.5683509707450867 0.29290398955345154
vt 0.5717869997024536 0.27729499340057373
vt 0.5781239867210388 0.28189998865127563
vt 0.5683509707450867 0.29290398955345154
vt 0.5781239867210388 0.28189998865127563
vt 0.5775240063667297 0.2937760055065155
vt 0.4617980122566223 0.2834410071372986
vt 0.46807000041007996 0.2786169946193695
vt 0.47197800874710083 0.2942819893360138
vt 0.4617980122566223 0.2834410071372986
vt 0.47197800874710083 0.2942819893360138
vt 0.4627540111541748 0.2954320013523102
vt 0.5219230055809021 0.38600900769233704
vt 0.5530949831008911 0.39051198959350586
vt 0.5532090067863464 0.43306300044059753
vt 0.5219230055809021 0.38600900769233704
vt 0.5532090067863464 0.43306300044059753
vt 0.5230309963226318 0.43362799286842346
vt 0.492808997631073 0.43453800678253174
vt 0.49093401432037354 0.39186200499534607
vt 0.5219230055809021 0.38600900769233704
vt 0.492808997631073 0.43453800678253174
vt 0.5219230055809021 0.38600900769233704
vt 0.5230309963226318 0.43362799286842346
vt 0.5530949831008911 0.39051198959350586
vt 0.6048259735107422 0.39780399203300476
vt 0.6098189949989319 0.43151599168777466
vt 0.5530949831008911 0.39051198959350586
vt 0.6098189949989319 0.43151599168777466
vt 0.5532090067863464 0.43306300044059753
vt 0.4358600080013275 0.43573999404907227
vt 0.43925198912620544 0.40154001116752625
vt 0.49093401432037354 0.39186200499534607
vt 0.4358600080013275 0.43573999404907227
vt 0.49093401432037354 0.39186200499534607
vt 0.492808997631073 0.43453800678253174
vt 0.6048259735107422 0.39780399203300476
vt 0.6268420219421387 0.39579200744628906
vt 0.648173987865448 0.41931599378585815
vt 0.6048259735107422 0.39780399203300476
vt 0.648173987865448 0.41931599378585815
vt 0.6098189949989319 0.43151599168777466
vt 0.3965179920196533 0.4254159927368164
vt 0.41691499948501587 0.40055200457572937
vt 0.43925198912620544 0.40154001116752625
vt 0.3965179920196533 0.4254159927368164
vt 0.43925198912620544 0.40154001116752625
vt 0.4358600080013275 0.43573999404907227
vt 0.6268420219421387 0.39579200744628906
vt 0.6628170013427734 0.3725210130214691
vt 0.6921060085296631 0.38827401399612427
vt 0.6268420219421387 0.39579200744628906
vt 0.6921060085296631 0.38827401399612427
vt 0.648173987865448 0.41931599378585815
vt 0.35029199719429016 0.39622899889945984
vt 0.3792969882488251 0.37868601083755493
vt 0.41691499948501587 0.40055200457572937
vt 0.35029199719429016 0.39622899889945984
vt 0.41691499948501587 0.40055200457572937
vt 0.3965179920196533 0.4254159927368164
vt 0.6628170013427734 0.3725210130214691
vt 0.6974459886550903 0.33267301321029663
vt 0.7263320088386536 0.3417539894580841
vt 0.6628170013427734 0.3725210130214691
vt 0.7263320088386536 0.3417539894580841
vt 0.6921060085296631 0.38827401399612427
vt 0.3127560019493103 0.35058799386024475
vt 0.3419640064239502 0.3396669924259186
vt 0.3792969882488251 0.37868601083755493
vt 0.3127560019493103 0.35058799386024475
vt 0.3792969882488251 0.37868601083755493
vt 0.35029199719429016 0.39622899889945984
vt 0.6974459886550903 0.33267301321029663
vt 0.7072539925575256 0.3100540041923523
vt 0.7358790040016174 0.3121120035648346
vt 0.6974459886550903 0.33267301321029663
vt 0.7358790040016174 0.3121120035648346
vt 0.7263320088386536 0.3417539894580841
vt 0.3010669946670532 0.320592999458313
vt 0.330720990896225 0.31685298681259155
vt 0.3419640064239502 0.3396669924259186
vt 0.3010669946670532 0.320592999458313
vt 0.3419640064239502 0.3396669924259186
vt 0.3127560019493103 0.35058799386024475
vt 0.7072539925575256 0.3100540041923523
vt 0.7153419852256775 0.265392005443573
vt 0.7299000024795532 0.2563929855823517
vt 0.7072539925575256 0.3100540041923523
vt 0.7299000024795532 0.2563929855823517
vt 0.7358790040016174 0.3121120035648346
vt 0.3048759996891022 0.26108700037002563
vt 0.3204520046710968 0.27030301094055176
vt 0.330720990896225 0.31685298681259155
vt 0.3048759996891022 0.26108700037002563
vt 0.330720990896225 0.31685298681259155
vt 0.3010669946670532 0.320592999458313
vt 0.7153419852256775 0.265392005443573
vt 0.6763790249824524 0.233241006731987
vt 0.6981719732284546 0.21690599620342255
vt 0.7153419852256775 0.265392005443573
vt 0.6981719732284546 0.21690599620342255
vt 0.7299000024795532 0.2563929855823517
vt 0.3374139964580536 0.21917900443077087
vt 0.3603079915046692 0.23589900135993958
vt 0.3204520046710968 0.27030301094055176
vt 0.3374139964580536 0.21917900443077087
vt 0.3204520046710968 0.27030301094055176
vt 0.3048759996891022 0.26108700037002563
vt 0.6763790249824524 0.233241006731987
vt 0.6473950147628784 0.20050199329853058
vt 0.6631029844284058 0.19067099690437317
vt 0.6763790249824524 0.233241006731987
vt 0.6631029844284058 0.19067099690437317
vt 0.6981719732284546 0.21690599620342255
vt 0.37347400188446045 0.1918720006942749
vt 0.3896769881248474 0.2018900066614151
vt 0.3603079915046692 0.23589900135993958
vt 0.37347400188446045 0.1918720006942749
vt 0.3603079915046692 0.23589900135993958
vt 0.3374139964580536 0.21917900443077087
vt 0.626908004283905 0.015607999637722969
vt 0.6494439840316772 0.022377999499440193
vt 0.6604509949684143 0.07608400285243988
vt 0.626908004283905 0.015607999637722969
vt 0.6604509949684143 0.07608400285243988
vt 0.6214399933815002 0.04808900132775307
vt 0.37679600715637207 0.07529599964618683
vt 0.38882699608802795 0.02158600091934204
vt 0.41131800413131714 0.015131000429391861
vt 0.37679600715637207 0.07529599964618683
vt 0.41131800413131714 0.015131000429391861
vt 0.41641899943351746 0.047630999237298965
vt 0.5674600005149841 0.00014400000509340316
vt 0.626908004283905 0.015607999637722969
vt 0.6214399933815002 0.04808900132775307
vt 0.5674600005149841 0.00014400000509340316
vt 0.6214399933815002 0.04808900132775307
vt 0.577206015586853 0.03280099853873253
vt 0.41641899943351746 0.047630999237298965
vt 0.41131800413131714 0.015131000429391861
vt 0.4706360101699829 0.00014400000509340316
vt 0.41641899943351746 0.047630999237298965
vt 0.4706360101699829 0.00014400000509340316
vt 0.460781991481781 0.032655999064445496
vt 0.518921971321106 0.024886000901460648
vt 0.5674600005149841 0.00014400000509340316
vt 0.577206015586853 0.03280099853873253
vt 0.518921971321106 0.024886000901460648
vt 0.577206015586853 0.03280099853873253
vt 0.5474129915237427 0.04172400012612343
vt 0.460781991481781 0.032655999064445496
vt 0.4706360101699829 0.00014400000509340316
vt 0.518921971321106 0.024886000901460648
vt 0.460781991481781 0.032655999064445496
vt 0.518921971321106 0.024886000901460648
vt 0.4905110001564026 0.04166899994015694
vt 0.5402600169181824 0.05380500108003616
vt 0.5189160108566284 0.050294000655412674
vt 0.518921971321106 0.024886000901460648
vt 0.5402600169181824 0.05380500108003616
vt 0.518921971321106 0.024886000901460648
vt 0.5474129915237427 0.04172400012612343
vt 0.518921971321106 0.024886000901460648
vt 0.5189160108566284 0.050294000655412674
vt 0.49762600660324097 0.053769998252391815
vt 0.518921971321106 0.024886000901460648
vt 0.49762600660324097 0.053769998252391815
vt 0.4905110001564026 0.04166899994015694
vt 0.5519300103187561 0.05833800137042999
vt 0.5402600169181824 0.05380500108003616
vt 0.5474129915237427 0.04172400012612343
vt 0.5519300103187561 0.05833800137042999
vt 0.5474129915237427 0.04172400012612343
vt 0.5580589771270752 0.053870998322963715
vt 0.4905110001564026 0.04166899994015694
vt 0.49762600660324097 0.053769998252391815
vt 0.48595499992370605 0.05827299878001213
vt 0.4905110001564026 0.04166899994015694
vt 0.48595499992370605 0.05827299878001213
vt 0.47984200716018677 0.05378499999642372
vt 0.5550730228424072 0.061900001019239426
vt 0.5519300103187561 0.05833800137042999
vt 0.5580589771270752 0.053870998322963715
vt 0.5550730228424072 0.061900001019239426
vt 0.5580589771270752 0.053870998322963715
vt 0.5769510269165039 0.05799800157546997
vt 0.47984200716018677 0.05378499999642372
vt 0.48595499992370605 0.05827299878001213
vt 0.4828050136566162 0.06182900071144104
vt 0.47984200716018677 0.05378499999642372
vt 0.4828050136566162 0.06182900071144104
vt 0.4609200060367584 0.05784500017762184
vt 0.5638120174407959 0.07658600062131882
vt 0.5550730228424072 0.061900001019239426
vt 0.5769510269165039 0.05799800157546997
vt 0.5638120174407959 0.07658600062131882
vt 0.5769510269165039 0.05799800157546997
vt 0.6116870045661926 0.07826799899339676
vt 0.4609200060367584 0.05784500017762184
vt 0.4828050136566162 0.06182900071144104
vt 0.474014014005661 0.07651100307703018
vt 0.4609200060367584 0.05784500017762184
vt 0.474014014005661 0.07651100307703018
vt 0.42593199014663696 0.0779850035905838
vt 0.5769510269165039 0.05799800157546997
vt 0.577206015586853 0.03280099853873253
vt 0.6214399933815002 0.04808900132775307
vt 0.5769510269165039 0.05799800157546997
vt 0.6214399933815002 0.04808900132775307
vt 0.6116870045661926 0.07826799899339676
vt 0.41641899943351746 0.047630999237298965
vt 0.460781991481781 0.032655999064445496
vt 0.4609200060367584 0.05784500017762184
vt 0.41641899943351746 0.047630999237298965
vt 0.4609200060367584 0.05784500017762184
vt 0.42593199014663696 0.0779850035905838
vt 0.5769510269165039 0.05799800157546997
vt 0.5580589771270752 0.053870998322963715
vt 0.5474129915237427 0.04172400012612343
vt 0.5769510269165039 0.05799800157546997
vt 0.5474129915237427 0.04172400012612343
vt 0.577206015586853 0.03280099853873253
vt 0.4905110001564026 0.04166899994015694
vt 0.47984200716018677 0.05378499999642372
vt 0.4609200060367584 0.05784500017762184
vt 0.4905110001564026 0.04166899994015694
vt 0.4609200060367584 0.05784500017762184
vt 0.460781991481781 0.032655999064445496
vt 0.6266630291938782 0.11135700345039368
vt 0.6116870045661926 0.07826799899339676
vt 0.6214399933815002 0.04808900132775307
vt 0.6266630291938782 0.11135700345039368
vt 0.6214399933815002 0.04808900132775307
vt 0.6604509949684143 0.07608400285243988
vt 0.41641899943351746 0.047630999237298965
vt 0.42593199014663696 0.0779850035905838
vt 0.41061800718307495 0.11124400049448013
vt 0.41641899943351746 0.047630999237298965
vt 0.41061800718307495 0.11124400049448013
vt 0.37679600715637207 0.07529599964618683
vt 0.5831350088119507 0.10849499702453613
vt 0.5638120174407959 0.07658600062131882
vt 0.6116870045661926 0.07826799899339676
vt 0.5831350088119507 0.10849499702453613
vt 0.6116870045661926 0.07826799899339676
vt 0.6266630291938782 0.11135700345039368
vt 0.42593199014663696 0.0779850035905838
vt 0.474014014005661 0.07651100307703018
vt 0.45452699065208435 0.10848099738359451
vt 0.42593199014663696 0.0779850035905838
vt 0.45452699065208435 0.10848099738359451
vt 0.41061800718307495 0.11124400049448013
vt 0.5961380004882812 0.1334259957075119
vt 0.6294819712638855 0.13045600056648254
vt 0.6234949827194214 0.14679600298404694
vt 0.5961380004882812 0.1334259957075119
vt 0.6234949827194214 0.14679600298404694
vt 0.6011689901351929 0.14788499474525452
vt 0.41374099254608154 0.14715799689292908
vt 0.4076479971408844 0.13059400022029877
vt 0.44139501452445984 0.13359199464321136
vt 0.41374099254608154 0.14715799689292908
vt 0.44139501452445984 0.13359199464321136
vt 0.4363369941711426 0.14819400012493134
vt 0.5831350088119507 0.10849499702453613
vt 0.6266630291938782 0.11135700345039368
vt 0.6294819712638855 0.13045600056648254
vt 0.5831350088119507 0.10849499702453613
vt 0.6294819712638855 0.13045600056648254
vt 0.5961380004882812 0.1334259957075119
vt 0.4076479971408844 0.13059400022029877
vt 0.41061800718307495 0.11124400049448013
vt 0.45452699065208435 0.10848099738359451
vt 0.4076479971408844 0.13059400022029877
vt 0.45452699065208435 0.10848099738359451
vt 0.44139501452445984 0.13359199464321136
vt 0.6055120229721069 0.165133997797966
vt 0.6011689901351929 0.14788499474525452
vt 0.6234949827194214 0.14679600298404694
vt 0.6055120229721069 0.165133997797966
vt 0.6234949827194214 0.14679600298404694
vt 0.6193029880523682 0.15984100103378296
vt 0.41374099254608154 0.14715799689292908
vt 0.4363369941711426 0.14819400012493134
vt 0.4320240020751953 0.16564400494098663
vt 0.41374099254608154 0.14715799689292908
vt 0.4320240020751953 0.16564400494098663
vt 0.41803500056266785 0.16036100685596466
vt 0.6055120229721069 0.165133997797966
vt 0.6193029880523682 0.15984100103378296
vt 0.6631029844284058 0.19067099690437317
vt 0.6055120229721069 0.165133997797966
vt 0.6631029844284058 0.19067099690437317
vt 0.6473950147628784 0.20050199329853058
vt 0.37347400188446045 0.1918720006942749
vt 0.41803500056266785 0.16036100685596466
vt 0.4320240020751953 0.16564400494098663
vt 0.37347400188446045 0.1918720006942749
vt 0.4320240020751953 0.16564400494098663
vt 0.3896769881248474 0.2018900066614151
vt 0.945900022983551 0.07956899702548981
vt 0.8862450122833252 0.1217769980430603
vt 0.8491140007972717 0.09973199665546417
vt 0.945900022983551 0.07956899702548981
vt 0.8491140007972717 0.09973199665546417
vt 0.8917800188064575 0.03691599890589714
vt 0.18311500549316406 0.0921270027756691
vt 0.14131399989128113 0.1124819964170456
vt 0.07896099984645844 0.060718998312950134
vt 0.18311500549316406 0.0921270027756691
vt 0.07896099984645844 0.060718998312950134
vt 0.14227700233459473 0.021467000246047974
vt 0.8917800188064575 0.03691599890589714
vt 0.8491140007972717 0.09973199665546417
vt 0.788457989692688 0.08082599937915802
vt 0.8917800188064575 0.03691599890589714
vt 0.788457989692688 0.08082599937915802
vt 0.8055840134620667 0.010785999707877636
vt 0.24635300040245056 0.0765099972486496
vt 0.18311500549316406 0.0921270027756691
vt 0.14227700233459473 0.021467000246047974
vt 0.24635300040245056 0.0765099972486496
vt 0.14227700233459473 0.021467000246047974
vt 0.23264800012111664 0.0034839999862015247
vt 0.8055840134620667 0.010785999707877636
vt 0.788457989692688 0.08082599937915802
vt 0.6870179772377014 0.07720399647951126
vt 0.8055840134620667 0.010785999707877636
vt 0.6870179772377014 0.07720399647951126
vt 0.6723840236663818 0.022200999781489372
vt 0.34987500309944153 0.07595500349998474
vt 0.24635300040245056 0.0765099972486496
vt 0.23264800012111664 0.0034839999862015247
vt 0.34987500309944153 0.07595500349998474
vt 0.23264800012111664 0.0034839999862015247
vt 0.36597898602485657 0.020990999415516853
vt 0.6723840236663818 0.022200999781489372
vt 0.6870179772377014 0.07720399647951126
vt 0.6604509949684143 0.07608400285243988
vt 0.6723840236663818 0.022200999781489372
vt 0.6604509949684143 0.07608400285243988
vt 0.6494439840316772 0.022377999499440193
vt 0.37679600715637207 0.07529599964618683
vt 0.34987500309944153 0.07595500349998474
vt 0.36597898602485657 0.020990999415516853
vt 0.37679600715637207 0.07529599964618683
vt 0.36597898602485657 0.020990999415516853
vt 0.38882699608802795 0.02158600091934204
vt 0.6266630291938782 0.11135700345039368
vt 0.6604509949684143 0.07608400285243988
vt 0.6870179772377014 0.07720399647951126
vt 0.6266630291938782 0.11135700345039368
vt 0.6870179772377014 0.07720399647951126
vt 0.6294819712638855 0.13045600056648254
vt 0.34987500309944153 0.07595500349998474
vt 0.37679600715637207 0.07529599964618683
vt 0.41061800718307495 0.11124400049448013
vt 0.34987500309944153 0.07595500349998474
vt 0.41061800718307495 0.11124400049448013
vt 0.4076479971408844 0.13059400022029877
vt 0.7299000024795532 0.2563929855823517
vt 0.6981719732284546 0.21690599620342255
vt 0.7602149844169617 0.19324399530887604
vt 0.7299000024795532 0.2563929855823517
vt 0.7602149844169617 0.19324399530887604
vt 0.7890459895133972 0.23332299292087555
vt 0.27155300974845886 0.19387100636959076
vt 0.3374139964580536 0.21917900443077087
vt 0.3048759996891022 0.26108700037002563
vt 0.27155300974845886 0.19387100636959076
vt 0.3048759996891022 0.26108700037002563
vt 0.2412550002336502 0.2369769960641861
vt 0.9945250153541565 0.1677049994468689
vt 0.9091119766235352 0.18326100707054138
vt 0.8862450122833252 0.1217769980430603
vt 0.9945250153541565 0.1677049994468689
vt 0.8862450122833252 0.1217769980430603
vt 0.945900022983551 0.07956899702548981
vt 0.14131399989128113 0.1124819964170456
vt 0.10792800039052963 0.17908300459384918
vt 0.01182899996638298 0.15536700189113617
vt 0.14131399989128113 0.1124819964170456
vt 0.01182899996638298 0.15536700189113617
vt 0.07896099984645844 0.060718998312950134
vt 0.911670982837677 0.4024290144443512
vt 0.8628680109977722 0.3385559916496277
vt 0.8941280245780945 0.3018839955329895
vt 0.911670982837677 0.4024290144443512
vt 0.8941280245780945 0.3018839955329895
vt 0.9629009962081909 0.3447520136833191
vt 0.12377600371837616 0.3155190050601959
vt 0.16055700182914734 0.3568210005760193
vt 0.10639999806880951 0.43265199661254883
vt 0.12377600371837616 0.3155190050601959
vt 0.10639999806880951 0.43265199661254883
vt 0.04396799951791763 0.3670380115509033
vt 0.9629009962081909 0.3447520136833191
vt 0.8941280245780945 0.3018839955329895
vt 0.9153599739074707 0.25980401039123535
vt 0.9629009962081909 0.3447520136833191
vt 0.9153599739074707 0.25980401039123535
vt 0.9998559951782227 0.25464001297950745
vt 0.09896499663591385 0.2669680118560791
vt 0.12377600371837616 0.3155190050601959
vt 0.04396799951791763 0.3670380115509033
vt 0.09896499663591385 0.2669680118560791
vt 0.04396799951791763 0.3670380115509033
vt 0.00014400000509340316 0.25911301374435425
vt 0.9998559951782227 0.25464001297950745
vt 0.9153599739074707 0.25980401039123535
vt 0.9091119766235352 0.18326100707054138
vt 0.9998559951782227 0.25464001297950745
vt 0.9091119766235352 0.18326100707054138
vt 0.9945250153541565 0.1677049994468689
vt 0.10792800039052963 0.17908300459384918
vt 0.09896499663591385 0.2669680118560791
vt 0.00014400000509340316 0.25911301374435425
vt 0.10792800039052963 0.17908300459384918
vt 0.00014400000509340316 0.25911301374435425
vt 0.01182899996638298 0.15536700189113617
vt 0.7495419979095459 0.33468300104141235
vt 0.7358790040016174 0.3121120035648346
vt 0.766336977481842 0.30080899596214294
vt 0.7495419979095459 0.33468300104141235
vt 0.766336977481842 0.30080899596214294
vt 0.7891619801521301 0.3137269914150238
vt 0.26740801334381104 0.31014201045036316
vt 0.3010669946670532 0.320592999458313
vt 0.2881830036640167 0.34649598598480225
vt 0.26740801334381104 0.31014201045036316
vt 0.2881830036640167 0.34649598598480225
vt 0.24299199879169464 0.32555198669433594
vt 0.7891619801521301 0.3137269914150238
vt 0.766336977481842 0.30080899596214294
vt 0.815313994884491 0.2763879895210266
vt 0.7891619801521301 0.3137269914150238
vt 0.815313994884491 0.2763879895210266
vt 0.8461740016937256 0.2933970093727112
vt 0.2130649983882904 0.2851639986038208
vt 0.26740801334381104 0.31014201045036316
vt 0.24299199879169464 0.32555198669433594
vt 0.2130649983882904 0.2851639986038208
vt 0.24299199879169464 0.32555198669433594
vt 0.17853699624538422 0.304982990026474
vt 0.8461740016937256 0.2933970093727112
vt 0.815313994884491 0.2763879895210266
vt 0.8450070023536682 0.2563520073890686
vt 0.8461740016937256 0.2933970093727112
vt 0.8450070023536682 0.2563520073890686
vt 0.8735169768333435 0.26592200994491577
vt 0.17966200411319733 0.2633120119571686
vt 0.2130649983882904 0.2851639986038208
vt 0.17853699624538422 0.304982990026474
vt 0.17966200411319733 0.2633120119571686
vt 0.17853699624538422 0.304982990026474
vt 0.14708900451660156 0.2742840051651001
vt 0.8735169768333435 0.26592200994491577
vt 0.8450070023536682 0.2563520073890686
vt 0.8590750098228455 0.22816799581050873
vt 0.8735169768333435 0.26592200994491577
vt 0.8590750098228455 0.22816799581050873
vt 0.8869990110397339 0.2337689995765686
vt 0.16280299425125122 0.2317200005054474
vt 0.17966200411319733 0.2633120119571686
vt 0.14708900451660156 0.2742840051651001
vt 0.16280299425125122 0.2317200005054474
vt 0.14708900451660156 0.2742840051651001
vt 0.13151399791240692 0.23758700489997864
vt 0.8423550128936768 0.19516000151634216
vt 0.875029981136322 0.1847050040960312
vt 0.8869990110397339 0.2337689995765686
vt 0.8423550128936768 0.19516000151634216
vt 0.8869990110397339 0.2337689995765686
vt 0.8590750098228455 0.22816799581050873
vt 0.13151399791240692 0.23758700489997864
vt 0.14522400498390198 0.18274900317192078
vt 0.17678800225257874 0.19617900252342224
vt 0.13151399791240692 0.23758700489997864
vt 0.17678800225257874 0.19617900252342224
vt 0.16280299425125122 0.2317200005054474
vt 0.9091119766235352 0.18326100707054138
vt 0.9153599739074707 0.25980401039123535
vt 0.8869990110397339 0.2337689995765686
vt 0.9091119766235352 0.18326100707054138
vt 0.8869990110397339 0.2337689995765686
vt 0.875029981136322 0.1847050040960312
vt 0.13151399791240692 0.23758700489997864
vt 0.09896499663591385 0.2669680118560791
vt 0.10792800039052963 0.17908300459384918
vt 0.13151399791240692 0.23758700489997864
vt 0.10792800039052963 0.17908300459384918
vt 0.14522400498390198 0.18274900317192078
vt 0.9153599739074707 0.25980401039123535
vt 0.8941280245780945 0.3018839955329895
vt 0.8735169768333435 0.26592200994491577
vt 0.9153599739074707 0.25980401039123535
vt 0.8735169768333435 0.26592200994491577
vt 0.8869990110397339 0.2337689995765686
vt 0.14708900451660156 0.2742840051651001
vt 0.12377600371837616 0.3155190050601959
vt 0.09896499663591385 0.2669680118560791
vt 0.14708900451660156 0.2742840051651001
vt 0.09896499663591385 0.2669680118560791
vt 0.13151399791240692 0.23758700489997864
vt 0.8941280245780945 0.3018839955329895
vt 0.8628680109977722 0.3385559916496277
vt 0.8461740016937256 0.2933970093727112
vt 0.8941280245780945 0.3018839955329895
vt 0.8461740016937256 0.2933970093727112
vt 0.8735169768333435 0.26592200994491577
vt 0.17853699624538422 0.304982990026474
vt 0.16055700182914734 0.3568210005760193
vt 0.12377600371837616 0.3155190050601959
vt 0.17853699624538422 0.304982990026474
vt 0.12377600371837616 0.3155190050601959
vt 0.14708900451660156 0.2742840051651001
vt 0.8628680109977722 0.3385559916496277
vt 0.7942860126495361 0.36406201124191284
vt 0.7891619801521301 0.3137269914150238
vt 0.8628680109977722 0.3385559916496277
vt 0.7891619801521301 0.3137269914150238
vt 0.8461740016937256 0.2933970093727112
vt 0.24299199879169464 0.32555198669433594
vt 0.23977600038051605 0.38259199261665344
vt 0.16055700182914734 0.3568210005760193
vt 0.24299199879169464 0.32555198669433594
vt 0.16055700182914734 0.3568210005760193
vt 0.17853699624538422 0.304982990026474
vt 0.7701849937438965 0.37953799962997437
vt 0.7495419979095459 0.33468300104141235
vt 0.7891619801521301 0.3137269914150238
vt 0.7701849937438965 0.37953799962997437
vt 0.7891619801521301 0.3137269914150238
vt 0.7942860126495361 0.36406201124191284
vt 0.24299199879169464 0.32555198669433594
vt 0.2881830036640167 0.34649598598480225
vt 0.26812198758125305 0.39873701333999634
vt 0.24299199879169464 0.32555198669433594
vt 0.26812198758125305 0.39873701333999634
vt 0.23977600038051605 0.38259199261665344
vt 0.8454989790916443 0.44996699690818787
vt 0.7942860126495361 0.36406201124191284
vt 0.8628680109977722 0.3385559916496277
vt 0.8454989790916443 0.44996699690818787
vt 0.8628680109977722 0.3385559916496277
vt 0.911670982837677 0.4024290144443512
vt 0.16055700182914734 0.3568210005760193
vt 0.23977600038051605 0.38259199261665344
vt 0.18528099358081818 0.48409900069236755
vt 0.16055700182914734 0.3568210005760193
vt 0.18528099358081818 0.48409900069236755
vt 0.10639999806880951 0.43265199661254883
vt 0.815858006477356 0.4453809857368469
vt 0.7705720067024231 0.44426101446151733
vt 0.7556999921798706 0.41860300302505493
vt 0.815858006477356 0.4453809857368469
vt 0.7556999921798706 0.41860300302505493
vt 0.7701849937438965 0.37953799962997437
vt 0.28703299164772034 0.4429120123386383
vt 0.2713640034198761 0.4733160138130188
vt 0.21926000714302063 0.477185994386673
vt 0.28703299164772034 0.4429120123386383
vt 0.21926000714302063 0.477185994386673
vt 0.26812198758125305 0.39873701333999634
vt 0.815858006477356 0.4453809857368469
vt 0.7701849937438965 0.37953799962997437
vt 0.7942860126495361 0.36406201124191284
vt 0.815858006477356 0.4453809857368469
vt 0.7942860126495361 0.36406201124191284
vt 0.8454989790916443 0.44996699690818787
vt 0.23977600038051605 0.38259199261665344
vt 0.26812198758125305 0.39873701333999634
vt 0.21926000714302063 0.477185994386673
vt 0.23977600038051605 0.38259199261665344
vt 0.21926000714302063 0.477185994386673
vt 0.18528099358081818 0.48409900069236755
vt 0.8198450207710266 0.46807101368904114
vt 0.815858006477356 0.4453809857368469
vt 0.8454989790916443 0.44996699690818787
vt 0.18528099358081818 0.48409900069236755
vt 0.21926000714302063 0.477185994386673
vt 0.21589399874210358 0.5036050081253052
vt 0.7358790040016174 0.3121120035648346
vt 0.7299000024795532 0.2563929855823517
vt 0.7890459895133972 0.23332299292087555
vt 0.7358790040016174 0.3121120035648346
vt 0.7890459895133972 0.23332299292087555
vt 0.766336977481842 0.30080899596214294
vt 0.2412550002336502 0.2369769960641861
vt 0.3048759996891022 0.26108700037002563
vt 0.3010669946670532 0.320592999458313
vt 0.2412550002336502 0.2369769960641861
vt 0.3010669946670532 0.320592999458313
vt 0.26740801334381104 0.31014201045036316
vt 0.7890459895133972 0.23332299292087555
vt 0.8096309900283813 0.23388700187206268
vt 0.815313994884491 0.2763879895210266
vt 0.7890459895133972 0.23332299292087555
vt 0.815313994884491 0.2763879895210266
vt 0.766336977481842 0.30080899596214294
vt 0.2130649983882904 0.2851639986038208
vt 0.21916800737380981 0.2373879998922348
vt 0.2412550002336502 0.2369769960641861
vt 0.2130649983882904 0.2851639986038208
vt 0.2412550002336502 0.2369769960641861
vt 0.26740801334381104 0.31014201045036316
vt 0.8096309900283813 0.23388700187206268
vt 0.8292869925498962 0.21956199407577515
vt 0.8450070023536682 0.2563520073890686
vt 0.8096309900283813 0.23388700187206268
vt 0.8450070023536682 0.2563520073890686
vt 0.815313994884491 0.2763879895210266
vt 0.17966200411319733 0.2633120119571686
vt 0.19906699657440186 0.22246399521827698
vt 0.21916800737380981 0.2373879998922348
vt 0.17966200411319733 0.2633120119571686
vt 0.21916800737380981 0.2373879998922348
vt 0.2130649983882904 0.2851639986038208
vt 0.8423550128936768 0.19516000151634216
vt 0.8590750098228455 0.22816799581050873
vt 0.8450070023536682 0.2563520073890686
vt 0.8423550128936768 0.19516000151634216
vt 0.8450070023536682 0.2563520073890686
vt 0.8292869925498962 0.21956199407577515
vt 0.17966200411319733 0.2633120119571686
vt 0.16280299425125122 0.2317200005054474
vt 0.17678800225257874 0.19617900252342224
vt 0.17966200411319733 0.2633120119571686
vt 0.17678800225257874 0.19617900252342224
vt 0.19906699657440186 0.22246399521827698
vt 0.6870179772377014 0.07720399647951126
vt 0.788457989692688 0.08082599937915802
vt 0.7864800095558167 0.1175910010933876
vt 0.6870179772377014 0.07720399647951126
vt 0.7864800095558167 0.1175910010933876
vt 0.7154819965362549 0.13972699642181396
vt 0.24666599929332733 0.1148499995470047
vt 0.24635300040245056 0.0765099972486496
vt 0.34987500309944153 0.07595500349998474
vt 0.24666599929332733 0.1148499995470047
vt 0.34987500309944153 0.07595500349998474
vt 0.3195379972457886 0.13940900564193726
vt 0.7602149844169617 0.19324399530887604
vt 0.7154819965362549 0.13972699642181396
vt 0.7864800095558167 0.1175910010933876
vt 0.7602149844169617 0.19324399530887604
vt 0.7864800095558167 0.1175910010933876
vt 0.7854859828948975 0.15232999622821808
vt 0.24666599929332733 0.1148499995470047
vt 0.3195379972457886 0.13940900564193726
vt 0.27155300974845886 0.19387100636959076
vt 0.24666599929332733 0.1148499995470047
vt 0.27155300974845886 0.19387100636959076
vt 0.2459689974784851 0.15100200474262238
vt 0.6981719732284546 0.21690599620342255
vt 0.6631029844284058 0.19067099690437317
vt 0.7154819965362549 0.13972699642181396
vt 0.6981719732284546 0.21690599620342255
vt 0.7154819965362549 0.13972699642181396
vt 0.7602149844169617 0.19324399530887604
vt 0.3195379972457886 0.13940900564193726
vt 0.37347400188446045 0.1918720006942749
vt 0.3374139964580536 0.21917900443077087
vt 0.3195379972457886 0.13940900564193726
vt 0.3374139964580536 0.21917900443077087
vt 0.27155300974845886 0.19387100636959076
vt 0.6631029844284058 0.19067099690437317
vt 0.6234949827194214 0.14679600298404694
vt 0.6294819712638855 0.13045600056648254
vt 0.6631029844284058 0.19067099690437317
vt 0.6294819712638855 0.13045600056648254
vt 0.7154819965362549 0.13972699642181396
vt 0.4076479971408844 0.13059400022029877
vt 0.41374099254608154 0.14715799689292908
vt 0.37347400188446045 0.1918720006942749
vt 0.4076479971408844 0.13059400022029877
vt 0.37347400188446045 0.1918720006942749
vt 0.3195379972457886 0.13940900564193726
vt 0.6294819712638855 0.13045600056648254
vt 0.6870179772377014 0.07720399647951126
vt 0.7154819965362549 0.13972699642181396
vt 0.3195379972457886 0.13940900564193726
vt 0.34987500309944153 0.07595500349998474
vt 0.4076479971408844 0.13059400022029877
vt 0.6631029844284058 0.19067099690437317
vt 0.6193029880523682 0.15984100103378296
vt 0.6234949827194214 0.14679600298404694
vt 0.41374099254608154 0.14715799689292908
vt 0.41803500056266785 0.16036100685596466
vt 0.37347400188446045 0.1918720006942749
vt 0.8423550128936768 0.19516000151634216
vt 0.8373820185661316 0.15636099874973297
vt 0.8581709861755371 0.1377750039100647
vt 0.8423550128936768 0.19516000151634216
vt 0.8581709861755371 0.1377750039100647
vt 0.875029981136322 0.1847050040960312
vt 0.17165300250053406 0.13229399919509888
vt 0.19662199914455414 0.155240997672081
vt 0.17678800225257874 0.19617900252342224
vt 0.17165300250053406 0.13229399919509888
vt 0.17678800225257874 0.19617900252342224
vt 0.14522400498390198 0.18274900317192078
vt 0.9091119766235352 0.18326100707054138
vt 0.875029981136322 0.1847050040960312
vt 0.8581709861755371 0.1377750039100647
vt 0.9091119766235352 0.18326100707054138
vt 0.8581709861755371 0.1377750039100647
vt 0.8862450122833252 0.1217769980430603
vt 0.17165300250053406 0.13229399919509888
vt 0.14522400498390198 0.18274900317192078
vt 0.10792800039052963 0.17908300459384918
vt 0.17165300250053406 0.13229399919509888
vt 0.10792800039052963 0.17908300459384918
vt 0.14131399989128113 0.1124819964170456
vt 0.7854859828948975 0.15232999622821808
vt 0.7864800095558167 0.1175910010933876
vt 0.8581709861755371 0.1377750039100647
vt 0.7854859828948975 0.15232999622821808
vt 0.8581709861755371 0.1377750039100647
vt 0.8373820185661316 0.15636099874973297
vt 0.17165300250053406 0.13229399919509888
vt 0.24666599929332733 0.1148499995470047
vt 0.2459689974784851 0.15100200474262238
vt 0.17165300250053406 0.13229399919509888
vt 0.2459689974784851 0.15100200474262238
vt 0.19662199914455414 0.155240997672081
vt 0.788457989692688 0.08082599937915802
vt 0.8491140007972717 0.09973199665546417
vt 0.8581709861755371 0.1377750039100647
vt 0.788457989692688 0.08082599937915802
vt 0.8581709861755371 0.1377750039100647
vt 0.7864800095558167 0.1175910010933876
vt 0.17165300250053406 0.13229399919509888
vt 0.18311500549316406 0.0921270027756691
vt 0.24635300040245056 0.0765099972486496
vt 0.17165300250053406 0.13229399919509888
vt 0.24635300040245056 0.0765099972486496
vt 0.24666599929332733 0.1148499995470047
vt 0.8862450122833252 0.1217769980430603
vt 0.8581709861755371 0.1377750039100647
vt 0.8491140007972717 0.09973199665546417
vt 0.18311500549316406 0.0921270027756691
vt 0.17165300250053406 0.13229399919509888
vt 0.14131399989128113 0.1124819964170456
vt 0.5061659812927246 0.9048510193824768
vt 0.4323880076408386 0.8949429988861084
vt 0.4387969970703125 0.8702290058135986
vt 0.5061659812927246 0.9048510193824768
vt 0.4387969970703125 0.8702290058135986
vt 0.49105799198150635 0.8817139863967896
vt 0.31586700677871704 0.8682090044021606
vt 0.32163700461387634 0.8932250142097473
vt 0.24720700085163116 0.9011589884757996
vt 0.31586700677871704 0.8682090044021606
vt 0.24720700085163116 0.9011589884757996
vt 0.2630319893360138 0.8783209919929504
vt 0.5061659812927246 0.9048510193824768
vt 0.49105799198150635 0.8817139863967896
vt 0.5727919936180115 0.8604840040206909
vt 0.5061659812927246 0.9048510193824768
vt 0.5727919936180115 0.8604840040206909
vt 0.6048250198364258 0.8799459934234619
vt 0.18148599565029144 0.8546929955482483
vt 0.2630319893360138 0.8783209919929504
vt 0.24720700085163116 0.9011589884757996
vt 0.18148599565029144 0.8546929955482483
vt 0.24720700085163116 0.9011589884757996
vt 0.14872899651527405 0.8733490109443665
vt 0.6048250198364258 0.8799459934234619
vt 0.5727919936180115 0.8604840040206909
vt 0.5863959789276123 0.7939770221710205
vt 0.6048250198364258 0.8799459934234619
vt 0.5863959789276123 0.7939770221710205
vt 0.6199619770050049 0.7916150093078613
vt 0.16974499821662903 0.7874739766120911
vt 0.18148599565029144 0.8546929955482483
vt 0.14872899651527405 0.8733490109443665
vt 0.16974499821662903 0.7874739766120911
vt 0.14872899651527405 0.8733490109443665
vt 0.13606299459934235 0.7840930223464966
vt 0.6199619770050049 0.7916150093078613
vt 0.5863959789276123 0.7939770221710205
vt 0.5490270256996155 0.7464119791984558
vt 0.6199619770050049 0.7916150093078613
vt 0.5490270256996155 0.7464119791984558
vt 0.563785970211029 0.7392110228538513
vt 0.20865599811077118 0.7408789992332458
vt 0.16974499821662903 0.7874739766120911
vt 0.13606299459934235 0.7840930223464966
vt 0.20865599811077118 0.7408789992332458
vt 0.13606299459934235 0.7840930223464966
vt 0.1940860003232956 0.7332410216331482
vt 0.563785970211029 0.7392110228538513
vt 0.5490270256996155 0.7464119791984558
vt 0.5003139972686768 0.7117289900779724
vt 0.563785970211029 0.7392110228538513
vt 0.5003139972686768 0.7117289900779724
vt 0.5082700252532959 0.6976929903030396
vt 0.25839900970458984 0.7074970006942749
vt 0.20865599811077118 0.7408789992332458
vt 0.1940860003232956 0.7332410216331482
vt 0.25839900970458984 0.7074970006942749
vt 0.1940860003232956 0.7332410216331482
vt 0.25081101059913635 0.693248987197876
vt 0.5082700252532959 0.6976929903030396
vt 0.5003139972686768 0.7117289900779724
vt 0.4386410117149353 0.6806830167770386
vt 0.5082700252532959 0.6976929903030396
vt 0.4386410117149353 0.6806830167770386
vt 0.4348030090332031 0.6588820219039917
vt 0.32096201181411743 0.6779590249061584
vt 0.25839900970458984 0.7074970006942749
vt 0.25081101059913635 0.693248987197876
vt 0.32096201181411743 0.6779590249061584
vt 0.25081101059913635 0.693248987197876
vt 0.32531800866127014 0.6562240123748779
vt 0.5003139972686768 0.7117289900779724
vt 0.5056660175323486 0.7309439778327942
vt 0.4529550075531006 0.7000229954719543
vt 0.5003139972686768 0.7117289900779724
vt 0.4529550075531006 0.7000229954719543
vt 0.4386410117149353 0.6806830167770386
vt 0.30613601207733154 0.6969760060310364
vt 0.2525239884853363 0.7265920042991638
vt 0.25839900970458984 0.7074970006942749
vt 0.30613601207733154 0.6969760060310364
vt 0.25839900970458984 0.7074970006942749
vt 0.32096201181411743 0.6779590249061584
vt 0.5490270256996155 0.7464119791984558
vt 0.5428500175476074 0.7557529807090759
vt 0.5056660175323486 0.7309439778327942
vt 0.5490270256996155 0.7464119791984558
vt 0.5056660175323486 0.7309439778327942
vt 0.5003139972686768 0.7117289900779724
vt 0.2525239884853363 0.7265920042991638
vt 0.21457499265670776 0.7504140138626099
vt 0.20865599811077118 0.7408789992332458
vt 0.2525239884853363 0.7265920042991638
vt 0.20865599811077118 0.7408789992332458
vt 0.25839900970458984 0.7074970006942749
vt 0.5863959789276123 0.7939770221710205
vt 0.5681480169296265 0.7873669862747192
vt 0.5428500175476074 0.7557529807090759
vt 0.5863959789276123 0.7939770221710205
vt 0.5428500175476074 0.7557529807090759
vt 0.5490270256996155 0.7464119791984558
vt 0.21457499265670776 0.7504140138626099
vt 0.1882690042257309 0.781374990940094
vt 0.16974499821662903 0.7874739766120911
vt 0.21457499265670776 0.7504140138626099
vt 0.16974499821662903 0.7874739766120911
vt 0.20865599811077118 0.7408789992332458
vt 0.5727919936180115 0.8604840040206909
vt 0.555495023727417 0.8263520002365112
vt 0.5681480169296265 0.7873669862747192
vt 0.5727919936180115 0.8604840040206909
vt 0.5681480169296265 0.7873669862747192
vt 0.5863959789276123 0.7939770221710205
vt 0.1882690042257309 0.781374990940094
vt 0.19984999299049377 0.8208889961242676
vt 0.18148599565029144 0.8546929955482483
vt 0.1882690042257309 0.781374990940094
vt 0.18148599565029144 0.8546929955482483
vt 0.16974499821662903 0.7874739766120911
vt 0.49105799198150635 0.8817139863967896
vt 0.5012310147285461 0.8443560004234314
vt 0.555495023727417 0.8263520002365112
vt 0.49105799198150635 0.8817139863967896
vt 0.555495023727417 0.8263520002365112
vt 0.5727919936180115 0.8604840040206909
vt 0.19984999299049377 0.8208889961242676
vt 0.2538459897041321 0.8405020236968994
vt 0.2630319893360138 0.8783209919929504
vt 0.19984999299049377 0.8208889961242676
vt 0.2630319893360138 0.8783209919929504
vt 0.18148599565029144 0.8546929955482483
vt 0.49105799198150635 0.8817139863967896
vt 0.4387969970703125 0.8702290058135986
vt 0.457832008600235 0.8400400280952454
vt 0.49105799198150635 0.8817139863967896
vt 0.457832008600235 0.8400400280952454
vt 0.5012310147285461 0.8443560004234314
vt 0.29756200313568115 0.8373579978942871
vt 0.31586700677871704 0.8682090044021606
vt 0.2630319893360138 0.8783209919929504
vt 0.29756200313568115 0.8373579978942871
vt 0.2630319893360138 0.8783209919929504
vt 0.2538459897041321 0.8405020236968994
vt 0.7602149844169617 0.19324399530887604
vt 0.7854859828948975 0.15232999622821808
vt 0.7960209846496582 0.1769690066576004
vt 0.7602149844169617 0.19324399530887604
vt 0.7960209846496582 0.1769690066576004
vt 0.7831929922103882 0.18744899332523346
vt 0.23362499475479126 0.17562000453472137
vt 0.2459689974784851 0.15100200474262238
vt 0.27155300974845886 0.19387100636959076
vt 0.23362499475479126 0.17562000453472137
vt 0.27155300974845886 0.19387100636959076
vt 0.246955007314682 0.18707500398159027
vt 0.39103901386260986 0.611890971660614
vt 0.4348030090332031 0.6588820219039917
vt 0.4386410117149353 0.6806830167770386
vt 0.39103901386260986 0.611890971660614
vt 0.4386410117149353 0.6806830167770386
vt 0.3947660028934479 0.6861249804496765
vt 0.32096201181411743 0.6779590249061584
vt 0.32531800866127014 0.6562240123748779
vt 0.3699130117893219 0.6101959943771362
vt 0.32096201181411743 0.6779590249061584
vt 0.3699130117893219 0.6101959943771362
vt 0.36483800411224365 0.6844450235366821
vt 0.7890459895133972 0.23332299292087555
vt 0.7602149844169617 0.19324399530887604
vt 0.7831929922103882 0.18744899332523346
vt 0.7890459895133972 0.23332299292087555
vt 0.7831929922103882 0.18744899332523346
vt 0.8096309900283813 0.23388700187206268
vt 0.246955007314682 0.18707500398159027
vt 0.27155300974845886 0.19387100636959076
vt 0.2412550002336502 0.2369769960641861
vt 0.246955007314682 0.18707500398159027
vt 0.2412550002336502 0.2369769960641861
vt 0.21916800737380981 0.2373879998922348
vt 0.39174699783325195 0.8620970249176025
vt 0.4016050100326538 0.8414599895477295
vt 0.4387969970703125 0.8702290058135986
vt 0.39174699783325195 0.8620970249176025
vt 0.4387969970703125 0.8702290058135986
vt 0.4323880076408386 0.8949429988861084
vt 0.31586700677871704 0.8682090044021606
vt 0.3540259897708893 0.8402969837188721
vt 0.36337700486183167 0.8613079786300659
vt 0.31586700677871704 0.8682090044021606
vt 0.36337700486183167 0.8613079786300659
vt 0.32163700461387634 0.8932250142097473
vt 0.4386410117149353 0.6806830167770386
vt 0.4529550075531006 0.7000229954719543
vt 0.43501800298690796 0.718280017375946
vt 0.4386410117149353 0.6806830167770386
vt 0.43501800298690796 0.718280017375946
vt 0.3947660028934479 0.6861249804496765
vt 0.3236579895019531 0.7157310247421265
vt 0.30613601207733154 0.6969760060310364
vt 0.32096201181411743 0.6779590249061584
vt 0.3236579895019531 0.7157310247421265
vt 0.32096201181411743 0.6779590249061584
vt 0.36483800411224365 0.6844450235366821
vt 0.43366900086402893 0.7296609878540039
vt 0.38465800881385803 0.710299015045166
vt 0.3947660028934479 0.6861249804496765
vt 0.43366900086402893 0.7296609878540039
vt 0.3947660028934479 0.6861249804496765
vt 0.43501800298690796 0.718280017375946
vt 0.36483800411224365 0.6844450235366821
vt 0.37439998984336853 0.708968997001648
vt 0.3247259855270386 0.7271770238876343
vt 0.36483800411224365 0.6844450235366821
vt 0.3247259855270386 0.7271770238876343
vt 0.3236579895019531 0.7157310247421265
vt 0.4109950065612793 0.7476620078086853
vt 0.38465800881385803 0.710299015045166
vt 0.43366900086402893 0.7296609878540039
vt 0.4109950065612793 0.7476620078086853
vt 0.43366900086402893 0.7296609878540039
vt 0.42781201004981995 0.7428280115127563
vt 0.3247259855270386 0.7271770238876343
vt 0.37439998984336853 0.708968997001648
vt 0.347027987241745 0.7458159923553467
vt 0.3247259855270386 0.7271770238876343
vt 0.347027987241745 0.7458159923553467
vt 0.330269992351532 0.7405359745025635
vt 0.4180859923362732 0.7849460244178772
vt 0.38465699553489685 0.7954229712486267
vt 0.38465800881385803 0.710299015045166
vt 0.4180859923362732 0.7849460244178772
vt 0.38465800881385803 0.710299015045166
vt 0.4109950065612793 0.7476620078086853
vt 0.37439998984336853 0.708968997001648
vt 0.37226998805999756 0.7944719791412354
vt 0.3389520049095154 0.7830730080604553
vt 0.37439998984336853 0.708968997001648
vt 0.3389520049095154 0.7830730080604553
vt 0.347027987241745 0.7458159923553467
vt 0.4016050100326538 0.8414599895477295
vt 0.38465699553489685 0.7954229712486267
vt 0.4180859923362732 0.7849460244178772
vt 0.4016050100326538 0.8414599895477295
vt 0.4180859923362732 0.7849460244178772
vt 0.4313330054283142 0.8175349831581116
vt 0.3389520049095154 0.7830730080604553
vt 0.37226998805999756 0.7944719791412354
vt 0.3540259897708893 0.8402969837188721
vt 0.3389520049095154 0.7830730080604553
vt 0.3540259897708893 0.8402969837188721
vt 0.32479000091552734 0.8154600262641907
vt 0.4387969970703125 0.8702290058135986
vt 0.4016050100326538 0.8414599895477295
vt 0.4313330054283142 0.8175349831581116
vt 0.4387969970703125 0.8702290058135986
vt 0.4313330054283142 0.8175349831581116
vt 0.457832008600235 0.8400400280952454
vt 0.32479000091552734 0.8154600262641907
vt 0.3540259897708893 0.8402969837188721
vt 0.31586700677871704 0.8682090044021606
vt 0.32479000091552734 0.8154600262641907
vt 0.31586700677871704 0.8682090044021606
vt 0.29756200313568115 0.8373579978942871
vt 0.8096309900283813 0.23388700187206268
vt 0.8162660002708435 0.2030860036611557
vt 0.8251069784164429 0.20976200699806213
vt 0.8096309900283813 0.23388700187206268
vt 0.8251069784164429 0.20976200699806213
vt 0.8292869925498962 0.21956199407577515
vt 0.19976699352264404 0.21482700109481812
vt 0.20982800424098969 0.2061610072851181
vt 0.21916800737380981 0.2373879998922348
vt 0.19976699352264404 0.21482700109481812
vt 0.21916800737380981 0.2373879998922348
vt 0.19906699657440186 0.22246399521827698
vt 0.8096309900283813 0.23388700187206268
vt 0.7831929922103882 0.18744899332523346
vt 0.802191972732544 0.18460899591445923
vt 0.8096309900283813 0.23388700187206268
vt 0.802191972732544 0.18460899591445923
vt 0.8162660002708435 0.2030860036611557
vt 0.2264849990606308 0.18308599293231964
vt 0.246955007314682 0.18707500398159027
vt 0.21916800737380981 0.2373879998922348
vt 0.2264849990606308 0.18308599293231964
vt 0.21916800737380981 0.2373879998922348
vt 0.20982800424098969 0.2061610072851181
vt 0.7831929922103882 0.18744899332523346
vt 0.7960209846496582 0.1769690066576004
vt 0.802191972732544 0.18460899591445923
vt 0.2264849990606308 0.18308599293231964
vt 0.23362499475479126 0.17562000453472137
vt 0.246955007314682 0.18707500398159027
vt 0.457832008600235 0.8400400280952454
vt 0.4313330054283142 0.8175349831581116
vt 0.4485050141811371 0.8046209812164307
vt 0.457832008600235 0.8400400280952454
vt 0.4485050141811371 0.8046209812164307
vt 0.4733859896659851 0.8246999979019165
vt 0.307886004447937 0.8020309805870056
vt 0.32479000091552734 0.8154600262641907
vt 0.29756200313568115 0.8373579978942871
vt 0.307886004447937 0.8020309805870056
vt 0.29756200313568115 0.8373579978942871
vt 0.28235700726509094 0.821524977684021
vt 0.4313330054283142 0.8175349831581116
vt 0.4180859923362732 0.7849460244178772
vt 0.4358679950237274 0.7795689702033997
vt 0.4313330054283142 0.8175349831581116
vt 0.4358679950237274 0.7795689702033997
vt 0.4485050141811371 0.8046209812164307
vt 0.3212369978427887 0.7772079706192017
vt 0.3389520049095154 0.7830730080604553
vt 0.32479000091552734 0.8154600262641907
vt 0.3212369978427887 0.7772079706192017
vt 0.32479000091552734 0.8154600262641907
vt 0.307886004447937 0.8020309805870056
vt 0.4180859923362732 0.7849460244178772
vt 0.4109950065612793 0.7476620078086853
vt 0.42371800541877747 0.754190981388092
vt 0.4180859923362732 0.7849460244178772
vt 0.42371800541877747 0.754190981388092
vt 0.4358679950237274 0.7795689702033997
vt 0.3340890109539032 0.7520449757575989
vt 0.347027987241745 0.7458159923553467
vt 0.3389520049095154 0.7830730080604553
vt 0.3340890109539032 0.7520449757575989
vt 0.3389520049095154 0.7830730080604553
vt 0.3212369978427887 0.7772079706192017
vt 0.4109950065612793 0.7476620078086853
vt 0.42781201004981995 0.7428280115127563
vt 0.4379499852657318 0.7497770190238953
vt 0.4109950065612793 0.7476620078086853
vt 0.4379499852657318 0.7497770190238953
vt 0.42371800541877747 0.754190981388092
vt 0.31991899013519287 0.7472500205039978
vt 0.330269992351532 0.7405359745025635
vt 0.347027987241745 0.7458159923553467
vt 0.31991899013519287 0.7472500205039978
vt 0.347027987241745 0.7458159923553467
vt 0.3340890109539032 0.7520449757575989
vt 0.42781201004981995 0.7428280115127563
vt 0.43366900086402893 0.7296609878540039
vt 0.44539201259613037 0.731997013092041
vt 0.42781201004981995 0.7428280115127563
vt 0.44539201259613037 0.731997013092041
vt 0.4379499852657318 0.7497770190238953
vt 0.31290701031684875 0.7292219996452332
vt 0.3247259855270386 0.7271770238876343
vt 0.330269992351532 0.7405359745025635
vt 0.31290701031684875 0.7292219996452332
vt 0.330269992351532 0.7405359745025635
vt 0.31991899013519287 0.7472500205039978
vt 0.43366900086402893 0.7296609878540039
vt 0.43501800298690796 0.718280017375946
vt 0.4409950077533722 0.7243829965591431
vt 0.43366900086402893 0.7296609878540039
vt 0.4409950077533722 0.7243829965591431
vt 0.44539201259613037 0.731997013092041
vt 0.3175100088119507 0.7216969728469849
vt 0.3236579895019531 0.7157310247421265
vt 0.3247259855270386 0.7271770238876343
vt 0.3175100088119507 0.7216969728469849
vt 0.3247259855270386 0.7271770238876343
vt 0.31290701031684875 0.7292219996452332
vt 0.43501800298690796 0.718280017375946
vt 0.4529550075531006 0.7000229954719543
vt 0.4552769958972931 0.7137309908866882
vt 0.43501800298690796 0.718280017375946
vt 0.4552769958972931 0.7137309908866882
vt 0.4409950077533722 0.7243829965591431
vt 0.3034600019454956 0.710657000541687
vt 0.30613601207733154 0.6969760060310364
vt 0.3236579895019531 0.7157310247421265
vt 0.3034600019454956 0.710657000541687
vt 0.3236579895019531 0.7157310247421265
vt 0.3175100088119507 0.7216969728469849
vt 0.5012310147285461 0.8443560004234314
vt 0.457832008600235 0.8400400280952454
vt 0.4733859896659851 0.8246999979019165
vt 0.5012310147285461 0.8443560004234314
vt 0.4733859896659851 0.8246999979019165
vt 0.5124850273132324 0.82881098985672
vt 0.28235700726509094 0.821524977684021
vt 0.29756200313568115 0.8373579978942871
vt 0.2538459897041321 0.8405020236968994
vt 0.28235700726509094 0.821524977684021
vt 0.2538459897041321 0.8405020236968994
vt 0.24297499656677246 0.8245739936828613
vt 0.555495023727417 0.8263520002365112
vt 0.5012310147285461 0.8443560004234314
vt 0.5124850273132324 0.82881098985672
vt 0.555495023727417 0.8263520002365112
vt 0.5124850273132324 0.82881098985672
vt 0.5509420037269592 0.81181401014328
vt 0.24297499656677246 0.8245739936828613
vt 0.2538459897041321 0.8405020236968994
vt 0.19984999299049377 0.8208889961242676
vt 0.24297499656677246 0.8245739936828613
vt 0.19984999299049377 0.8208889961242676
vt 0.20483900606632233 0.8064169883728027
vt 0.5681480169296265 0.7873669862747192
vt 0.555495023727417 0.8263520002365112
vt 0.5509420037269592 0.81181401014328
vt 0.5681480169296265 0.7873669862747192
vt 0.5509420037269592 0.81181401014328
vt 0.5521389842033386 0.7876819968223572
vt 0.20483900606632233 0.8064169883728027
vt 0.19984999299049377 0.8208889961242676
vt 0.1882690042257309 0.781374990940094
vt 0.20483900606632233 0.8064169883728027
vt 0.1882690042257309 0.781374990940094
vt 0.20433099567890167 0.7821559906005859
vt 0.5428500175476074 0.7557529807090759
vt 0.5681480169296265 0.7873669862747192
vt 0.5521389842033386 0.7876819968223572
vt 0.5428500175476074 0.7557529807090759
vt 0.5521389842033386 0.7876819968223572
vt 0.5394070148468018 0.7645390033721924
vt 0.20433099567890167 0.7821559906005859
vt 0.1882690042257309 0.781374990940094
vt 0.21457499265670776 0.7504140138626099
vt 0.20433099567890167 0.7821559906005859
vt 0.21457499265670776 0.7504140138626099
vt 0.21777400374412537 0.759319007396698
vt 0.5056660175323486 0.7309439778327942
vt 0.5428500175476074 0.7557529807090759
vt 0.5394070148468018 0.7645390033721924
vt 0.5056660175323486 0.7309439778327942
vt 0.5394070148468018 0.7645390033721924
vt 0.5084390044212341 0.7431349754333496
vt 0.21777400374412537 0.759319007396698
vt 0.21457499265670776 0.7504140138626099
vt 0.2525239884853363 0.7265920042991638
vt 0.21777400374412537 0.759319007396698
vt 0.2525239884853363 0.7265920042991638
vt 0.24941900372505188 0.7387319803237915
vt 0.4529550075531006 0.7000229954719543
vt 0.5056660175323486 0.7309439778327942
vt 0.5084390044212341 0.7431349754333496
vt 0.4529550075531006 0.7000229954719543
vt 0.5084390044212341 0.7431349754333496
vt 0.4552769958972931 0.7137309908866882
vt 0.24941900372505188 0.7387319803237915
vt 0.2525239884853363 0.7265920042991638
vt 0.30613601207733154 0.6969760060310364
vt 0.24941900372505188 0.7387319803237915
vt 0.30613601207733154 0.6969760060310364
vt 0.3034600019454956 0.710657000541687
vt 0.4379499852657318 0.7497770190238953
vt 0.44539201259613037 0.731997013092041
vt 0.4708409905433655 0.7484080195426941
vt 0.4379499852657318 0.7497770190238953
vt 0.4708409905433655 0.7484080195426941
vt 0.45477598905563354 0.7616649866104126
vt 0.28696000576019287 0.7450199723243713
vt 0.31290701031684875 0.7292219996452332
vt 0.31991899013519287 0.7472500205039978
vt 0.28696000576019287 0.7450199723243713
vt 0.31991899013519287 0.7472500205039978
vt 0.3027290105819702 0.7587419748306274
vt 0.45477598905563354 0.7616649866104126
vt 0.4708409905433655 0.7484080195426941
vt 0.4888699948787689 0.7704640030860901
vt 0.45477598905563354 0.7616649866104126
vt 0.4888699948787689 0.7704640030860901
vt 0.4754030108451843 0.7839040160179138
vt 0.26829099655151367 0.7666609883308411
vt 0.28696000576019287 0.7450199723243713
vt 0.3027290105819702 0.7587419748306274
vt 0.26829099655151367 0.7666609883308411
vt 0.3027290105819702 0.7587419748306274
vt 0.28143900632858276 0.7805110216140747
vt 0.4754030108451843 0.7839040160179138
vt 0.4888699948787689 0.7704640030860901
vt 0.5036730170249939 0.7875620126724243
vt 0.4754030108451843 0.7839040160179138
vt 0.5036730170249939 0.7875620126724243
vt 0.49447599053382874 0.8024700284004211
vt 0.2529720067977905 0.7834100127220154
vt 0.26829099655151367 0.7666609883308411
vt 0.28143900632858276 0.7805110216140747
vt 0.2529720067977905 0.7834100127220154
vt 0.28143900632858276 0.7805110216140747
vt 0.261790007352829 0.7986260056495667
vt 0.49447599053382874 0.8024700284004211
vt 0.5036730170249939 0.7875620126724243
vt 0.5185620188713074 0.7916020154953003
vt 0.49447599053382874 0.8024700284004211
vt 0.5185620188713074 0.7916020154953003
vt 0.5168020129203796 0.8073390126228333
vt 0.23792000114917755 0.7870450019836426
vt 0.2529720067977905 0.7834100127220154
vt 0.261790007352829 0.7986260056495667
vt 0.23792000114917755 0.7870450019836426
vt 0.261790007352829 0.7986260056495667
vt 0.23924300074577332 0.8028910160064697
vt 0.5124850273132324 0.82881098985672
vt 0.4733859896659851 0.8246999979019165
vt 0.49447599053382874 0.8024700284004211
vt 0.5124850273132324 0.82881098985672
vt 0.49447599053382874 0.8024700284004211
vt 0.5168020129203796 0.8073390126228333
vt 0.261790007352829 0.7986260056495667
vt 0.28235700726509094 0.821524977684021
vt 0.24297499656677246 0.8245739936828613
vt 0.261790007352829 0.7986260056495667
vt 0.24297499656677246 0.8245739936828613
vt 0.23924300074577332 0.8028910160064697
vt 0.4485050141811371 0.8046209812164307
vt 0.4754030108451843 0.7839040160179138
vt 0.49447599053382874 0.8024700284004211
vt 0.4485050141811371 0.8046209812164307
vt 0.49447599053382874 0.8024700284004211
vt 0.4733859896659851 0.8246999979019165
vt 0.261790007352829 0.7986260056495667
vt 0.28143900632858276 0.7805110216140747
vt 0.307886004447937 0.8020309805870056
vt 0.261790007352829 0.7986260056495667
vt 0.307886004447937 0.8020309805870056
vt 0.28235700726509094 0.821524977684021
vt 0.4485050141811371 0.8046209812164307
vt 0.4358679950237274 0.7795689702033997
vt 0.45477598905563354 0.7616649866104126
vt 0.4485050141811371 0.8046209812164307
vt 0.45477598905563354 0.7616649866104126
vt 0.4754030108451843 0.7839040160179138
vt 0.3027290105819702 0.7587419748306274
vt 0.3212369978427887 0.7772079706192017
vt 0.307886004447937 0.8020309805870056
vt 0.3027290105819702 0.7587419748306274
vt 0.307886004447937 0.8020309805870056
vt 0.28143900632858276 0.7805110216140747
vt 0.4379499852657318 0.7497770190238953
vt 0.45477598905563354 0.7616649866104126
vt 0.4358679950237274 0.7795689702033997
vt 0.4379499852657318 0.7497770190238953
vt 0.4358679950237274 0.7795689702033997
vt 0.42371800541877747 0.754190981388092
vt 0.3212369978427887 0.7772079706192017
vt 0.3027290105819702 0.7587419748306274
vt 0.31991899013519287 0.7472500205039978
vt 0.3212369978427887 0.7772079706192017
vt 0.31991899013519287 0.7472500205039978
vt 0.3340890109539032 0.7520449757575989
vt 0.4409950077533722 0.7243829965591431
vt 0.4552769958972931 0.7137309908866882
vt 0.4708409905433655 0.7484080195426941
vt 0.4409950077533722 0.7243829965591431
vt 0.4708409905433655 0.7484080195426941
vt 0.44539201259613037 0.731997013092041
vt 0.28696000576019287 0.7450199723243713
vt 0.3034600019454956 0.710657000541687
vt 0.3175100088119507 0.7216969728469849
vt 0.28696000576019287 0.7450199723243713
vt 0.3175100088119507 0.7216969728469849
vt 0.31290701031684875 0.7292219996452332
vt 0.5084390044212341 0.7431349754333496
vt 0.4888699948787689 0.7704640030860901
vt 0.4708409905433655 0.7484080195426941
vt 0.5084390044212341 0.7431349754333496
vt 0.4708409905433655 0.7484080195426941
vt 0.4552769958972931 0.7137309908866882
vt 0.28696000576019287 0.7450199723243713
vt 0.26829099655151367 0.7666609883308411
vt 0.24941900372505188 0.7387319803237915
vt 0.28696000576019287 0.7450199723243713
vt 0.24941900372505188 0.7387319803237915
vt 0.3034600019454956 0.710657000541687
vt 0.5394070148468018 0.7645390033721924
vt 0.5036730170249939 0.7875620126724243
vt 0.4888699948787689 0.7704640030860901
vt 0.5394070148468018 0.7645390033721924
vt 0.4888699948787689 0.7704640030860901
vt 0.5084390044212341 0.7431349754333496
vt 0.26829099655151367 0.7666609883308411
vt 0.2529720067977905 0.7834100127220154
vt 0.21777400374412537 0.759319007396698
vt 0.26829099655151367 0.7666609883308411
vt 0.21777400374412537 0.759319007396698
vt 0.24941900372505188 0.7387319803237915
vt 0.5521389842033386 0.7876819968223572
vt 0.5185620188713074 0.7916020154953003
vt 0.5036730170249939 0.7875620126724243
vt 0.5521389842033386 0.7876819968223572
vt 0.5036730170249939 0.7875620126724243
vt 0.5394070148468018 0.7645390033721924
vt 0.2529720067977905 0.7834100127220154
vt 0.23792000114917755 0.7870450019836426
vt 0.20433099567890167 0.7821559906005859
vt 0.2529720067977905 0.7834100127220154
vt 0.20433099567890167 0.7821559906005859
vt 0.21777400374412537 0.759319007396698
vt 0.5509420037269592 0.81181401014328
vt 0.5168020129203796 0.8073390126228333
vt 0.5185620188713074 0.7916020154953003
vt 0.5509420037269592 0.81181401014328
vt 0.5185620188713074 0.7916020154953003
vt 0.5521389842033386 0.7876819968223572
vt 0.23792000114917755 0.7870450019836426
vt 0.23924300074577332 0.8028910160064697
vt 0.20483900606632233 0.8064169883728027
vt 0.23792000114917755 0.7870450019836426
vt 0.20483900606632233 0.8064169883728027
vt 0.20433099567890167 0.7821559906005859
vt 0.5124850273132324 0.82881098985672
vt 0.5168020129203796 0.8073390126228333
vt 0.5509420037269592 0.81181401014328
vt 0.20483900606632233 0.8064169883728027
vt 0.23924300074577332 0.8028910160064697
vt 0.24297499656677246 0.8245739936828613
vt 0.5082700252532959 0.6976929903030396
vt 0.4348030090332031 0.6588820219039917
vt 0.48406800627708435 0.6287760138511658
vt 0.5082700252532959 0.6976929903030396
vt 0.48406800627708435 0.6287760138511658
vt 0.5433850288391113 0.683538019657135
vt 0.27693599462509155 0.6250669956207275
vt 0.32531800866127014 0.6562240123748779
vt 0.25081101059913635 0.693248987197876
vt 0.27693599462509155 0.6250669956207275
vt 0.25081101059913635 0.693248987197876
vt 0.21612299978733063 0.6781200170516968
vt 0.563785970211029 0.7392110228538513
vt 0.5082700252532959 0.6976929903030396
vt 0.5433850288391113 0.683538019657135
vt 0.563785970211029 0.7392110228538513
vt 0.5433850288391113 0.683538019657135
vt 0.5810520052909851 0.7269330024719238
vt 0.21612299978733063 0.6781200170516968
vt 0.25081101059913635 0.693248987197876
vt 0.1940860003232956 0.7332410216331482
vt 0.21612299978733063 0.6781200170516968
vt 0.1940860003232956 0.7332410216331482
vt 0.17717599868774414 0.7204260230064392
vt 0.6199619770050049 0.7916150093078613
vt 0.563785970211029 0.7392110228538513
vt 0.5810520052909851 0.7269330024719238
vt 0.6199619770050049 0.7916150093078613
vt 0.5810520052909851 0.7269330024719238
vt 0.6167010068893433 0.7599650025367737
vt 0.17717599868774414 0.7204260230064392
vt 0.1940860003232956 0.7332410216331482
vt 0.13606299459934235 0.7840930223464966
vt 0.17717599868774414 0.7204260230064392
vt 0.13606299459934235 0.7840930223464966
vt 0.14037899672985077 0.7523769736289978
vt 0.7074919939041138 0.7598839998245239
vt 0.6199619770050049 0.7916150093078613
vt 0.6167010068893433 0.7599650025367737
vt 0.7074919939041138 0.7598839998245239
vt 0.6167010068893433 0.7599650025367737
vt 0.6606469750404358 0.7411670088768005
vt 0.14037899672985077 0.7523769736289978
vt 0.13606299459934235 0.7840930223464966
vt 0.049525998532772064 0.7488240003585815
vt 0.14037899672985077 0.7523769736289978
vt 0.049525998532772064 0.7488240003585815
vt 0.09703800082206726 0.7320520281791687
vt 0.745510995388031 0.6521000266075134
vt 0.7074919939041138 0.7598839998245239
vt 0.6606469750404358 0.7411670088768005
vt 0.745510995388031 0.6521000266075134
vt 0.6606469750404358 0.7411670088768005
vt 0.6772559881210327 0.6704360246658325
vt 0.09703800082206726 0.7320520281791687
vt 0.049525998532772064 0.7488240003585815
vt 0.019409000873565674 0.6397489905357361
vt 0.09703800082206726 0.7320520281791687
vt 0.019409000873565674 0.6397489905357361
vt 0.08356399834156036 0.6620380282402039
vt 0.7408429980278015 0.5724279880523682
vt 0.745510995388031 0.6521000266075134
vt 0.6772559881210327 0.6704360246658325
vt 0.7408429980278015 0.5724279880523682
vt 0.6772559881210327 0.6704360246658325
vt 0.6714029908180237 0.5926560163497925
vt 0.08356399834156036 0.6620380282402039
vt 0.019409000873565674 0.6397489905357361
vt 0.033663999289274216 0.5644029974937439
vt 0.08356399834156036 0.6620380282402039
vt 0.033663999289274216 0.5644029974937439
vt 0.09282000362873077 0.5898619890213013
vt 0.6772559881210327 0.6704360246658325
vt 0.5433850288391113 0.683538019657135
vt 0.48406800627708435 0.6287760138511658
vt 0.6772559881210327 0.6704360246658325
vt 0.48406800627708435 0.6287760138511658
vt 0.6714029908180237 0.5926560163497925
vt 0.27693599462509155 0.6250669956207275
vt 0.21612299978733063 0.6781200170516968
vt 0.08356399834156036 0.6620380282402039
vt 0.27693599462509155 0.6250669956207275
vt 0.08356399834156036 0.6620380282402039
vt 0.09282000362873077 0.5898619890213013
vt 0.6772559881210327 0.6704360246658325
vt 0.6606469750404358 0.7411670088768005
vt 0.5810520052909851 0.7269330024719238
vt 0.6772559881210327 0.6704360246658325
vt 0.5810520052909851 0.7269330024719238
vt 0.5433850288391113 0.683538019657135
vt 0.17717599868774414 0.7204260230064392
vt 0.09703800082206726 0.7320520281791687
vt 0.08356399834156036 0.6620380282402039
vt 0.17717599868774414 0.7204260230064392
vt 0.08356399834156036 0.6620380282402039
vt 0.21612299978733063 0.6781200170516968
vt 0.6606469750404358 0.7411670088768005
vt 0.6167010068893433 0.7599650025367737
vt 0.5810520052909851 0.7269330024719238
vt 0.17717599868774414 0.7204260230064392
vt 0.14037899672985077 0.7523769736289978
vt 0.09703800082206726 0.7320520281791687
vt 0.8423550128936768 0.19516000151634216
vt 0.8292869925498962 0.21956199407577515
vt 0.8345779776573181 0.20687900483608246
vt 0.8423550128936768 0.19516000151634216
vt 0.8345779776573181 0.20687900483608246
vt 0.8347049951553345 0.20695899426937103
vt 0.033663999289274216 0.5644029974937439
vt 0.0512159988284111 0.5226590037345886
vt 0.14504100382328033 0.562595009803772
vt 0.033663999289274216 0.5644029974937439
vt 0.14504100382328033 0.562595009803772
vt 0.09282000362873077 0.5898619890213013
vt 0.620419979095459 0.5656750202178955
vt 0.6714029908180237 0.5926560163497925
vt 0.48406800627708435 0.6287760138511658
vt 0.620419979095459 0.5656750202178955
vt 0.48406800627708435 0.6287760138511658
vt 0.4980719983577728 0.5523149967193604
vt 0.27693599462509155 0.6250669956207275
vt 0.09282000362873077 0.5898619890213013
vt 0.14504100382328033 0.562595009803772
vt 0.27693599462509155 0.6250669956207275
vt 0.14504100382328033 0.562595009803772
vt 0.2642180025577545 0.5501400232315063
vt 0.39103901386260986 0.611890971660614
vt 0.4980719983577728 0.5523149967193604
vt 0.48406800627708435 0.6287760138511658
vt 0.39103901386260986 0.611890971660614
vt 0.48406800627708435 0.6287760138511658
vt 0.4348030090332031 0.6588820219039917
vt 0.27693599462509155 0.6250669956207275
vt 0.2642180025577545 0.5501400232315063
vt 0.3699130117893219 0.6101959943771362
vt 0.27693599462509155 0.6250669956207275
vt 0.3699130117893219 0.6101959943771362
vt 0.32531800866127014 0.6562240123748779
vn 0.9777037241705715 -0.01100004189644163 0.20970080310116077
vn 0.7277059794537631 -0.65450539006487 0.20510168659294828
vn 0.6040274872232431 -0.5102232655268957 0.6122279101722216
vn 0.9777037241705715 -0.01100004189644163 0.20970080310116077
vn 0.6040274872232431 -0.5102232655268957 0.6122279101722216
vn 0.8020904634393933 -0.003399959609083481 0.5971928739814598
vn -0.6040274872232431 -0.5102232655268957 0.6122279101722216
vn -0.7277059794537631 -0.65450539006487 0.20510168659294828
vn -0.9777037241705715 -0.01100004189644163 0.20970080310116077
vn -0.6040274872232431 -0.5102232655268957 0.6122279101722216
vn -0.9777037241705715 -0.01100004189644163 0.20970080310116077
vn -0.8020904634393933 -0.003399959609083481 0.5971928739814598
vn 0.8020904634393933 -0.003399959609083481 0.5971928739814598
vn 0.6040274872232431 -0.5102232655268957 0.6122279101722216
vn 0.6829406664613007 -0.5475326084915456 0.4835287879039245
vn 0.8020904634393933 -0.003399959609083481 0.5971928739814598
vn 0.6829406664613007 -0.5475326084915456 0.4835287879039245
vn 0.8684229738956063 -0.003300087369842893 0.49581311785153714
vn -0.6829406664613007 -0.5475326084915456 0.4835287879039245
vn -0.6040274872232431 -0.5102232655268957 0.6122279101722216
vn -0.8020904634393933 -0.003399959609083481 0.5971928739814598
vn -0.6829406664613007 -0.5475326084915456 0.4835287879039245
vn -0.8020904634393933 -0.003399959609083481 0.5971928739814598
vn -0.8684229738956063 -0.003300087369842893 0.49581311785153714
vn 0.6040274872232431 -0.5102232655268957 0.6122279101722216
vn 0.09819738796781692 -0.7509800049069646 0.6529826224534874
vn 0.1158967650659008 -0.8669757664808211 0.4846864555382709
vn 0.6040274872232431 -0.5102232655268957 0.6122279101722216
vn 0.1158967650659008 -0.8669757664808211 0.4846864555382709
vn 0.6829406664613007 -0.5475326084915456 0.4835287879039245
vn -0.1158967650659008 -0.8669757664808211 0.4846864555382709
vn -0.09819738796781692 -0.7509800049069646 0.6529826224534874
vn -0.6040274872232431 -0.5102232655268957 0.6122279101722216
vn -0.1158967650659008 -0.8669757664808211 0.4846864555382709
vn -0.6040274872232431 -0.5102232655268957 0.6122279101722216
vn -0.6829406664613007 -0.5475326084915456 0.4835287879039245
vn 0.7277059794537631 -0.65450539006487 0.20510168659294828
vn 0.03749983489737079 -0.9650957029372088 0.2591988552343641
vn 0.09819738796781692 -0.7509800049069646 0.6529826224534874
vn 0.7277059794537631 -0.65450539006487 0.20510168659294828
vn 0.09819738796781692 -0.7509800049069646 0.6529826224534874
vn 0.6040274872232431 -0.5102232655268957 0.6122279101722216
vn -0.09819738796781692 -0.7509800049069646 0.6529826224534874
vn -0.03749983489737079 -0.9650957029372088 0.2591988552343641
vn -0.7277059794537631 -0.65450539006487 0.20510168659294828
vn -0.09819738796781692 -0.7509800049069646 0.6529826224534874
vn -0.7277059794537631 -0.65450539006487 0.20510168659294828
vn -0.6040274872232431 -0.5102232655268957 0.6122279101722216
vn 0.03749983489737079 -0.9650957029372088 0.2591988552343641
vn -0.6553994575952371 -0.6927994351373965 0.30079975674387344
vn -0.4514033274811244 -0.5393039858714048 0.7109052305069814
vn 0.03749983489737079 -0.9650957029372088 0.2591988552343641
vn -0.4514033274811244 -0.5393039858714048 0.7109052305069814
vn 0.09819738796781692 -0.7509800049069646 0.6529826224534874
vn 0.4514033274811244 -0.5393039858714048 0.7109052305069814
vn 0.6553994575952371 -0.6927994351373965 0.30079975674387344
vn -0.03749983489737079 -0.9650957029372088 0.2591988552343641
vn 0.4514033274811244 -0.5393039858714048 0.7109052305069814
vn -0.03749983489737079 -0.9650957029372088 0.2591988552343641
vn -0.09819738796781692 -0.7509800049069646 0.6529826224534874
vn 0.09819738796781692 -0.7509800049069646 0.6529826224534874
vn -0.4514033274811244 -0.5393039858714048 0.7109052305069814
vn -0.5512332985666426 -0.6358384449197843 0.5402326559116258
vn 0.09819738796781692 -0.7509800049069646 0.6529826224534874
vn -0.5512332985666426 -0.6358384449197843 0.5402326559116258
vn 0.1158967650659008 -0.8669757664808211 0.4846864555382709
vn 0.5512332985666426 -0.6358384449197843 0.5402326559116258
vn 0.4514033274811244 -0.5393039858714048 0.7109052305069814
vn -0.09819738796781692 -0.7509800049069646 0.6529826224534874
vn 0.5512332985666426 -0.6358384449197843 0.5402326559116258
vn -0.09819738796781692 -0.7509800049069646 0.6529826224534874
vn -0.1158967650659008 -0.8669757664808211 0.4846864555382709
vn -0.4514033274811244 -0.5393039858714048 0.7109052305069814
vn -0.6940332211270673 -0.00350016762088674 0.7199344670166954
vn -0.8148140384644513 -0.0038000654234765516 0.5797099638819648
vn -0.4514033274811244 -0.5393039858714048 0.7109052305069814
vn -0.8148140384644513 -0.0038000654234765516 0.5797099638819648
vn -0.5512332985666426 -0.6358384449197843 0.5402326559116258
vn 0.8148140384644513 -0.0038000654234765516 0.5797099638819648
vn 0.6940332211270673 -0.00350016762088674 0.7199344670166954
vn 0.4514033274811244 -0.5393039858714048 0.7109052305069814
vn 0.8148140384644513 -0.0038000654234765516 0.5797099638819648
vn 0.4514033274811244 -0.5393039858714048 0.7109052305069814
vn 0.5512332985666426 -0.6358384449197843 0.5402326559116258
vn -0.6553994575952371 -0.6927994351373965 0.30079975674387344
vn -0.9460654977137855 -0.012800886174615922 0.32372242948043023
vn -0.6940332211270673 -0.00350016762088674 0.7199344670166954
vn -0.6553994575952371 -0.6927994351373965 0.30079975674387344
vn -0.6940332211270673 -0.00350016762088674 0.7199344670166954
vn -0.4514033274811244 -0.5393039858714048 0.7109052305069814
vn 0.6940332211270673 -0.00350016762088674 0.7199344670166954
vn 0.9460654977137855 -0.012800886174615922 0.32372242948043023
vn 0.6553994575952371 -0.6927994351373965 0.30079975674387344
vn 0.6940332211270673 -0.00350016762088674 0.7199344670166954
vn 0.6553994575952371 -0.6927994351373965 0.30079975674387344
vn 0.4514033274811244 -0.5393039858714048 0.7109052305069814
vn -0.9460654977137855 -0.012800886174615922 0.32372242948043023
vn -0.6621980017268483 0.6913979322081332 0.28889912746023766
vn -0.4551111912020953 0.5251129054091128 0.7191176817568943
vn -0.9460654977137855 -0.012800886174615922 0.32372242948043023
vn -0.4551111912020953 0.5251129054091128 0.7191176817568943
vn -0.6940332211270673 -0.00350016762088674 0.7199344670166954
vn 0.4551111912020953 0.5251129054091128 0.7191176817568943
vn 0.6621980017268483 0.6913979322081332 0.28889912746023766
vn 0.9460654977137855 -0.012800886174615922 0.32372242948043023
vn 0.4551111912020953 0.5251129054091128 0.7191176817568943
vn 0.9460654977137855 -0.012800886174615922 0.32372242948043023
vn 0.6940332211270673 -0.00350016762088674 0.7199344670166954
vn -0.6940332211270673 -0.00350016762088674 0.7199344670166954
vn -0.4551111912020953 0.5251129054091128 0.7191176817568943
vn -0.5297888155650253 0.6265868017297438 0.5715879554366925
vn -0.6940332211270673 -0.00350016762088674 0.7199344670166954
vn -0.5297888155650253 0.6265868017297438 0.5715879554366925
vn -0.8148140384644513 -0.0038000654234765516 0.5797099638819648
vn 0.5297888155650253 0.6265868017297438 0.5715879554366925
vn 0.4551111912020953 0.5251129054091128 0.7191176817568943
vn 0.6940332211270673 -0.00350016762088674 0.7199344670166954
vn 0.5297888155650253 0.6265868017297438 0.5715879554366925
vn 0.6940332211270673 -0.00350016762088674 0.7199344670166954
vn 0.8148140384644513 -0.0038000654234765516 0.5797099638819648
vn -0.4551111912020953 0.5251129054091128 0.7191176817568943
vn 0.10190215112882797 0.7401156759344785 0.6647140271059184
vn 0.12240435135592699 0.8373297641058639 0.532818956974649
vn -0.4551111912020953 0.5251129054091128 0.7191176817568943
vn 0.12240435135592699 0.8373297641058639 0.532818956974649
vn -0.5297888155650253 0.6265868017297438 0.5715879554366925
vn -0.12240435135592699 0.8373297641058639 0.532818956974649
vn -0.10190215112882797 0.7401156759344785 0.6647140271059184
vn 0.4551111912020953 0.5251129054091128 0.7191176817568943
vn -0.12240435135592699 0.8373297641058639 0.532818956974649
vn 0.4551111912020953 0.5251129054091128 0.7191176817568943
vn 0.5297888155650253 0.6265868017297438 0.5715879554366925
vn -0.6621980017268483 0.6913979322081332 0.28889912746023766
vn 0.03210011101362578 0.9710033893172046 0.2369008248348113
vn 0.10190215112882797 0.7401156759344785 0.6647140271059184
vn -0.6621980017268483 0.6913979322081332 0.28889912746023766
vn 0.10190215112882797 0.7401156759344785 0.6647140271059184
vn -0.4551111912020953 0.5251129054091128 0.7191176817568943
vn -0.10190215112882797 0.7401156759344785 0.6647140271059184
vn -0.03210011101362578 0.9710033893172046 0.2369008248348113
vn 0.6621980017268483 0.6913979322081332 0.28889912746023766
vn -0.10190215112882797 0.7401156759344785 0.6647140271059184
vn 0.6621980017268483 0.6913979322081332 0.28889912746023766
vn 0.4551111912020953 0.5251129054091128 0.7191176817568943
vn 0.03210011101362578 0.9710033893172046 0.2369008248348113
vn 0.7320632090986154 0.6527563743617204 0.19491683768822698
vn 0.6084460402746674 0.4949374498054556 0.6203469487747559
vn 0.03210011101362578 0.9710033893172046 0.2369008248348113
vn 0.6084460402746674 0.4949374498054556 0.6203469487747559
vn 0.10190215112882797 0.7401156759344785 0.6647140271059184
vn -0.6084460402746674 0.4949374498054556 0.6203469487747559
vn -0.7320632090986154 0.6527563743617204 0.19491683768822698
vn -0.03210011101362578 0.9710033893172046 0.2369008248348113
vn -0.6084460402746674 0.4949374498054556 0.6203469487747559
vn -0.03210011101362578 0.9710033893172046 0.2369008248348113
vn -0.10190215112882797 0.7401156759344785 0.6647140271059184
vn 0.10190215112882797 0.7401156759344785 0.6647140271059184
vn 0.6084460402746674 0.4949374498054556 0.6203469487747559
vn 0.6722420169284841 0.5381336196756776 0.5084317830846894
vn 0.10190215112882797 0.7401156759344785 0.6647140271059184
vn 0.6722420169284841 0.5381336196756776 0.5084317830846894
vn 0.12240435135592699 0.8373297641058639 0.532818956974649
vn -0.6722420169284841 0.5381336196756776 0.5084317830846894
vn -0.6084460402746674 0.4949374498054556 0.6203469487747559
vn -0.10190215112882797 0.7401156759344785 0.6647140271059184
vn -0.6722420169284841 0.5381336196756776 0.5084317830846894
vn -0.10190215112882797 0.7401156759344785 0.6647140271059184
vn -0.12240435135592699 0.8373297641058639 0.532818956974649
vn 0.6084460402746674 0.4949374498054556 0.6203469487747559
vn 0.8020904634393933 -0.003399959609083481 0.5971928739814598
vn 0.8684229738956063 -0.003300087369842893 0.49581311785153714
vn 0.6084460402746674 0.4949374498054556 0.6203469487747559
vn 0.8684229738956063 -0.003300087369842893 0.49581311785153714
vn 0.6722420169284841 0.5381336196756776 0.5084317830846894
vn -0.8684229738956063 -0.003300087369842893 0.49581311785153714
vn -0.8020904634393933 -0.003399959609083481 0.5971928739814598
vn -0.6084460402746674 0.4949374498054556 0.6203469487747559
vn -0.8684229738956063 -0.003300087369842893 0.49581311785153714
vn -0.6084460402746674 0.4949374498054556 0.6203469487747559
vn -0.6722420169284841 0.5381336196756776 0.5084317830846894
vn 0.7320632090986154 0.6527563743617204 0.19491683768822698
vn 0.9777037241705715 -0.01100004189644163 0.20970080310116077
vn 0.8020904634393933 -0.003399959609083481 0.5971928739814598
vn 0.7320632090986154 0.6527563743617204 0.19491683768822698
vn 0.8020904634393933 -0.003399959609083481 0.5971928739814598
vn 0.6084460402746674 0.4949374498054556 0.6203469487747559
vn -0.8020904634393933 -0.003399959609083481 0.5971928739814598
vn -0.9777037241705715 -0.01100004189644163 0.20970080310116077
vn -0.7320632090986154 0.6527563743617204 0.19491683768822698
vn -0.8020904634393933 -0.003399959609083481 0.5971928739814598
vn -0.7320632090986154 0.6527563743617204 0.19491683768822698
vn -0.6084460402746674 0.4949374498054556 0.6203469487747559
vn 0.9777037241705715 -0.01100004189644163 0.20970080310116077
vn 0.7320632090986154 0.6527563743617204 0.19491683768822698
vn 0.7219953832503431 0.6498958608793004 0.23739847635809078
vn 0.9777037241705715 -0.01100004189644163 0.20970080310116077
vn 0.7219953832503431 0.6498958608793004 0.23739847635809078
vn 0.9737458533958057 -0.012200574449600848 0.22731071021307794
vn -0.7219953832503431 0.6498958608793004 0.23739847635809078
vn -0.7320632090986154 0.6527563743617204 0.19491683768822698
vn -0.9777037241705715 -0.01100004189644163 0.20970080310116077
vn -0.7219953832503431 0.6498958608793004 0.23739847635809078
vn -0.9777037241705715 -0.01100004189644163 0.20970080310116077
vn -0.9737458533958057 -0.012200574449600848 0.22731071021307794
vn 0.7320632090986154 0.6527563743617204 0.19491683768822698
vn 0.03210011101362578 0.9710033893172046 0.2369008248348113
vn 0.03739946302394322 0.9335866092456043 0.3563948978349945
vn 0.7320632090986154 0.6527563743617204 0.19491683768822698
vn 0.03739946302394322 0.9335866092456043 0.3563948978349945
vn 0.7219953832503431 0.6498958608793004 0.23739847635809078
vn -0.03739946302394322 0.9335866092456043 0.3563948978349945
vn -0.03210011101362578 0.9710033893172046 0.2369008248348113
vn -0.7320632090986154 0.6527563743617204 0.19491683768822698
vn -0.03739946302394322 0.9335866092456043 0.3563948978349945
vn -0.7320632090986154 0.6527563743617204 0.19491683768822698
vn -0.7219953832503431 0.6498958608793004 0.23739847635809078
vn 0.03210011101362578 0.9710033893172046 0.2369008248348113
vn -0.6621980017268483 0.6913979322081332 0.28889912746023766
vn -0.6263276240684713 0.6470285753098255 0.43481919237917843
vn 0.03210011101362578 0.9710033893172046 0.2369008248348113
vn -0.6263276240684713 0.6470285753098255 0.43481919237917843
vn 0.03739946302394322 0.9335866092456043 0.3563948978349945
vn 0.6263276240684713 0.6470285753098255 0.43481919237917843
vn 0.6621980017268483 0.6913979322081332 0.28889912746023766
vn -0.03210011101362578 0.9710033893172046 0.2369008248348113
vn 0.6263276240684713 0.6470285753098255 0.43481919237917843
vn -0.03210011101362578 0.9710033893172046 0.2369008248348113
vn -0.03739946302394322 0.9335866092456043 0.3563948978349945
vn -0.6621980017268483 0.6913979322081332 0.28889912746023766
vn -0.9460654977137855 -0.012800886174615922 0.32372242948043023
vn -0.911284720847061 -0.012299793321259307 0.4115930910923414
vn -0.6621980017268483 0.6913979322081332 0.28889912746023766
vn -0.911284720847061 -0.012299793321259307 0.4115930910923414
vn -0.6263276240684713 0.6470285753098255 0.43481919237917843
vn 0.911284720847061 -0.012299793321259307 0.4115930910923414
vn 0.9460654977137855 -0.012800886174615922 0.32372242948043023
vn 0.6621980017268483 0.6913979322081332 0.28889912746023766
vn 0.911284720847061 -0.012299793321259307 0.4115930910923414
vn 0.6621980017268483 0.6913979322081332 0.28889912746023766
vn 0.6263276240684713 0.6470285753098255 0.43481919237917843
vn -0.9460654977137855 -0.012800886174615922 0.32372242948043023
vn -0.6553994575952371 -0.6927994351373965 0.30079975674387344
vn -0.6181163661768442 -0.6538173353451595 0.43641156018887567
vn -0.9460654977137855 -0.012800886174615922 0.32372242948043023
vn -0.6181163661768442 -0.6538173353451595 0.43641156018887567
vn -0.911284720847061 -0.012299793321259307 0.4115930910923414
vn 0.6181163661768442 -0.6538173353451595 0.43641156018887567
vn 0.6553994575952371 -0.6927994351373965 0.30079975674387344
vn 0.9460654977137855 -0.012800886174615922 0.32372242948043023
vn 0.6181163661768442 -0.6538173353451595 0.43641156018887567
vn 0.9460654977137855 -0.012800886174615922 0.32372242948043023
vn 0.911284720847061 -0.012299793321259307 0.4115930910923414
vn -0.6553994575952371 -0.6927994351373965 0.30079975674387344
vn 0.03749983489737079 -0.9650957029372088 0.2591988552343641
vn 0.03690074752939547 -0.935118993281522 0.352407155483433
vn -0.6553994575952371 -0.6927994351373965 0.30079975674387344
vn 0.03690074752939547 -0.935118993281522 0.352407155483433
vn -0.6181163661768442 -0.6538173353451595 0.43641156018887567
vn -0.03690074752939547 -0.935118993281522 0.352407155483433
vn -0.03749983489737079 -0.9650957029372088 0.2591988552343641
vn 0.6553994575952371 -0.6927994351373965 0.30079975674387344
vn -0.03690074752939547 -0.935118993281522 0.352407155483433
vn 0.6553994575952371 -0.6927994351373965 0.30079975674387344
vn 0.6181163661768442 -0.6538173353451595 0.43641156018887567
vn 0.03749983489737079 -0.9650957029372088 0.2591988552343641
vn 0.7277059794537631 -0.65450539006487 0.20510168659294828
vn 0.7150316629412523 -0.6569291027972906 0.23911059133675797
vn 0.03749983489737079 -0.9650957029372088 0.2591988552343641
vn 0.7150316629412523 -0.6569291027972906 0.23911059133675797
vn 0.03690074752939547 -0.935118993281522 0.352407155483433
vn -0.7150316629412523 -0.6569291027972906 0.23911059133675797
vn -0.7277059794537631 -0.65450539006487 0.20510168659294828
vn -0.03749983489737079 -0.9650957029372088 0.2591988552343641
vn -0.7150316629412523 -0.6569291027972906 0.23911059133675797
vn -0.03749983489737079 -0.9650957029372088 0.2591988552343641
vn -0.03690074752939547 -0.935118993281522 0.352407155483433
vn 0.7277059794537631 -0.65450539006487 0.20510168659294828
vn 0.9777037241705715 -0.01100004189644163 0.20970080310116077
vn 0.9737458533958057 -0.012200574449600848 0.22731071021307794
vn 0.7277059794537631 -0.65450539006487 0.20510168659294828
vn 0.9737458533958057 -0.012200574449600848 0.22731071021307794
vn 0.7150316629412523 -0.6569291027972906 0.23911059133675797
vn -0.9737458533958057 -0.012200574449600848 0.22731071021307794
vn -0.9777037241705715 -0.01100004189644163 0.20970080310116077
vn -0.7277059794537631 -0.65450539006487 0.20510168659294828
vn -0.9737458533958057 -0.012200574449600848 0.22731071021307794
vn -0.7277059794537631 -0.65450539006487 0.20510168659294828
vn -0.7150316629412523 -0.6569291027972906 0.23911059133675797
vn 0.18359760598795966 -0.005299930921229776 0.9829871971738595
vn 0.7150316629412523 -0.6569291027972906 0.23911059133675797
vn 0.9737458533958057 -0.012200574449600848 0.22731071021307794
vn -0.9737458533958057 -0.012200574449600848 0.22731071021307794
vn -0.7150316629412523 -0.6569291027972906 0.23911059133675797
vn -0.18359760598795966 -0.005299930921229776 0.9829871971738595
vn 0.03690074752939547 -0.935118993281522 0.352407155483433
vn 0.7150316629412523 -0.6569291027972906 0.23911059133675797
vn 0.18359760598795966 -0.005299930921229776 0.9829871971738595
vn -0.18359760598795966 -0.005299930921229776 0.9829871971738595
vn -0.7150316629412523 -0.6569291027972906 0.23911059133675797
vn -0.03690074752939547 -0.935118993281522 0.352407155483433
vn 0.18359760598795966 -0.005299930921229776 0.9829871971738595
vn -0.6181163661768442 -0.6538173353451595 0.43641156018887567
vn 0.03690074752939547 -0.935118993281522 0.352407155483433
vn -0.03690074752939547 -0.935118993281522 0.352407155483433
vn 0.6181163661768442 -0.6538173353451595 0.43641156018887567
vn -0.18359760598795966 -0.005299930921229776 0.9829871971738595
vn 0.18359760598795966 -0.005299930921229776 0.9829871971738595
vn -0.911284720847061 -0.012299793321259307 0.4115930910923414
vn -0.6181163661768442 -0.6538173353451595 0.43641156018887567
vn 0.6181163661768442 -0.6538173353451595 0.43641156018887567
vn 0.911284720847061 -0.012299793321259307 0.4115930910923414
vn -0.18359760598795966 -0.005299930921229776 0.9829871971738595
vn 0.18359760598795966 -0.005299930921229776 0.9829871971738595
vn -0.6263276240684713 0.6470285753098255 0.43481919237917843
vn -0.911284720847061 -0.012299793321259307 0.4115930910923414
vn 0.911284720847061 -0.012299793321259307 0.4115930910923414
vn 0.6263276240684713 0.6470285753098255 0.43481919237917843
vn -0.18359760598795966 -0.005299930921229776 0.9829871971738595
vn 0.18359760598795966 -0.005299930921229776 0.9829871971738595
vn 0.03739946302394322 0.9335866092456043 0.3563948978349945
vn -0.6263276240684713 0.6470285753098255 0.43481919237917843
vn 0.6263276240684713 0.6470285753098255 0.43481919237917843
vn -0.03739946302394322 0.9335866092456043 0.3563948978349945
vn -0.18359760598795966 -0.005299930921229776 0.9829871971738595
vn 0.18359760598795966 -0.005299930921229776 0.9829871971738595
vn 0.7219953832503431 0.6498958608793004 0.23739847635809078
vn 0.03739946302394322 0.9335866092456043 0.3563948978349945
vn -0.03739946302394322 0.9335866092456043 0.3563948978349945
vn -0.7219953832503431 0.6498958608793004 0.23739847635809078
vn -0.18359760598795966 -0.005299930921229776 0.9829871971738595
vn 0.18359760598795966 -0.005299930921229776 0.9829871971738595
vn 0.9737458533958057 -0.012200574449600848 0.22731071021307794
vn 0.7219953832503431 0.6498958608793004 0.23739847635809078
vn -0.7219953832503431 0.6498958608793004 0.23739847635809078
vn -0.9737458533958057 -0.012200574449600848 0.22731071021307794
vn -0.18359760598795966 -0.005299930921229776 0.9829871971738595
vn 0.15760313899822767 -0.9745194069860564 0.15960318288007322
vn 0.16790503674639132 -0.7535226063646887 0.6356190528394816
vn 0 -0.7922297733245356 0.6102228988313654
vn 0.15760313899822767 -0.9745194069860564 0.15960318288007322
vn 0 -0.7922297733245356 0.6102228988313654
vn 0 -0.9777423701481057 0.209809098032389
vn 0 -0.7922297733245356 0.6102228988313654
vn -0.16790503674639132 -0.7535226063646887 0.6356190528394816
vn -0.15760313899822767 -0.9745194069860564 0.15960318288007322
vn 0 -0.7922297733245356 0.6102228988313654
vn -0.15760313899822767 -0.9745194069860564 0.15960318288007322
vn 0 -0.9777423701481057 0.209809098032389
vn 0.6540940921827442 -0.7417933093090592 0.14799866498028336
vn 0.363000627376013 -0.6184010371281853 0.6970012208048172
vn 0.16790503674639132 -0.7535226063646887 0.6356190528394816
vn 0.6540940921827442 -0.7417933093090592 0.14799866498028336
vn 0.16790503674639132 -0.7535226063646887 0.6356190528394816
vn 0.15760313899822767 -0.9745194069860564 0.15960318288007322
vn -0.16790503674639132 -0.7535226063646887 0.6356190528394816
vn -0.363000627376013 -0.6184010371281853 0.6970012208048172
vn -0.6540940921827442 -0.7417933093090592 0.14799866498028336
vn -0.16790503674639132 -0.7535226063646887 0.6356190528394816
vn -0.6540940921827442 -0.7417933093090592 0.14799866498028336
vn -0.15760313899822767 -0.9745194069860564 0.15960318288007322
vn 0.9695987353461715 -0.14729980951725757 0.19539974035623628
vn 0.5558977400582802 -0.21599913615295002 0.8026967520672277
vn 0.363000627376013 -0.6184010371281853 0.6970012208048172
vn 0.9695987353461715 -0.14729980951725757 0.19539974035623628
vn 0.363000627376013 -0.6184010371281853 0.6970012208048172
vn 0.6540940921827442 -0.7417933093090592 0.14799866498028336
vn -0.363000627376013 -0.6184010371281853 0.6970012208048172
vn -0.5558977400582802 -0.21599913615295002 0.8026967520672277
vn -0.9695987353461715 -0.14729980951725757 0.19539974035623628
vn -0.363000627376013 -0.6184010371281853 0.6970012208048172
vn -0.9695987353461715 -0.14729980951725757 0.19539974035623628
vn -0.6540940921827442 -0.7417933093090592 0.14799866498028336
vn 0.975799682665638 0.09489996841427979 0.19699993732133195
vn 0.5678489530107739 -0.03300284577204635 0.8224708984125302
vn 0.5558977400582802 -0.21599913615295002 0.8026967520672277
vn 0.975799682665638 0.09489996841427979 0.19699993732133195
vn 0.5558977400582802 -0.21599913615295002 0.8026967520672277
vn 0.9695987353461715 -0.14729980951725757 0.19539974035623628
vn -0.5558977400582802 -0.21599913615295002 0.8026967520672277
vn -0.5678489530107739 -0.03300284577204635 0.8224708984125302
vn -0.975799682665638 0.09489996841427979 0.19699993732133195
vn -0.5558977400582802 -0.21599913615295002 0.8026967520672277
vn -0.975799682665638 0.09489996841427979 0.19699993732133195
vn -0.9695987353461715 -0.14729980951725757 0.19539974035623628
vn 0.9651350016002092 0.21890793619173687 0.14350520603252942
vn 0.5872328834225703 0.11190627087849883 0.8016448884420595
vn 0.5678489530107739 -0.03300284577204635 0.8224708984125302
vn 0.9651350016002092 0.21890793619173687 0.14350520603252942
vn 0.5678489530107739 -0.03300284577204635 0.8224708984125302
vn 0.975799682665638 0.09489996841427979 0.19699993732133195
vn -0.5678489530107739 -0.03300284577204635 0.8224708984125302
vn -0.5872328834225703 0.11190627087849883 0.8016448884420595
vn -0.9651350016002092 0.21890793619173687 0.14350520603252942
vn -0.5678489530107739 -0.03300284577204635 0.8224708984125302
vn -0.9651350016002092 0.21890793619173687 0.14350520603252942
vn -0.975799682665638 0.09489996841427979 0.19699993732133195
vn 0.9053140449206708 -0.389106012800006 0.17030264493616937
vn 0.36051804710852686 -0.9316465914306669 0.04540227290207366
vn 0.3808891373840956 -0.5175852448646876 0.7661781642158442
vn 0.9053140449206708 -0.389106012800006 0.17030264493616937
vn 0.3808891373840956 -0.5175852448646876 0.7661781642158442
vn 0.0663049258828104 -0.19291434181326583 0.978972784875264
vn -0.3808891373840956 -0.5175852448646876 0.7661781642158442
vn -0.36051804710852686 -0.9316465914306669 0.04540227290207366
vn -0.9053140449206708 -0.389106012800006 0.17030264493616937
vn -0.3808891373840956 -0.5175852448646876 0.7661781642158442
vn -0.9053140449206708 -0.389106012800006 0.17030264493616937
vn -0.0663049258828104 -0.19291434181326583 0.978972784875264
vn 0.36051804710852686 -0.9316465914306669 0.04540227290207366
vn 0.5889029481435777 -0.7908038944599021 0.16680083385539365
vn 0.4987329637641879 -0.4011265278592372 0.7683507919580626
vn 0.36051804710852686 -0.9316465914306669 0.04540227290207366
vn 0.4987329637641879 -0.4011265278592372 0.7683507919580626
vn 0.3808891373840956 -0.5175852448646876 0.7661781642158442
vn -0.4987329637641879 -0.4011265278592372 0.7683507919580626
vn -0.5889029481435777 -0.7908038944599021 0.16680083385539365
vn -0.36051804710852686 -0.9316465914306669 0.04540227290207366
vn -0.4987329637641879 -0.4011265278592372 0.7683507919580626
vn -0.36051804710852686 -0.9316465914306669 0.04540227290207366
vn -0.3808891373840956 -0.5175852448646876 0.7661781642158442
vn 0.5889029481435777 -0.7908038944599021 0.16680083385539365
vn 0.9126556270548867 -0.40272456178886434 -0.0698042530009375
vn 0.5489178125511929 -0.32661057909443825 0.7694249571515139
vn 0.5889029481435777 -0.7908038944599021 0.16680083385539365
vn 0.5489178125511929 -0.32661057909443825 0.7694249571515139
vn 0.4987329637641879 -0.4011265278592372 0.7683507919580626
vn -0.5489178125511929 -0.32661057909443825 0.7694249571515139
vn -0.9126556270548867 -0.40272456178886434 -0.0698042530009375
vn -0.5889029481435777 -0.7908038944599021 0.16680083385539365
vn -0.5489178125511929 -0.32661057909443825 0.7694249571515139
vn -0.5889029481435777 -0.7908038944599021 0.16680083385539365
vn -0.4987329637641879 -0.4011265278592372 0.7683507919580626
vn 0.9126556270548867 -0.40272456178886434 -0.0698042530009375
vn 0.8801471436833602 0.4238226873020998 0.213811447761922
vn 0.4875249708167249 -0.14700752594764058 0.8606440554287847
vn 0.9126556270548867 -0.40272456178886434 -0.0698042530009375
vn 0.4875249708167249 -0.14700752594764058 0.8606440554287847
vn 0.5489178125511929 -0.32661057909443825 0.7694249571515139
vn -0.4875249708167249 -0.14700752594764058 0.8606440554287847
vn -0.8801471436833602 0.4238226873020998 0.213811447761922
vn -0.9126556270548867 -0.40272456178886434 -0.0698042530009375
vn -0.4875249708167249 -0.14700752594764058 0.8606440554287847
vn -0.9126556270548867 -0.40272456178886434 -0.0698042530009375
vn -0.5489178125511929 -0.32661057909443825 0.7694249571515139
vn 0.8801471436833602 0.4238226873020998 0.213811447761922
vn 0.5100111204042345 0.8330181831955648 0.21440467235948443
vn 0.3417150676009616 -0.03250143310234277 0.9392414329770403
vn 0.8801471436833602 0.4238226873020998 0.213811447761922
vn 0.3417150676009616 -0.03250143310234277 0.9392414329770403
vn 0.4875249708167249 -0.14700752594764058 0.8606440554287847
vn -0.3417150676009616 -0.03250143310234277 0.9392414329770403
vn -0.5100111204042345 0.8330181831955648 0.21440467235948443
vn -0.8801471436833602 0.4238226873020998 0.213811447761922
vn -0.3417150676009616 -0.03250143310234277 0.9392414329770403
vn -0.8801471436833602 0.4238226873020998 0.213811447761922
vn -0.4875249708167249 -0.14700752594764058 0.8606440554287847
vn 0.5100111204042345 0.8330181831955648 0.21440467235948443
vn 0.5977903921069165 0.7837873871050264 0.16829729326324414
vn 0.31410091624188147 -0.030400089453638635 0.9489027605488465
vn 0.5100111204042345 0.8330181831955648 0.21440467235948443
vn 0.31410091624188147 -0.030400089453638635 0.9489027605488465
vn 0.3417150676009616 -0.03250143310234277 0.9392414329770403
vn -0.31410091624188147 -0.030400089453638635 0.9489027605488465
vn -0.5977903921069165 0.7837873871050264 0.16829729326324414
vn -0.5100111204042345 0.8330181831955648 0.21440467235948443
vn -0.31410091624188147 -0.030400089453638635 0.9489027605488465
vn -0.5100111204042345 0.8330181831955648 0.21440467235948443
vn -0.3417150676009616 -0.03250143310234277 0.9392414329770403
vn 0.5977903921069165 0.7837873871050264 0.16829729326324414
vn 0.22830621796013456 0.9588261098037719 0.16890459437003097
vn 0.27109703974828137 0.21299766233747408 0.9386897202369323
vn 0.5977903921069165 0.7837873871050264 0.16829729326324414
vn 0.27109703974828137 0.21299766233747408 0.9386897202369323
vn 0.31410091624188147 -0.030400089453638635 0.9489027605488465
vn -0.27109703974828137 0.21299766233747408 0.9386897202369323
vn -0.22830621796013456 0.9588261098037719 0.16890459437003097
vn -0.5977903921069165 0.7837873871050264 0.16829729326324414
vn -0.27109703974828137 0.21299766233747408 0.9386897202369323
vn -0.5977903921069165 0.7837873871050264 0.16829729326324414
vn -0.31410091624188147 -0.030400089453638635 0.9489027605488465
vn 0.22830621796013456 0.9588261098037719 0.16890459437003097
vn -0.5987341259080847 0.777344323265108 0.19301100891035447
vn -0.1643018215502527 0.15900176230987914 0.9735108376477488
vn 0.22830621796013456 0.9588261098037719 0.16890459437003097
vn -0.1643018215502527 0.15900176230987914 0.9735108376477488
vn 0.27109703974828137 0.21299766233747408 0.9386897202369323
vn 0.1643018215502527 0.15900176230987914 0.9735108376477488
vn 0.5987341259080847 0.777344323265108 0.19301100891035447
vn -0.22830621796013456 0.9588261098037719 0.16890459437003097
vn 0.1643018215502527 0.15900176230987914 0.9735108376477488
vn -0.22830621796013456 0.9588261098037719 0.16890459437003097
vn -0.27109703974828137 0.21299766233747408 0.9386897202369323
vn -0.5987341259080847 0.777344323265108 0.19301100891035447
vn -0.7917379873899935 0.5829279523619996 0.18260876670819715
vn -0.07290190169377654 -0.028700749441782324 0.9969260653182416
vn -0.5987341259080847 0.777344323265108 0.19301100891035447
vn -0.07290190169377654 -0.028700749441782324 0.9969260653182416
vn -0.1643018215502527 0.15900176230987914 0.9735108376477488
vn 0.07290190169377654 -0.028700749441782324 0.9969260653182416
vn 0.7917379873899935 0.5829279523619996 0.18260876670819715
vn 0.5987341259080847 0.777344323265108 0.19301100891035447
vn 0.07290190169377654 -0.028700749441782324 0.9969260653182416
vn 0.5987341259080847 0.777344323265108 0.19301100891035447
vn 0.1643018215502527 0.15900176230987914 0.9735108376477488
vn -0.7917379873899935 0.5829279523619996 0.18260876670819715
vn 0 0.9595293588344025 0.2816086105481159
vn 0 -0.024100229960351573 0.9997095472765368
vn -0.7917379873899935 0.5829279523619996 0.18260876670819715
vn 0 -0.024100229960351573 0.9997095472765368
vn -0.07290190169377654 -0.028700749441782324 0.9969260653182416
vn 0 -0.024100229960351573 0.9997095472765368
vn 0 0.9595293588344025 0.2816086105481159
vn 0.7917379873899935 0.5829279523619996 0.18260876670819715
vn 0 -0.024100229960351573 0.9997095472765368
vn 0.7917379873899935 0.5829279523619996 0.18260876670819715
vn 0.07290190169377654 -0.028700749441782324 0.9969260653182416
vn 0.26540231670467496 -0.20400178271393807 0.9423082738346973
vn 0.2660107838731088 -0.12570509169689686 0.9557387157506434
vn -0.1643018215502527 0.15900176230987914 0.9735108376477488
vn 0.26540231670467496 -0.20400178271393807 0.9423082738346973
vn -0.1643018215502527 0.15900176230987914 0.9735108376477488
vn -0.07290190169377654 -0.028700749441782324 0.9969260653182416
vn 0.1643018215502527 0.15900176230987914 0.9735108376477488
vn -0.2660107838731088 -0.12570509169689686 0.9557387157506434
vn -0.26540231670467496 -0.20400178271393807 0.9423082738346973
vn 0.1643018215502527 0.15900176230987914 0.9735108376477488
vn -0.26540231670467496 -0.20400178271393807 0.9423082738346973
vn 0.07290190169377654 -0.028700749441782324 0.9969260653182416
vn 0.2660107838731088 -0.12570509169689686 0.9557387157506434
vn 0.13340718414229424 -0.0975052521861952 0.9862531363779437
vn 0.27109703974828137 0.21299766233747408 0.9386897202369323
vn 0.2660107838731088 -0.12570509169689686 0.9557387157506434
vn 0.27109703974828137 0.21299766233747408 0.9386897202369323
vn -0.1643018215502527 0.15900176230987914 0.9735108376477488
vn -0.27109703974828137 0.21299766233747408 0.9386897202369323
vn -0.13340718414229424 -0.0975052521861952 0.9862531363779437
vn -0.2660107838731088 -0.12570509169689686 0.9557387157506434
vn -0.27109703974828137 0.21299766233747408 0.9386897202369323
vn -0.2660107838731088 -0.12570509169689686 0.9557387157506434
vn 0.1643018215502527 0.15900176230987914 0.9735108376477488
vn 0.19779752073019588 -0.010399869906780518 0.9801877287024715
vn 0.31410091624188147 -0.030400089453638635 0.9489027605488465
vn 0.27109703974828137 0.21299766233747408 0.9386897202369323
vn 0.19779752073019588 -0.010399869906780518 0.9801877287024715
vn 0.27109703974828137 0.21299766233747408 0.9386897202369323
vn 0.13340718414229424 -0.0975052521861952 0.9862531363779437
vn -0.27109703974828137 0.21299766233747408 0.9386897202369323
vn -0.31410091624188147 -0.030400089453638635 0.9489027605488465
vn -0.19779752073019588 -0.010399869906780518 0.9801877287024715
vn -0.27109703974828137 0.21299766233747408 0.9386897202369323
vn -0.19779752073019588 -0.010399869906780518 0.9801877287024715
vn -0.13340718414229424 -0.0975052521861952 0.9862531363779437
vn 0.24130252450273368 -0.3067031977374394 0.9207096394446171
vn 0.3417150676009616 -0.03250143310234277 0.9392414329770403
vn 0.31410091624188147 -0.030400089453638635 0.9489027605488465
vn 0.24130252450273368 -0.3067031977374394 0.9207096394446171
vn 0.31410091624188147 -0.030400089453638635 0.9489027605488465
vn 0.19779752073019588 -0.010399869906780518 0.9801877287024715
vn -0.31410091624188147 -0.030400089453638635 0.9489027605488465
vn -0.3417150676009616 -0.03250143310234277 0.9392414329770403
vn -0.24130252450273368 -0.3067031977374394 0.9207096394446171
vn -0.31410091624188147 -0.030400089453638635 0.9489027605488465
vn -0.24130252450273368 -0.3067031977374394 0.9207096394446171
vn -0.19779752073019588 -0.010399869906780518 0.9801877287024715
vn 0.3629939114536343 -0.21229643849072322 0.90728476370528
vn 0.4875249708167249 -0.14700752594764058 0.8606440554287847
vn 0.3417150676009616 -0.03250143310234277 0.9392414329770403
vn 0.3629939114536343 -0.21229643849072322 0.90728476370528
vn 0.3417150676009616 -0.03250143310234277 0.9392414329770403
vn 0.24130252450273368 -0.3067031977374394 0.9207096394446171
vn -0.3417150676009616 -0.03250143310234277 0.9392414329770403
vn -0.4875249708167249 -0.14700752594764058 0.8606440554287847
vn -0.3629939114536343 -0.21229643849072322 0.90728476370528
vn -0.3417150676009616 -0.03250143310234277 0.9392414329770403
vn -0.3629939114536343 -0.21229643849072322 0.90728476370528
vn -0.24130252450273368 -0.3067031977374394 0.9207096394446171
vn 0.44151572332582284 -0.20580732231625645 0.8733311010934444
vn 0.5489178125511929 -0.32661057909443825 0.7694249571515139
vn 0.4875249708167249 -0.14700752594764058 0.8606440554287847
vn 0.44151572332582284 -0.20580732231625645 0.8733311010934444
vn 0.4875249708167249 -0.14700752594764058 0.8606440554287847
vn 0.3629939114536343 -0.21229643849072322 0.90728476370528
vn -0.4875249708167249 -0.14700752594764058 0.8606440554287847
vn -0.5489178125511929 -0.32661057909443825 0.7694249571515139
vn -0.44151572332582284 -0.20580732231625645 0.8733311010934444
vn -0.4875249708167249 -0.14700752594764058 0.8606440554287847
vn -0.44151572332582284 -0.20580732231625645 0.8733311010934444
vn -0.3629939114536343 -0.21229643849072322 0.90728476370528
vn 0.41942753248945686 -0.37972492543065095 0.8245541376989702
vn 0.4987329637641879 -0.4011265278592372 0.7683507919580626
vn 0.5489178125511929 -0.32661057909443825 0.7694249571515139
vn 0.41942753248945686 -0.37972492543065095 0.8245541376989702
vn 0.5489178125511929 -0.32661057909443825 0.7694249571515139
vn 0.44151572332582284 -0.20580732231625645 0.8733311010934444
vn -0.5489178125511929 -0.32661057909443825 0.7694249571515139
vn -0.4987329637641879 -0.4011265278592372 0.7683507919580626
vn -0.41942753248945686 -0.37972492543065095 0.8245541376989702
vn -0.5489178125511929 -0.32661057909443825 0.7694249571515139
vn -0.41942753248945686 -0.37972492543065095 0.8245541376989702
vn -0.44151572332582284 -0.20580732231625645 0.8733311010934444
vn 0.31061046749559 -0.3403114484247153 0.8875298617811365
vn 0.3808891373840956 -0.5175852448646876 0.7661781642158442
vn 0.4987329637641879 -0.4011265278592372 0.7683507919580626
vn 0.31061046749559 -0.3403114484247153 0.8875298617811365
vn 0.4987329637641879 -0.4011265278592372 0.7683507919580626
vn 0.41942753248945686 -0.37972492543065095 0.8245541376989702
vn -0.4987329637641879 -0.4011265278592372 0.7683507919580626
vn -0.3808891373840956 -0.5175852448646876 0.7661781642158442
vn -0.31061046749559 -0.3403114484247153 0.8875298617811365
vn -0.4987329637641879 -0.4011265278592372 0.7683507919580626
vn -0.31061046749559 -0.3403114484247153 0.8875298617811365
vn -0.41942753248945686 -0.37972492543065095 0.8245541376989702
vn -0.13490536927679037 -0.2146085324524518 0.9673384718592029
vn 0.0663049258828104 -0.19291434181326583 0.978972784875264
vn 0.3808891373840956 -0.5175852448646876 0.7661781642158442
vn -0.13490536927679037 -0.2146085324524518 0.9673384718592029
vn 0.3808891373840956 -0.5175852448646876 0.7661781642158442
vn 0.31061046749559 -0.3403114484247153 0.8875298617811365
vn -0.3808891373840956 -0.5175852448646876 0.7661781642158442
vn -0.0663049258828104 -0.19291434181326583 0.978972784875264
vn 0.13490536927679037 -0.2146085324524518 0.9673384718592029
vn -0.3808891373840956 -0.5175852448646876 0.7661781642158442
vn 0.13490536927679037 -0.2146085324524518 0.9673384718592029
vn -0.31061046749559 -0.3403114484247153 0.8875298617811365
vn -0.13490536927679037 -0.2146085324524518 0.9673384718592029
vn -0.31041051197141134 -0.16970573874529873 0.935331639737777
vn 0 0.013500120320711469 0.999908869223254
vn -0.13490536927679037 -0.2146085324524518 0.9673384718592029
vn 0 0.013500120320711469 0.999908869223254
vn 0.0663049258828104 -0.19291434181326583 0.978972784875264
vn 0 0.013500120320711469 0.999908869223254
vn 0.31041051197141134 -0.16970573874529873 0.935331639737777
vn 0.13490536927679037 -0.2146085324524518 0.9673384718592029
vn 0 0.013500120320711469 0.999908869223254
vn 0.13490536927679037 -0.2146085324524518 0.9673384718592029
vn -0.0663049258828104 -0.19291434181326583 0.978972784875264
vn 0.26540231670467496 -0.20400178271393807 0.9423082738346973
vn -0.07290190169377654 -0.028700749441782324 0.9969260653182416
vn 0 -0.024100229960351573 0.9997095472765368
vn 0.26540231670467496 -0.20400178271393807 0.9423082738346973
vn 0 -0.024100229960351573 0.9997095472765368
vn 0.028401921614165517 -0.1986134306566506 0.9796662880856005
vn 0 -0.024100229960351573 0.9997095472765368
vn 0.07290190169377654 -0.028700749441782324 0.9969260653182416
vn -0.26540231670467496 -0.20400178271393807 0.9423082738346973
vn 0 -0.024100229960351573 0.9997095472765368
vn -0.26540231670467496 -0.20400178271393807 0.9423082738346973
vn -0.028401921614165517 -0.1986134306566506 0.9796662880856005
vn 0.028401921614165517 -0.1986134306566506 0.9796662880856005
vn 0 -0.024100229960351573 0.9997095472765368
vn 0 -0.22350086018856724 0.9747037321642769
vn 0.028401921614165517 -0.1986134306566506 0.9796662880856005
vn 0 -0.22350086018856724 0.9747037321642769
vn -0.16240085480732366 -0.19970104012853362 0.9663050537637854
vn 0 -0.22350086018856724 0.9747037321642769
vn 0 -0.024100229960351573 0.9997095472765368
vn -0.028401921614165517 -0.1986134306566506 0.9796662880856005
vn 0 -0.22350086018856724 0.9747037321642769
vn -0.028401921614165517 -0.1986134306566506 0.9796662880856005
vn 0.16240085480732366 -0.19970104012853362 0.9663050537637854
vn 0 0.013500120320711469 0.999908869223254
vn -0.31041051197141134 -0.16970573874529873 0.935331639737777
vn -0.16240085480732366 -0.19970104012853362 0.9663050537637854
vn 0 0.013500120320711469 0.999908869223254
vn -0.16240085480732366 -0.19970104012853362 0.9663050537637854
vn 0 -0.22350086018856724 0.9747037321642769
vn 0.16240085480732366 -0.19970104012853362 0.9663050537637854
vn 0.31041051197141134 -0.16970573874529873 0.935331639737777
vn 0 0.013500120320711469 0.999908869223254
vn 0.16240085480732366 -0.19970104012853362 0.9663050537637854
vn 0 0.013500120320711469 0.999908869223254
vn 0 -0.22350086018856724 0.9747037321642769
vn -0.025200591224180936 -0.41180965790938134 0.9109213664496569
vn 0 -0.33121894009977404 0.9435539272978425
vn 0 -0.7922297733245356 0.6102228988313654
vn -0.025200591224180936 -0.41180965790938134 0.9109213664496569
vn 0 -0.7922297733245356 0.6102228988313654
vn 0.16790503674639132 -0.7535226063646887 0.6356190528394816
vn 0 -0.7922297733245356 0.6102228988313654
vn 0 -0.33121894009977404 0.9435539272978425
vn 0.025200591224180936 -0.41180965790938134 0.9109213664496569
vn 0 -0.7922297733245356 0.6102228988313654
vn 0.025200591224180936 -0.41180965790938134 0.9109213664496569
vn -0.16790503674639132 -0.7535226063646887 0.6356190528394816
vn 0.0891024951036186 -0.3229090277834061 0.9422263555761349
vn -0.025200591224180936 -0.41180965790938134 0.9109213664496569
vn 0.16790503674639132 -0.7535226063646887 0.6356190528394816
vn 0.0891024951036186 -0.3229090277834061 0.9422263555761349
vn 0.16790503674639132 -0.7535226063646887 0.6356190528394816
vn 0.363000627376013 -0.6184010371281853 0.6970012208048172
vn -0.16790503674639132 -0.7535226063646887 0.6356190528394816
vn 0.025200591224180936 -0.41180965790938134 0.9109213664496569
vn -0.0891024951036186 -0.3229090277834061 0.9422263555761349
vn -0.16790503674639132 -0.7535226063646887 0.6356190528394816
vn -0.0891024951036186 -0.3229090277834061 0.9422263555761349
vn -0.363000627376013 -0.6184010371281853 0.6970012208048172
vn 0.1559044037286158 -0.17060481433524882 0.972927445508482
vn 0.0891024951036186 -0.3229090277834061 0.9422263555761349
vn 0.363000627376013 -0.6184010371281853 0.6970012208048172
vn 0.1559044037286158 -0.17060481433524882 0.972927445508482
vn 0.363000627376013 -0.6184010371281853 0.6970012208048172
vn 0.5558977400582802 -0.21599913615295002 0.8026967520672277
vn -0.363000627376013 -0.6184010371281853 0.6970012208048172
vn -0.0891024951036186 -0.3229090277834061 0.9422263555761349
vn -0.1559044037286158 -0.17060481433524882 0.972927445508482
vn -0.363000627376013 -0.6184010371281853 0.6970012208048172
vn -0.1559044037286158 -0.17060481433524882 0.972927445508482
vn -0.5558977400582802 -0.21599913615295002 0.8026967520672277
vn 0.5872328834225703 0.11190627087849883 0.8016448884420595
vn 0.13860607353075577 0.002900126902581297 0.9903433473519856
vn 0.1802053620003327 -0.05780171995718975 0.9819292177526441
vn 0.5872328834225703 0.11190627087849883 0.8016448884420595
vn 0.1802053620003327 -0.05780171995718975 0.9819292177526441
vn 0.5678489530107739 -0.03300284577204635 0.8224708984125302
vn -0.1802053620003327 -0.05780171995718975 0.9819292177526441
vn -0.13860607353075577 0.002900126902581297 0.9903433473519856
vn -0.5872328834225703 0.11190627087849883 0.8016448884420595
vn -0.1802053620003327 -0.05780171995718975 0.9819292177526441
vn -0.5872328834225703 0.11190627087849883 0.8016448884420595
vn -0.5678489530107739 -0.03300284577204635 0.8224708984125302
vn 0.1559044037286158 -0.17060481433524882 0.972927445508482
vn 0.5558977400582802 -0.21599913615295002 0.8026967520672277
vn 0.5678489530107739 -0.03300284577204635 0.8224708984125302
vn 0.1559044037286158 -0.17060481433524882 0.972927445508482
vn 0.5678489530107739 -0.03300284577204635 0.8224708984125302
vn 0.1802053620003327 -0.05780171995718975 0.9819292177526441
vn -0.5678489530107739 -0.03300284577204635 0.8224708984125302
vn -0.5558977400582802 -0.21599913615295002 0.8026967520672277
vn -0.1559044037286158 -0.17060481433524882 0.972927445508482
vn -0.5678489530107739 -0.03300284577204635 0.8224708984125302
vn -0.1559044037286158 -0.17060481433524882 0.972927445508482
vn -0.1802053620003327 -0.05780171995718975 0.9819292177526441
vn 0.4969230355122837 -0.43562021309480015 0.7505348271203001
vn 0 -0.45758298759924304 0.8891669187839542
vn 0 -0.004099965560050514 0.999991595105882
vn 0.4969230355122837 -0.43562021309480015 0.7505348271203001
vn 0 -0.004099965560050514 0.999991595105882
vn 0.13860607353075577 0.002900126902581297 0.9903433473519856
vn 0 -0.004099965560050514 0.999991595105882
vn 0 -0.45758298759924304 0.8891669187839542
vn -0.4969230355122837 -0.43562021309480015 0.7505348271203001
vn 0 -0.004099965560050514 0.999991595105882
vn -0.4969230355122837 -0.43562021309480015 0.7505348271203001
vn -0.13860607353075577 0.002900126902581297 0.9903433473519856
vn 0.1802053620003327 -0.05780171995718975 0.9819292177526441
vn 0.13860607353075577 0.002900126902581297 0.9903433473519856
vn 0 -0.004099965560050514 0.999991595105882
vn 0.1802053620003327 -0.05780171995718975 0.9819292177526441
vn 0 -0.004099965560050514 0.999991595105882
vn 0 -0.0342005138462893 0.9994149913087406
vn 0 -0.004099965560050514 0.999991595105882
vn -0.13860607353075577 0.002900126902581297 0.9903433473519856
vn -0.1802053620003327 -0.05780171995718975 0.9819292177526441
vn 0 -0.004099965560050514 0.999991595105882
vn -0.1802053620003327 -0.05780171995718975 0.9819292177526441
vn 0 -0.0342005138462893 0.9994149913087406
vn 0 -0.42572480091237225 0.9048526918168066
vn 0.1559044037286158 -0.17060481433524882 0.972927445508482
vn 0.1802053620003327 -0.05780171995718975 0.9819292177526441
vn 0 -0.42572480091237225 0.9048526918168066
vn 0.1802053620003327 -0.05780171995718975 0.9819292177526441
vn 0 -0.0342005138462893 0.9994149913087406
vn -0.1802053620003327 -0.05780171995718975 0.9819292177526441
vn -0.1559044037286158 -0.17060481433524882 0.972927445508482
vn 0 -0.42572480091237225 0.9048526918168066
vn -0.1802053620003327 -0.05780171995718975 0.9819292177526441
vn 0 -0.42572480091237225 0.9048526918168066
vn 0 -0.0342005138462893 0.9994149913087406
vn 0.7215621594141365 -0.3646314245244469 0.5885507406765206
vn 0.9245979769059457 -0.2128995308034403 0.31589930497724583
vn 0.5803265227824567 -0.7306334250964283 0.3597164509541993
vn 0.7215621594141365 -0.3646314245244469 0.5885507406765206
vn 0.5803265227824567 -0.7306334250964283 0.3597164509541993
vn 0.4969230355122837 -0.43562021309480015 0.7505348271203001
vn -0.5803265227824567 -0.7306334250964283 0.3597164509541993
vn -0.9245979769059457 -0.2128995308034403 0.31589930497724583
vn -0.7215621594141365 -0.3646314245244469 0.5885507406765206
vn -0.5803265227824567 -0.7306334250964283 0.3597164509541993
vn -0.7215621594141365 -0.3646314245244469 0.5885507406765206
vn -0.4969230355122837 -0.43562021309480015 0.7505348271203001
vn 0.2528012355492114 0.3479017203404647 0.9028044795463397
vn 0.6218084493708407 0.7744105120198056 0.11680158887726404
vn 0.9245979769059457 -0.2128995308034403 0.31589930497724583
vn 0.2528012355492114 0.3479017203404647 0.9028044795463397
vn 0.9245979769059457 -0.2128995308034403 0.31589930497724583
vn 0.7215621594141365 -0.3646314245244469 0.5885507406765206
vn -0.9245979769059457 -0.2128995308034403 0.31589930497724583
vn -0.6218084493708407 0.7744105120198056 0.11680158887726404
vn -0.2528012355492114 0.3479017203404647 0.9028044795463397
vn -0.9245979769059457 -0.2128995308034403 0.31589930497724583
vn -0.2528012355492114 0.3479017203404647 0.9028044795463397
vn -0.7215621594141365 -0.3646314245244469 0.5885507406765206
vn 0 0.5692463748814632 0.8221669931858812
vn -0.30180687933178274 0.9416214485748302 0.14920340201164775
vn 0.6218084493708407 0.7744105120198056 0.11680158887726404
vn 0 0.5692463748814632 0.8221669931858812
vn 0.6218084493708407 0.7744105120198056 0.11680158887726404
vn 0.2528012355492114 0.3479017203404647 0.9028044795463397
vn -0.6218084493708407 0.7744105120198056 0.11680158887726404
vn 0.30180687933178274 0.9416214485748302 0.14920340201164775
vn 0 0.5692463748814632 0.8221669931858812
vn -0.6218084493708407 0.7744105120198056 0.11680158887726404
vn 0 0.5692463748814632 0.8221669931858812
vn -0.2528012355492114 0.3479017203404647 0.9028044795463397
vn 0 0.7592283606151591 0.650824320717671
vn 0 0.7851335549363593 0.6193264897556016
vn -0.30180687933178274 0.9416214485748302 0.14920340201164775
vn 0 0.7592283606151591 0.650824320717671
vn -0.30180687933178274 0.9416214485748302 0.14920340201164775
vn 0 0.5692463748814632 0.8221669931858812
vn 0.30180687933178274 0.9416214485748302 0.14920340201164775
vn 0 0.7851335549363593 0.6193264897556016
vn 0 0.7592283606151591 0.650824320717671
vn 0.30180687933178274 0.9416214485748302 0.14920340201164775
vn 0 0.7592283606151591 0.650824320717671
vn 0 0.5692463748814632 0.8221669931858812
vn 0 -0.45758298759924304 0.8891669187839542
vn 0.4969230355122837 -0.43562021309480015 0.7505348271203001
vn 0.5803265227824567 -0.7306334250964283 0.3597164509541993
vn 0 -0.45758298759924304 0.8891669187839542
vn 0.5803265227824567 -0.7306334250964283 0.3597164509541993
vn 0 -0.8574223368933023 0.5146133851702931
vn -0.5803265227824567 -0.7306334250964283 0.3597164509541993
vn -0.4969230355122837 -0.43562021309480015 0.7505348271203001
vn 0 -0.45758298759924304 0.8891669187839542
vn -0.5803265227824567 -0.7306334250964283 0.3597164509541993
vn 0 -0.45758298759924304 0.8891669187839542
vn 0 -0.8574223368933023 0.5146133851702931
vn 0 -0.8574223368933023 0.5146133851702931
vn 0.5803265227824567 -0.7306334250964283 0.3597164509541993
vn 0.2205936010817257 -0.5639836657859041 0.7957769083659628
vn 0 -0.8574223368933023 0.5146133851702931
vn 0.2205936010817257 -0.5639836657859041 0.7957769083659628
vn 0 -0.5285869796014957 0.8488791462839502
vn -0.2205936010817257 -0.5639836657859041 0.7957769083659628
vn -0.5803265227824567 -0.7306334250964283 0.3597164509541993
vn 0 -0.8574223368933023 0.5146133851702931
vn -0.2205936010817257 -0.5639836657859041 0.7957769083659628
vn 0 -0.8574223368933023 0.5146133851702931
vn 0 -0.5285869796014957 0.8488791462839502
vn 0 0.7851335549363593 0.6193264897556016
vn 0 0.11360299996615095 0.9935262243135259
vn -0.19921284255857 0.6017387868136763 0.7734498534512367
vn 0 0.7851335549363593 0.6193264897556016
vn -0.19921284255857 0.6017387868136763 0.7734498534512367
vn -0.30180687933178274 0.9416214485748302 0.14920340201164775
vn 0.19921284255857 0.6017387868136763 0.7734498534512367
vn 0 0.11360299996615095 0.9935262243135259
vn 0 0.7851335549363593 0.6193264897556016
vn 0.19921284255857 0.6017387868136763 0.7734498534512367
vn 0 0.7851335549363593 0.6193264897556016
vn 0.30180687933178274 0.9416214485748302 0.14920340201164775
vn -0.30180687933178274 0.9416214485748302 0.14920340201164775
vn -0.19921284255857 0.6017387868136763 0.7734498534512367
vn 0.36640568245510263 0.4751073744525952 0.8000124115320786
vn -0.30180687933178274 0.9416214485748302 0.14920340201164775
vn 0.36640568245510263 0.4751073744525952 0.8000124115320786
vn 0.6218084493708407 0.7744105120198056 0.11680158887726404
vn -0.36640568245510263 0.4751073744525952 0.8000124115320786
vn 0.19921284255857 0.6017387868136763 0.7734498534512367
vn 0.30180687933178274 0.9416214485748302 0.14920340201164775
vn -0.36640568245510263 0.4751073744525952 0.8000124115320786
vn 0.30180687933178274 0.9416214485748302 0.14920340201164775
vn -0.6218084493708407 0.7744105120198056 0.11680158887726404
vn 0.6218084493708407 0.7744105120198056 0.11680158887726404
vn 0.36640568245510263 0.4751073744525952 0.8000124115320786
vn 0.42963294091921606 -0.1849141783111687 0.8838677970921957
vn 0.6218084493708407 0.7744105120198056 0.11680158887726404
vn 0.42963294091921606 -0.1849141783111687 0.8838677970921957
vn 0.9245979769059457 -0.2128995308034403 0.31589930497724583
vn -0.42963294091921606 -0.1849141783111687 0.8838677970921957
vn -0.36640568245510263 0.4751073744525952 0.8000124115320786
vn -0.6218084493708407 0.7744105120198056 0.11680158887726404
vn -0.42963294091921606 -0.1849141783111687 0.8838677970921957
vn -0.6218084493708407 0.7744105120198056 0.11680158887726404
vn -0.9245979769059457 -0.2128995308034403 0.31589930497724583
vn 0.9245979769059457 -0.2128995308034403 0.31589930497724583
vn 0.42963294091921606 -0.1849141783111687 0.8838677970921957
vn 0.2205936010817257 -0.5639836657859041 0.7957769083659628
vn 0.9245979769059457 -0.2128995308034403 0.31589930497724583
vn 0.2205936010817257 -0.5639836657859041 0.7957769083659628
vn 0.5803265227824567 -0.7306334250964283 0.3597164509541993
vn -0.2205936010817257 -0.5639836657859041 0.7957769083659628
vn -0.42963294091921606 -0.1849141783111687 0.8838677970921957
vn -0.9245979769059457 -0.2128995308034403 0.31589930497724583
vn -0.2205936010817257 -0.5639836657859041 0.7957769083659628
vn -0.9245979769059457 -0.2128995308034403 0.31589930497724583
vn -0.5803265227824567 -0.7306334250964283 0.3597164509541993
vn 0 0.11360299996615095 0.9935262243135259
vn 0.42963294091921606 -0.1849141783111687 0.8838677970921957
vn 0.36640568245510263 0.4751073744525952 0.8000124115320786
vn 0 0.11360299996615095 0.9935262243135259
vn 0.36640568245510263 0.4751073744525952 0.8000124115320786
vn -0.19921284255857 0.6017387868136763 0.7734498534512367
vn -0.36640568245510263 0.4751073744525952 0.8000124115320786
vn -0.42963294091921606 -0.1849141783111687 0.8838677970921957
vn 0 0.11360299996615095 0.9935262243135259
vn -0.36640568245510263 0.4751073744525952 0.8000124115320786
vn 0 0.11360299996615095 0.9935262243135259
vn 0.19921284255857 0.6017387868136763 0.7734498534512367
vn 0 0.11360299996615095 0.9935262243135259
vn 0 -0.5285869796014957 0.8488791462839502
vn 0.2205936010817257 -0.5639836657859041 0.7957769083659628
vn 0 0.11360299996615095 0.9935262243135259
vn 0.2205936010817257 -0.5639836657859041 0.7957769083659628
vn 0.42963294091921606 -0.1849141783111687 0.8838677970921957
vn -0.2205936010817257 -0.5639836657859041 0.7957769083659628
vn 0 -0.5285869796014957 0.8488791462839502
vn 0 0.11360299996615095 0.9935262243135259
vn -0.2205936010817257 -0.5639836657859041 0.7957769083659628
vn 0 0.11360299996615095 0.9935262243135259
vn -0.42963294091921606 -0.1849141783111687 0.8838677970921957
vn 0 0.5692463748814632 0.8221669931858812
vn 0.2528012355492114 0.3479017203404647 0.9028044795463397
vn 0.0663049258828104 -0.19291434181326583 0.978972784875264
vn 0 0.5692463748814632 0.8221669931858812
vn 0.0663049258828104 -0.19291434181326583 0.978972784875264
vn 0 0.013500120320711469 0.999908869223254
vn -0.0663049258828104 -0.19291434181326583 0.978972784875264
vn -0.2528012355492114 0.3479017203404647 0.9028044795463397
vn 0 0.5692463748814632 0.8221669931858812
vn -0.0663049258828104 -0.19291434181326583 0.978972784875264
vn 0 0.5692463748814632 0.8221669931858812
vn 0 0.013500120320711469 0.999908869223254
vn 0.2528012355492114 0.3479017203404647 0.9028044795463397
vn 0.7215621594141365 -0.3646314245244469 0.5885507406765206
vn 0.7430203309647636 0.02950080855237537 0.668618344100556
vn 0.2528012355492114 0.3479017203404647 0.9028044795463397
vn 0.7430203309647636 0.02950080855237537 0.668618344100556
vn 0.0663049258828104 -0.19291434181326583 0.978972784875264
vn -0.7430203309647636 0.02950080855237537 0.668618344100556
vn -0.7215621594141365 -0.3646314245244469 0.5885507406765206
vn -0.2528012355492114 0.3479017203404647 0.9028044795463397
vn -0.7430203309647636 0.02950080855237537 0.668618344100556
vn -0.2528012355492114 0.3479017203404647 0.9028044795463397
vn -0.0663049258828104 -0.19291434181326583 0.978972784875264
vn 0.7215621594141365 -0.3646314245244469 0.5885507406765206
vn 0.4969230355122837 -0.43562021309480015 0.7505348271203001
vn 0.6463964725566603 0.14239922498020613 0.7495959318134958
vn 0.7215621594141365 -0.3646314245244469 0.5885507406765206
vn 0.6463964725566603 0.14239922498020613 0.7495959318134958
vn 0.7430203309647636 0.02950080855237537 0.668618344100556
vn -0.6463964725566603 0.14239922498020613 0.7495959318134958
vn -0.4969230355122837 -0.43562021309480015 0.7505348271203001
vn -0.7215621594141365 -0.3646314245244469 0.5885507406765206
vn -0.6463964725566603 0.14239922498020613 0.7495959318134958
vn -0.7215621594141365 -0.3646314245244469 0.5885507406765206
vn -0.7430203309647636 0.02950080855237537 0.668618344100556
vn 0.4969230355122837 -0.43562021309480015 0.7505348271203001
vn 0.13860607353075577 0.002900126902581297 0.9903433473519856
vn 0.5872328834225703 0.11190627087849883 0.8016448884420595
vn 0.4969230355122837 -0.43562021309480015 0.7505348271203001
vn 0.5872328834225703 0.11190627087849883 0.8016448884420595
vn 0.6463964725566603 0.14239922498020613 0.7495959318134958
vn -0.5872328834225703 0.11190627087849883 0.8016448884420595
vn -0.13860607353075577 0.002900126902581297 0.9903433473519856
vn -0.4969230355122837 -0.43562021309480015 0.7505348271203001
vn -0.5872328834225703 0.11190627087849883 0.8016448884420595
vn -0.4969230355122837 -0.43562021309480015 0.7505348271203001
vn -0.6463964725566603 0.14239922498020613 0.7495959318134958
vn 0.9651350016002092 0.21890793619173687 0.14350520603252942
vn 0.9385336632097786 0.32511167019814013 0.11600415907634286
vn 0.6463964725566603 0.14239922498020613 0.7495959318134958
vn 0.9651350016002092 0.21890793619173687 0.14350520603252942
vn 0.6463964725566603 0.14239922498020613 0.7495959318134958
vn 0.5872328834225703 0.11190627087849883 0.8016448884420595
vn -0.6463964725566603 0.14239922498020613 0.7495959318134958
vn -0.9385336632097786 0.32511167019814013 0.11600415907634286
vn -0.9651350016002092 0.21890793619173687 0.14350520603252942
vn -0.6463964725566603 0.14239922498020613 0.7495959318134958
vn -0.9651350016002092 0.21890793619173687 0.14350520603252942
vn -0.5872328834225703 0.11190627087849883 0.8016448884420595
vn 0.9385336632097786 0.32511167019814013 0.11600415907634286
vn 0.9534417014201527 0.2816123108945623 0.10790471882947898
vn 0.7430203309647636 0.02950080855237537 0.668618344100556
vn 0.9385336632097786 0.32511167019814013 0.11600415907634286
vn 0.7430203309647636 0.02950080855237537 0.668618344100556
vn 0.6463964725566603 0.14239922498020613 0.7495959318134958
vn -0.7430203309647636 0.02950080855237537 0.668618344100556
vn -0.9534417014201527 0.2816123108945623 0.10790471882947898
vn -0.9385336632097786 0.32511167019814013 0.11600415907634286
vn -0.7430203309647636 0.02950080855237537 0.668618344100556
vn -0.9385336632097786 0.32511167019814013 0.11600415907634286
vn -0.6463964725566603 0.14239922498020613 0.7495959318134958
vn 0.9053140449206708 -0.389106012800006 0.17030264493616937
vn 0.0663049258828104 -0.19291434181326583 0.978972784875264
vn 0.7430203309647636 0.02950080855237537 0.668618344100556
vn 0.9053140449206708 -0.389106012800006 0.17030264493616937
vn 0.7430203309647636 0.02950080855237537 0.668618344100556
vn 0.9534417014201527 0.2816123108945623 0.10790471882947898
vn -0.7430203309647636 0.02950080855237537 0.668618344100556
vn -0.0663049258828104 -0.19291434181326583 0.978972784875264
vn -0.9053140449206708 -0.389106012800006 0.17030264493616937
vn -0.7430203309647636 0.02950080855237537 0.668618344100556
vn -0.9053140449206708 -0.389106012800006 0.17030264493616937
vn -0.9534417014201527 0.2816123108945623 0.10790471882947898
vn 0.1559044037286158 -0.17060481433524882 0.972927445508482
vn 0 -0.42572480091237225 0.9048526918168066
vn 0 -0.9031117577732009 0.42940558097421055
vn 0.1559044037286158 -0.17060481433524882 0.972927445508482
vn 0 -0.9031117577732009 0.42940558097421055
vn -0.11400569858238939 -0.615130773161483 0.7801389828745244
vn 0 -0.9031117577732009 0.42940558097421055
vn 0 -0.42572480091237225 0.9048526918168066
vn -0.1559044037286158 -0.17060481433524882 0.972927445508482
vn 0 -0.9031117577732009 0.42940558097421055
vn -0.1559044037286158 -0.17060481433524882 0.972927445508482
vn 0.11400569858238939 -0.615130773161483 0.7801389828745244
vn 0.0891024951036186 -0.3229090277834061 0.9422263555761349
vn 0.1559044037286158 -0.17060481433524882 0.972927445508482
vn -0.11400569858238939 -0.615130773161483 0.7801389828745244
vn 0.0891024951036186 -0.3229090277834061 0.9422263555761349
vn -0.11400569858238939 -0.615130773161483 0.7801389828745244
vn -0.6502921516031009 0.061499257009035704 0.7571908339056582
vn 0.11400569858238939 -0.615130773161483 0.7801389828745244
vn -0.1559044037286158 -0.17060481433524882 0.972927445508482
vn -0.0891024951036186 -0.3229090277834061 0.9422263555761349
vn 0.11400569858238939 -0.615130773161483 0.7801389828745244
vn -0.0891024951036186 -0.3229090277834061 0.9422263555761349
vn 0.6502921516031009 0.061499257009035704 0.7571908339056582
vn -0.025200591224180936 -0.41180965790938134 0.9109213664496569
vn 0.0891024951036186 -0.3229090277834061 0.9422263555761349
vn -0.6502921516031009 0.061499257009035704 0.7571908339056582
vn -0.025200591224180936 -0.41180965790938134 0.9109213664496569
vn -0.6502921516031009 0.061499257009035704 0.7571908339056582
vn -0.37050932357837585 0.5450137339901379 0.7521189207190719
vn 0.6502921516031009 0.061499257009035704 0.7571908339056582
vn -0.0891024951036186 -0.3229090277834061 0.9422263555761349
vn 0.025200591224180936 -0.41180965790938134 0.9109213664496569
vn 0.6502921516031009 0.061499257009035704 0.7571908339056582
vn 0.025200591224180936 -0.41180965790938134 0.9109213664496569
vn 0.37050932357837585 0.5450137339901379 0.7521189207190719
vn 0 -0.33121894009977404 0.9435539272978425
vn -0.025200591224180936 -0.41180965790938134 0.9109213664496569
vn -0.37050932357837585 0.5450137339901379 0.7521189207190719
vn 0 -0.33121894009977404 0.9435539272978425
vn -0.37050932357837585 0.5450137339901379 0.7521189207190719
vn 0 0.6467219345361258 0.7627258612305283
vn 0.37050932357837585 0.5450137339901379 0.7521189207190719
vn 0.025200591224180936 -0.41180965790938134 0.9109213664496569
vn 0 -0.33121894009977404 0.9435539272978425
vn 0.37050932357837585 0.5450137339901379 0.7521189207190719
vn 0 -0.33121894009977404 0.9435539272978425
vn 0 0.6467219345361258 0.7627258612305283
vn 0 0.6467219345361258 0.7627258612305283
vn -0.37050932357837585 0.5450137339901379 0.7521189207190719
vn -0.32722249632917794 0.47453263077998104 0.8171561785981499
vn 0 0.6467219345361258 0.7627258612305283
vn -0.32722249632917794 0.47453263077998104 0.8171561785981499
vn 0 0.528892911948239 0.8486885693179286
vn 0.32722249632917794 0.47453263077998104 0.8171561785981499
vn 0.37050932357837585 0.5450137339901379 0.7521189207190719
vn 0 0.6467219345361258 0.7627258612305283
vn 0.32722249632917794 0.47453263077998104 0.8171561785981499
vn 0 0.6467219345361258 0.7627258612305283
vn 0 0.528892911948239 0.8486885693179286
vn -0.37050932357837585 0.5450137339901379 0.7521189207190719
vn -0.6502921516031009 0.061499257009035704 0.7571908339056582
vn -0.6748161541728048 0.11470274644908644 0.729017446995929
vn -0.37050932357837585 0.5450137339901379 0.7521189207190719
vn -0.6748161541728048 0.11470274644908644 0.729017446995929
vn -0.32722249632917794 0.47453263077998104 0.8171561785981499
vn 0.6748161541728048 0.11470274644908644 0.729017446995929
vn 0.6502921516031009 0.061499257009035704 0.7571908339056582
vn 0.37050932357837585 0.5450137339901379 0.7521189207190719
vn 0.6748161541728048 0.11470274644908644 0.729017446995929
vn 0.37050932357837585 0.5450137339901379 0.7521189207190719
vn 0.32722249632917794 0.47453263077998104 0.8171561785981499
vn -0.6502921516031009 0.061499257009035704 0.7571908339056582
vn -0.11400569858238939 -0.615130773161483 0.7801389828745244
vn -0.5163306685681825 -0.7041418059695882 0.48742892587721987
vn -0.6502921516031009 0.061499257009035704 0.7571908339056582
vn -0.5163306685681825 -0.7041418059695882 0.48742892587721987
vn -0.6748161541728048 0.11470274644908644 0.729017446995929
vn 0.5163306685681825 -0.7041418059695882 0.48742892587721987
vn 0.11400569858238939 -0.615130773161483 0.7801389828745244
vn 0.6502921516031009 0.061499257009035704 0.7571908339056582
vn 0.5163306685681825 -0.7041418059695882 0.48742892587721987
vn 0.6502921516031009 0.061499257009035704 0.7571908339056582
vn 0.6748161541728048 0.11470274644908644 0.729017446995929
vn -0.11400569858238939 -0.615130773161483 0.7801389828745244
vn 0 -0.9031117577732009 0.42940558097421055
vn 0 -0.6988085522048165 0.7153087496776536
vn -0.11400569858238939 -0.615130773161483 0.7801389828745244
vn 0 -0.6988085522048165 0.7153087496776536
vn -0.5163306685681825 -0.7041418059695882 0.48742892587721987
vn 0 -0.6988085522048165 0.7153087496776536
vn 0 -0.9031117577732009 0.42940558097421055
vn 0.11400569858238939 -0.615130773161483 0.7801389828745244
vn 0 -0.6988085522048165 0.7153087496776536
vn 0.11400569858238939 -0.615130773161483 0.7801389828745244
vn 0.5163306685681825 -0.7041418059695882 0.48742892587721987
vn 0 -0.6988085522048165 0.7153087496776536
vn 0 0.528892911948239 0.8486885693179286
vn -0.32722249632917794 0.47453263077998104 0.8171561785981499
vn 0 -0.6988085522048165 0.7153087496776536
vn -0.32722249632917794 0.47453263077998104 0.8171561785981499
vn -0.5163306685681825 -0.7041418059695882 0.48742892587721987
vn 0.32722249632917794 0.47453263077998104 0.8171561785981499
vn 0 0.528892911948239 0.8486885693179286
vn 0 -0.6988085522048165 0.7153087496776536
vn 0.32722249632917794 0.47453263077998104 0.8171561785981499
vn 0 -0.6988085522048165 0.7153087496776536
vn 0.5163306685681825 -0.7041418059695882 0.48742892587721987
vn -0.5163306685681825 -0.7041418059695882 0.48742892587721987
vn -0.32722249632917794 0.47453263077998104 0.8171561785981499
vn -0.6748161541728048 0.11470274644908644 0.729017446995929
vn 0.6748161541728048 0.11470274644908644 0.729017446995929
vn 0.32722249632917794 0.47453263077998104 0.8171561785981499
vn 0.5163306685681825 -0.7041418059695882 0.48742892587721987
vn -0.16240085480732366 -0.19970104012853362 0.9663050537637854
vn -0.31041051197141134 -0.16970573874529873 0.935331639737777
vn -0.016999881487285342 -0.060999572118896256 0.997993014119202
vn -0.16240085480732366 -0.19970104012853362 0.9663050537637854
vn -0.016999881487285342 -0.060999572118896256 0.997993014119202
vn 0.16490371578203938 -0.08970201711140233 0.9822221299927131
vn 0.016999881487285342 -0.060999572118896256 0.997993014119202
vn 0.31041051197141134 -0.16970573874529873 0.935331639737777
vn 0.16240085480732366 -0.19970104012853362 0.9663050537637854
vn 0.016999881487285342 -0.060999572118896256 0.997993014119202
vn 0.16240085480732366 -0.19970104012853362 0.9663050537637854
vn -0.16490371578203938 -0.08970201711140233 0.9822221299927131
vn 0.028401921614165517 -0.1986134306566506 0.9796662880856005
vn -0.16240085480732366 -0.19970104012853362 0.9663050537637854
vn 0.16490371578203938 -0.08970201711140233 0.9822221299927131
vn 0.028401921614165517 -0.1986134306566506 0.9796662880856005
vn 0.16490371578203938 -0.08970201711140233 0.9822221299927131
vn 0.23581836473286077 -0.10890848546084353 0.9656752252436348
vn -0.16490371578203938 -0.08970201711140233 0.9822221299927131
vn 0.16240085480732366 -0.19970104012853362 0.9663050537637854
vn -0.028401921614165517 -0.1986134306566506 0.9796662880856005
vn -0.16490371578203938 -0.08970201711140233 0.9822221299927131
vn -0.028401921614165517 -0.1986134306566506 0.9796662880856005
vn -0.23581836473286077 -0.10890848546084353 0.9656752252436348
vn 0.26540231670467496 -0.20400178271393807 0.9423082738346973
vn 0.028401921614165517 -0.1986134306566506 0.9796662880856005
vn 0.23581836473286077 -0.10890848546084353 0.9656752252436348
vn 0.26540231670467496 -0.20400178271393807 0.9423082738346973
vn 0.23581836473286077 -0.10890848546084353 0.9656752252436348
vn 0.16330449920405318 -0.08360230662220215 0.9830271079004693
vn -0.23581836473286077 -0.10890848546084353 0.9656752252436348
vn -0.028401921614165517 -0.1986134306566506 0.9796662880856005
vn -0.26540231670467496 -0.20400178271393807 0.9423082738346973
vn -0.23581836473286077 -0.10890848546084353 0.9656752252436348
vn -0.26540231670467496 -0.20400178271393807 0.9423082738346973
vn -0.16330449920405318 -0.08360230662220215 0.9830271079004693
vn -0.31041051197141134 -0.16970573874529873 0.935331639737777
vn -0.13490536927679037 -0.2146085324524518 0.9673384718592029
vn 0.012900927871800937 -0.15601121869588586 0.9876710311136351
vn -0.31041051197141134 -0.16970573874529873 0.935331639737777
vn 0.012900927871800937 -0.15601121869588586 0.9876710311136351
vn -0.016999881487285342 -0.060999572118896256 0.997993014119202
vn -0.012900927871800937 -0.15601121869588586 0.9876710311136351
vn 0.13490536927679037 -0.2146085324524518 0.9673384718592029
vn 0.31041051197141134 -0.16970573874529873 0.935331639737777
vn -0.012900927871800937 -0.15601121869588586 0.9876710311136351
vn 0.31041051197141134 -0.16970573874529873 0.935331639737777
vn 0.016999881487285342 -0.060999572118896256 0.997993014119202
vn -0.13490536927679037 -0.2146085324524518 0.9673384718592029
vn 0.31061046749559 -0.3403114484247153 0.8875298617811365
vn 0.19979588392036005 -0.20719573754368437 0.9576802864798935
vn -0.13490536927679037 -0.2146085324524518 0.9673384718592029
vn 0.19979588392036005 -0.20719573754368437 0.9576802864798935
vn 0.012900927871800937 -0.15601121869588586 0.9876710311136351
vn -0.19979588392036005 -0.20719573754368437 0.9576802864798935
vn -0.31061046749559 -0.3403114484247153 0.8875298617811365
vn 0.13490536927679037 -0.2146085324524518 0.9673384718592029
vn -0.19979588392036005 -0.20719573754368437 0.9576802864798935
vn 0.13490536927679037 -0.2146085324524518 0.9673384718592029
vn -0.012900927871800937 -0.15601121869588586 0.9876710311136351
vn 0.31061046749559 -0.3403114484247153 0.8875298617811365
vn 0.41942753248945686 -0.37972492543065095 0.8245541376989702
vn 0.28581270036096906 -0.04250188757711687 0.9573425143932307
vn 0.31061046749559 -0.3403114484247153 0.8875298617811365
vn 0.28581270036096906 -0.04250188757711687 0.9573425143932307
vn 0.19979588392036005 -0.20719573754368437 0.9576802864798935
vn -0.28581270036096906 -0.04250188757711687 0.9573425143932307
vn -0.41942753248945686 -0.37972492543065095 0.8245541376989702
vn -0.31061046749559 -0.3403114484247153 0.8875298617811365
vn -0.28581270036096906 -0.04250188757711687 0.9573425143932307
vn -0.31061046749559 -0.3403114484247153 0.8875298617811365
vn -0.19979588392036005 -0.20719573754368437 0.9576802864798935
vn 0.41942753248945686 -0.37972492543065095 0.8245541376989702
vn 0.44151572332582284 -0.20580732231625645 0.8733311010934444
vn 0.29899182615389625 -0.09339744978802897 0.9496740515915189
vn 0.41942753248945686 -0.37972492543065095 0.8245541376989702
vn 0.29899182615389625 -0.09339744978802897 0.9496740515915189
vn 0.28581270036096906 -0.04250188757711687 0.9573425143932307
vn -0.29899182615389625 -0.09339744978802897 0.9496740515915189
vn -0.44151572332582284 -0.20580732231625645 0.8733311010934444
vn -0.41942753248945686 -0.37972492543065095 0.8245541376989702
vn -0.29899182615389625 -0.09339744978802897 0.9496740515915189
vn -0.41942753248945686 -0.37972492543065095 0.8245541376989702
vn -0.28581270036096906 -0.04250188757711687 0.9573425143932307
vn 0.44151572332582284 -0.20580732231625645 0.8733311010934444
vn 0.3629939114536343 -0.21229643849072322 0.90728476370528
vn 0.18699521214420844 -0.06549831934470696 0.9801748623578149
vn 0.44151572332582284 -0.20580732231625645 0.8733311010934444
vn 0.18699521214420844 -0.06549831934470696 0.9801748623578149
vn 0.29899182615389625 -0.09339744978802897 0.9496740515915189
vn -0.18699521214420844 -0.06549831934470696 0.9801748623578149
vn -0.3629939114536343 -0.21229643849072322 0.90728476370528
vn -0.44151572332582284 -0.20580732231625645 0.8733311010934444
vn -0.18699521214420844 -0.06549831934470696 0.9801748623578149
vn -0.44151572332582284 -0.20580732231625645 0.8733311010934444
vn -0.29899182615389625 -0.09339744978802897 0.9496740515915189
vn 0.3629939114536343 -0.21229643849072322 0.90728476370528
vn 0.24130252450273368 -0.3067031977374394 0.9207096394446171
vn 0.3063059755847333 0.034200667121426304 0.9513185395489431
vn 0.3629939114536343 -0.21229643849072322 0.90728476370528
vn 0.3063059755847333 0.034200667121426304 0.9513185395489431
vn 0.18699521214420844 -0.06549831934470696 0.9801748623578149
vn -0.3063059755847333 0.034200667121426304 0.9513185395489431
vn -0.24130252450273368 -0.3067031977374394 0.9207096394446171
vn -0.3629939114536343 -0.21229643849072322 0.90728476370528
vn -0.3063059755847333 0.034200667121426304 0.9513185395489431
vn -0.3629939114536343 -0.21229643849072322 0.90728476370528
vn -0.18699521214420844 -0.06549831934470696 0.9801748623578149
vn 0.24130252450273368 -0.3067031977374394 0.9207096394446171
vn 0.19779752073019588 -0.010399869906780518 0.9801877287024715
vn 0.17300987066028015 -0.11090633173927318 0.9786558998106798
vn 0.24130252450273368 -0.3067031977374394 0.9207096394446171
vn 0.17300987066028015 -0.11090633173927318 0.9786558998106798
vn 0.3063059755847333 0.034200667121426304 0.9513185395489431
vn -0.17300987066028015 -0.11090633173927318 0.9786558998106798
vn -0.19779752073019588 -0.010399869906780518 0.9801877287024715
vn -0.24130252450273368 -0.3067031977374394 0.9207096394446171
vn -0.17300987066028015 -0.11090633173927318 0.9786558998106798
vn -0.24130252450273368 -0.3067031977374394 0.9207096394446171
vn -0.3063059755847333 0.034200667121426304 0.9513185395489431
vn 0.19779752073019588 -0.010399869906780518 0.9801877287024715
vn 0.13340718414229424 -0.0975052521861952 0.9862531363779437
vn 0.16569875687860802 0.11289914694930171 0.9796926582285916
vn 0.19779752073019588 -0.010399869906780518 0.9801877287024715
vn 0.16569875687860802 0.11289914694930171 0.9796926582285916
vn 0.17300987066028015 -0.11090633173927318 0.9786558998106798
vn -0.16569875687860802 0.11289914694930171 0.9796926582285916
vn -0.13340718414229424 -0.0975052521861952 0.9862531363779437
vn -0.19779752073019588 -0.010399869906780518 0.9801877287024715
vn -0.16569875687860802 0.11289914694930171 0.9796926582285916
vn -0.19779752073019588 -0.010399869906780518 0.9801877287024715
vn -0.17300987066028015 -0.11090633173927318 0.9786558998106798
vn 0.13340718414229424 -0.0975052521861952 0.9862531363779437
vn 0.2660107838731088 -0.12570509169689686 0.9557387157506434
vn 0.18279368767751378 0.03669873283969286 0.9824661168474037
vn 0.13340718414229424 -0.0975052521861952 0.9862531363779437
vn 0.18279368767751378 0.03669873283969286 0.9824661168474037
vn 0.16569875687860802 0.11289914694930171 0.9796926582285916
vn -0.18279368767751378 0.03669873283969286 0.9824661168474037
vn -0.2660107838731088 -0.12570509169689686 0.9557387157506434
vn -0.13340718414229424 -0.0975052521861952 0.9862531363779437
vn -0.18279368767751378 0.03669873283969286 0.9824661168474037
vn -0.13340718414229424 -0.0975052521861952 0.9862531363779437
vn -0.16569875687860802 0.11289914694930171 0.9796926582285916
vn 0.2660107838731088 -0.12570509169689686 0.9557387157506434
vn 0.26540231670467496 -0.20400178271393807 0.9423082738346973
vn 0.16330449920405318 -0.08360230662220215 0.9830271079004693
vn 0.2660107838731088 -0.12570509169689686 0.9557387157506434
vn 0.16330449920405318 -0.08360230662220215 0.9830271079004693
vn 0.18279368767751378 0.03669873283969286 0.9824661168474037
vn -0.16330449920405318 -0.08360230662220215 0.9830271079004693
vn -0.26540231670467496 -0.20400178271393807 0.9423082738346973
vn -0.2660107838731088 -0.12570509169689686 0.9557387157506434
vn -0.16330449920405318 -0.08360230662220215 0.9830271079004693
vn -0.2660107838731088 -0.12570509169689686 0.9557387157506434
vn -0.18279368767751378 0.03669873283969286 0.9824661168474037
vn 0.18279368767751378 0.03669873283969286 0.9824661168474037
vn 0.16330449920405318 -0.08360230662220215 0.9830271079004693
vn 0.5010161271383088 -0.38391235431059806 0.775625002533456
vn 0.18279368767751378 0.03669873283969286 0.9824661168474037
vn 0.5010161271383088 -0.38391235431059806 0.775625002533456
vn 0.3063147610068054 -0.3431165298261719 0.887942742607534
vn -0.5010161271383088 -0.38391235431059806 0.775625002533456
vn -0.16330449920405318 -0.08360230662220215 0.9830271079004693
vn -0.18279368767751378 0.03669873283969286 0.9824661168474037
vn -0.5010161271383088 -0.38391235431059806 0.775625002533456
vn -0.18279368767751378 0.03669873283969286 0.9824661168474037
vn -0.3063147610068054 -0.3431165298261719 0.887942742607534
vn 0.16569875687860802 0.11289914694930171 0.9796926582285916
vn 0.18279368767751378 0.03669873283969286 0.9824661168474037
vn 0.3063147610068054 -0.3431165298261719 0.887942742607534
vn 0.16569875687860802 0.11289914694930171 0.9796926582285916
vn 0.3063147610068054 -0.3431165298261719 0.887942742607534
vn 0.002100035381670924 -0.49530835762614284 0.8687146946593506
vn -0.3063147610068054 -0.3431165298261719 0.887942742607534
vn -0.18279368767751378 0.03669873283969286 0.9824661168474037
vn -0.16569875687860802 0.11289914694930171 0.9796926582285916
vn -0.3063147610068054 -0.3431165298261719 0.887942742607534
vn -0.16569875687860802 0.11289914694930171 0.9796926582285916
vn -0.002100035381670924 -0.49530835762614284 0.8687146946593506
vn 0.17300987066028015 -0.11090633173927318 0.9786558998106798
vn 0.16569875687860802 0.11289914694930171 0.9796926582285916
vn 0.002100035381670924 -0.49530835762614284 0.8687146946593506
vn 0.17300987066028015 -0.11090633173927318 0.9786558998106798
vn 0.002100035381670924 -0.49530835762614284 0.8687146946593506
vn -0.14010358260600989 -0.7620194975645369 0.6322161588194749
vn -0.002100035381670924 -0.49530835762614284 0.8687146946593506
vn -0.16569875687860802 0.11289914694930171 0.9796926582285916
vn -0.17300987066028015 -0.11090633173927318 0.9786558998106798
vn -0.002100035381670924 -0.49530835762614284 0.8687146946593506
vn -0.17300987066028015 -0.11090633173927318 0.9786558998106798
vn 0.14010358260600989 -0.7620194975645369 0.6322161588194749
vn 0.3063059755847333 0.034200667121426304 0.9513185395489431
vn 0.17300987066028015 -0.11090633173927318 0.9786558998106798
vn -0.14010358260600989 -0.7620194975645369 0.6322161588194749
vn 0.3063059755847333 0.034200667121426304 0.9513185395489431
vn -0.14010358260600989 -0.7620194975645369 0.6322161588194749
vn -0.19431599102064057 -0.6160507068781033 0.7633628378357541
vn 0.14010358260600989 -0.7620194975645369 0.6322161588194749
vn -0.17300987066028015 -0.11090633173927318 0.9786558998106798
vn -0.3063059755847333 0.034200667121426304 0.9513185395489431
vn 0.14010358260600989 -0.7620194975645369 0.6322161588194749
vn -0.3063059755847333 0.034200667121426304 0.9513185395489431
vn 0.19431599102064057 -0.6160507068781033 0.7633628378357541
vn 0.18699521214420844 -0.06549831934470696 0.9801748623578149
vn 0.3063059755847333 0.034200667121426304 0.9513185395489431
vn -0.19431599102064057 -0.6160507068781033 0.7633628378357541
vn 0.18699521214420844 -0.06549831934470696 0.9801748623578149
vn -0.19431599102064057 -0.6160507068781033 0.7633628378357541
vn -0.3549056862797981 -0.12860206089196 0.9260148291364486
vn 0.19431599102064057 -0.6160507068781033 0.7633628378357541
vn -0.3063059755847333 0.034200667121426304 0.9513185395489431
vn -0.18699521214420844 -0.06549831934470696 0.9801748623578149
vn 0.19431599102064057 -0.6160507068781033 0.7633628378357541
vn -0.18699521214420844 -0.06549831934470696 0.9801748623578149
vn 0.3549056862797981 -0.12860206089196 0.9260148291364486
vn 0.29899182615389625 -0.09339744978802897 0.9496740515915189
vn 0.18699521214420844 -0.06549831934470696 0.9801748623578149
vn -0.3549056862797981 -0.12860206089196 0.9260148291364486
vn 0.29899182615389625 -0.09339744978802897 0.9496740515915189
vn -0.3549056862797981 -0.12860206089196 0.9260148291364486
vn -0.254909804807082 0.22410860636061322 0.9406361272927587
vn 0.3549056862797981 -0.12860206089196 0.9260148291364486
vn -0.18699521214420844 -0.06549831934470696 0.9801748623578149
vn -0.29899182615389625 -0.09339744978802897 0.9496740515915189
vn 0.3549056862797981 -0.12860206089196 0.9260148291364486
vn -0.29899182615389625 -0.09339744978802897 0.9496740515915189
vn 0.254909804807082 0.22410860636061322 0.9406361272927587
vn 0.28581270036096906 -0.04250188757711687 0.9573425143932307
vn 0.29899182615389625 -0.09339744978802897 0.9496740515915189
vn -0.254909804807082 0.22410860636061322 0.9406361272927587
vn 0.28581270036096906 -0.04250188757711687 0.9573425143932307
vn -0.254909804807082 0.22410860636061322 0.9406361272927587
vn -0.08310131198423075 0.5416085492838465 0.836513210468996
vn 0.254909804807082 0.22410860636061322 0.9406361272927587
vn -0.29899182615389625 -0.09339744978802897 0.9496740515915189
vn -0.28581270036096906 -0.04250188757711687 0.9573425143932307
vn 0.254909804807082 0.22410860636061322 0.9406361272927587
vn -0.28581270036096906 -0.04250188757711687 0.9573425143932307
vn 0.08310131198423075 0.5416085492838465 0.836513210468996
vn 0.19979588392036005 -0.20719573754368437 0.9576802864798935
vn 0.28581270036096906 -0.04250188757711687 0.9573425143932307
vn -0.08310131198423075 0.5416085492838465 0.836513210468996
vn 0.19979588392036005 -0.20719573754368437 0.9576802864798935
vn -0.08310131198423075 0.5416085492838465 0.836513210468996
vn 0.1489034487438351 0.6135141993779013 0.7755179495755626
vn 0.08310131198423075 0.5416085492838465 0.836513210468996
vn -0.28581270036096906 -0.04250188757711687 0.9573425143932307
vn -0.19979588392036005 -0.20719573754368437 0.9576802864798935
vn 0.08310131198423075 0.5416085492838465 0.836513210468996
vn -0.19979588392036005 -0.20719573754368437 0.9576802864798935
vn -0.1489034487438351 0.6135141993779013 0.7755179495755626
vn 0.012900927871800937 -0.15601121869588586 0.9876710311136351
vn 0.19979588392036005 -0.20719573754368437 0.9576802864798935
vn 0.1489034487438351 0.6135141993779013 0.7755179495755626
vn 0.012900927871800937 -0.15601121869588586 0.9876710311136351
vn 0.1489034487438351 0.6135141993779013 0.7755179495755626
vn 0.42449029996231824 0.5608871711912001 0.7107837691105745
vn -0.1489034487438351 0.6135141993779013 0.7755179495755626
vn -0.19979588392036005 -0.20719573754368437 0.9576802864798935
vn -0.012900927871800937 -0.15601121869588586 0.9876710311136351
vn -0.1489034487438351 0.6135141993779013 0.7755179495755626
vn -0.012900927871800937 -0.15601121869588586 0.9876710311136351
vn -0.42449029996231824 0.5608871711912001 0.7107837691105745
vn -0.016999881487285342 -0.060999572118896256 0.997993014119202
vn 0.012900927871800937 -0.15601121869588586 0.9876710311136351
vn 0.42449029996231824 0.5608871711912001 0.7107837691105745
vn -0.016999881487285342 -0.060999572118896256 0.997993014119202
vn 0.42449029996231824 0.5608871711912001 0.7107837691105745
vn 0.6874968065060073 0.2973986162637545 0.6624969464748087
vn -0.42449029996231824 0.5608871711912001 0.7107837691105745
vn -0.012900927871800937 -0.15601121869588586 0.9876710311136351
vn 0.016999881487285342 -0.060999572118896256 0.997993014119202
vn -0.42449029996231824 0.5608871711912001 0.7107837691105745
vn 0.016999881487285342 -0.060999572118896256 0.997993014119202
vn -0.6874968065060073 0.2973986162637545 0.6624969464748087
vn 0.16330449920405318 -0.08360230662220215 0.9830271079004693
vn 0.23581836473286077 -0.10890848546084353 0.9656752252436348
vn 0.7464259029670771 -0.2134074124816392 0.6303218603837846
vn 0.16330449920405318 -0.08360230662220215 0.9830271079004693
vn 0.7464259029670771 -0.2134074124816392 0.6303218603837846
vn 0.5010161271383088 -0.38391235431059806 0.775625002533456
vn -0.7464259029670771 -0.2134074124816392 0.6303218603837846
vn -0.23581836473286077 -0.10890848546084353 0.9656752252436348
vn -0.16330449920405318 -0.08360230662220215 0.9830271079004693
vn -0.7464259029670771 -0.2134074124816392 0.6303218603837846
vn -0.16330449920405318 -0.08360230662220215 0.9830271079004693
vn -0.5010161271383088 -0.38391235431059806 0.775625002533456
vn 0.23581836473286077 -0.10890848546084353 0.9656752252436348
vn 0.16490371578203938 -0.08970201711140233 0.9822221299927131
vn 0.8052064731144273 0.015000120610675042 0.5928048009558375
vn 0.23581836473286077 -0.10890848546084353 0.9656752252436348
vn 0.8052064731144273 0.015000120610675042 0.5928048009558375
vn 0.7464259029670771 -0.2134074124816392 0.6303218603837846
vn -0.8052064731144273 0.015000120610675042 0.5928048009558375
vn -0.16490371578203938 -0.08970201711140233 0.9822221299927131
vn -0.23581836473286077 -0.10890848546084353 0.9656752252436348
vn -0.8052064731144273 0.015000120610675042 0.5928048009558375
vn -0.23581836473286077 -0.10890848546084353 0.9656752252436348
vn -0.7464259029670771 -0.2134074124816392 0.6303218603837846
vn 0.16490371578203938 -0.08970201711140233 0.9822221299927131
vn -0.016999881487285342 -0.060999572118896256 0.997993014119202
vn 0.6874968065060073 0.2973986162637545 0.6624969464748087
vn 0.16490371578203938 -0.08970201711140233 0.9822221299927131
vn 0.6874968065060073 0.2973986162637545 0.6624969464748087
vn 0.8052064731144273 0.015000120610675042 0.5928048009558375
vn -0.6874968065060073 0.2973986162637545 0.6624969464748087
vn 0.016999881487285342 -0.060999572118896256 0.997993014119202
vn -0.16490371578203938 -0.08970201711140233 0.9822221299927131
vn -0.6874968065060073 0.2973986162637545 0.6624969464748087
vn -0.16490371578203938 -0.08970201711140233 0.9822221299927131
vn -0.8052064731144273 0.015000120610675042 0.5928048009558375
vn 0 0.9595293588344025 0.2816086105481159
vn -0.7917379873899935 0.5829279523619996 0.18260876670819715
vn -0.5045956828380699 0.8621926648118027 0.04479961613568266
vn 0 0.9595293588344025 0.2816086105481159
vn -0.5045956828380699 0.8621926648118027 0.04479961613568266
vn 0 0.8794350185796129 0.47601895770638786
vn 0.5045956828380699 0.8621926648118027 0.04479961613568266
vn 0.7917379873899935 0.5829279523619996 0.18260876670819715
vn 0 0.9595293588344025 0.2816086105481159
vn 0.5045956828380699 0.8621926648118027 0.04479961613568266
vn 0 0.9595293588344025 0.2816086105481159
vn 0 0.8794350185796129 0.47601895770638786
vn -0.7917379873899935 0.5829279523619996 0.18260876670819715
vn -0.5987341259080847 0.777344323265108 0.19301100891035447
vn -0.47700032953771293 0.5100003448384747 -0.7158004846921731
vn -0.7917379873899935 0.5829279523619996 0.18260876670819715
vn -0.47700032953771293 0.5100003448384747 -0.7158004846921731
vn -0.5045956828380699 0.8621926648118027 0.04479961613568266
vn 0.47700032953771293 0.5100003448384747 -0.7158004846921731
vn 0.5987341259080847 0.777344323265108 0.19301100891035447
vn 0.7917379873899935 0.5829279523619996 0.18260876670819715
vn 0.47700032953771293 0.5100003448384747 -0.7158004846921731
vn 0.7917379873899935 0.5829279523619996 0.18260876670819715
vn 0.5045956828380699 0.8621926648118027 0.04479961613568266
vn -0.5987341259080847 0.777344323265108 0.19301100891035447
vn 0.22830621796013456 0.9588261098037719 0.16890459437003097
vn 0.11460422246971211 0.6555241310193655 -0.7464274819722398
vn -0.5987341259080847 0.777344323265108 0.19301100891035447
vn 0.11460422246971211 0.6555241310193655 -0.7464274819722398
vn -0.47700032953771293 0.5100003448384747 -0.7158004846921731
vn -0.11460422246971211 0.6555241310193655 -0.7464274819722398
vn -0.22830621796013456 0.9588261098037719 0.16890459437003097
vn 0.5987341259080847 0.777344323265108 0.19301100891035447
vn -0.11460422246971211 0.6555241310193655 -0.7464274819722398
vn 0.5987341259080847 0.777344323265108 0.19301100891035447
vn 0.47700032953771293 0.5100003448384747 -0.7158004846921731
vn 0.22830621796013456 0.9588261098037719 0.16890459437003097
vn 0.5977903921069165 0.7837873871050264 0.16829729326324414
vn 0.3084088494276706 0.9138262071902269 -0.26420757870853157
vn 0.22830621796013456 0.9588261098037719 0.16890459437003097
vn 0.3084088494276706 0.9138262071902269 -0.26420757870853157
vn 0.11460422246971211 0.6555241310193655 -0.7464274819722398
vn -0.3084088494276706 0.9138262071902269 -0.26420757870853157
vn -0.5977903921069165 0.7837873871050264 0.16829729326324414
vn -0.22830621796013456 0.9588261098037719 0.16890459437003097
vn -0.3084088494276706 0.9138262071902269 -0.26420757870853157
vn -0.22830621796013456 0.9588261098037719 0.16890459437003097
vn -0.11460422246971211 0.6555241310193655 -0.7464274819722398
vn 0.5977903921069165 0.7837873871050264 0.16829729326324414
vn 0.5100111204042345 0.8330181831955648 0.21440467235948443
vn 0.3515232168958925 0.9087599980710794 -0.2249148592001318
vn 0.5977903921069165 0.7837873871050264 0.16829729326324414
vn 0.3515232168958925 0.9087599980710794 -0.2249148592001318
vn 0.3084088494276706 0.9138262071902269 -0.26420757870853157
vn -0.3515232168958925 0.9087599980710794 -0.2249148592001318
vn -0.5100111204042345 0.8330181831955648 0.21440467235948443
vn -0.5977903921069165 0.7837873871050264 0.16829729326324414
vn -0.3515232168958925 0.9087599980710794 -0.2249148592001318
vn -0.5977903921069165 0.7837873871050264 0.16829729326324414
vn -0.3084088494276706 0.9138262071902269 -0.26420757870853157
vn 0.5100111204042345 0.8330181831955648 0.21440467235948443
vn 0.8801471436833602 0.4238226873020998 0.213811447761922
vn 0.7392295984876694 0.6005240356228465 -0.30481220999003544
vn 0.5100111204042345 0.8330181831955648 0.21440467235948443
vn 0.7392295984876694 0.6005240356228465 -0.30481220999003544
vn 0.3515232168958925 0.9087599980710794 -0.2249148592001318
vn -0.7392295984876694 0.6005240356228465 -0.30481220999003544
vn -0.8801471436833602 0.4238226873020998 0.213811447761922
vn -0.5100111204042345 0.8330181831955648 0.21440467235948443
vn -0.7392295984876694 0.6005240356228465 -0.30481220999003544
vn -0.5100111204042345 0.8330181831955648 0.21440467235948443
vn -0.3515232168958925 0.9087599980710794 -0.2249148592001318
vn 0.8801471436833602 0.4238226873020998 0.213811447761922
vn 0.9126556270548867 -0.40272456178886434 -0.0698042530009375
vn 0.9393415079238706 -0.3068135651783195 -0.15330677647735674
vn 0.8801471436833602 0.4238226873020998 0.213811447761922
vn 0.9393415079238706 -0.3068135651783195 -0.15330677647735674
vn 0.7392295984876694 0.6005240356228465 -0.30481220999003544
vn -0.9393415079238706 -0.3068135651783195 -0.15330677647735674
vn -0.9126556270548867 -0.40272456178886434 -0.0698042530009375
vn -0.8801471436833602 0.4238226873020998 0.213811447761922
vn -0.9393415079238706 -0.3068135651783195 -0.15330677647735674
vn -0.8801471436833602 0.4238226873020998 0.213811447761922
vn -0.7392295984876694 0.6005240356228465 -0.30481220999003544
vn 0.9126556270548867 -0.40272456178886434 -0.0698042530009375
vn 0.5889029481435777 -0.7908038944599021 0.16680083385539365
vn 0.5768383354163191 -0.811053906203951 -0.09720646082150465
vn 0.9126556270548867 -0.40272456178886434 -0.0698042530009375
vn 0.5768383354163191 -0.811053906203951 -0.09720646082150465
vn 0.9393415079238706 -0.3068135651783195 -0.15330677647735674
vn -0.5768383354163191 -0.811053906203951 -0.09720646082150465
vn -0.5889029481435777 -0.7908038944599021 0.16680083385539365
vn -0.9126556270548867 -0.40272456178886434 -0.0698042530009375
vn -0.5768383354163191 -0.811053906203951 -0.09720646082150465
vn -0.9126556270548867 -0.40272456178886434 -0.0698042530009375
vn -0.9393415079238706 -0.3068135651783195 -0.15330677647735674
vn 0.5889029481435777 -0.7908038944599021 0.16680083385539365
vn 0.36051804710852686 -0.9316465914306669 0.04540227290207366
vn 0.4394107248244892 -0.8925217928205545 -0.10160248151300251
vn 0.5889029481435777 -0.7908038944599021 0.16680083385539365
vn 0.4394107248244892 -0.8925217928205545 -0.10160248151300251
vn 0.5768383354163191 -0.811053906203951 -0.09720646082150465
vn -0.4394107248244892 -0.8925217928205545 -0.10160248151300251
vn -0.36051804710852686 -0.9316465914306669 0.04540227290207366
vn -0.5889029481435777 -0.7908038944599021 0.16680083385539365
vn -0.4394107248244892 -0.8925217928205545 -0.10160248151300251
vn -0.5889029481435777 -0.7908038944599021 0.16680083385539365
vn -0.5768383354163191 -0.811053906203951 -0.09720646082150465
vn 0 -0.3178174046015592 -0.9481519378940955
vn 0 -0.8051186738528502 -0.5931137504841949
vn 0.7259959914674268 -0.5864967418749363 -0.3590980258137219
vn 0 -0.3178174046015592 -0.9481519378940955
vn 0.7259959914674268 -0.5864967418749363 -0.3590980258137219
vn 0.33748447045159186 -0.253488345649739 -0.9065582666457612
vn -0.7259959914674268 -0.5864967418749363 -0.3590980258137219
vn 0 -0.8051186738528502 -0.5931137504841949
vn 0 -0.3178174046015592 -0.9481519378940955
vn -0.7259959914674268 -0.5864967418749363 -0.3590980258137219
vn 0 -0.3178174046015592 -0.9481519378940955
vn -0.33748447045159186 -0.253488345649739 -0.9065582666457612
vn 0 -0.2978080516803645 -0.9546257718888305
vn 0 -0.3178174046015592 -0.9481519378940955
vn 0.33748447045159186 -0.253488345649739 -0.9065582666457612
vn 0 -0.2978080516803645 -0.9546257718888305
vn 0.33748447045159186 -0.253488345649739 -0.9065582666457612
vn 0.12930427715361523 -0.17890592369547673 -0.9753322892104257
vn -0.33748447045159186 -0.253488345649739 -0.9065582666457612
vn 0 -0.3178174046015592 -0.9481519378940955
vn 0 -0.2978080516803645 -0.9546257718888305
vn -0.33748447045159186 -0.253488345649739 -0.9065582666457612
vn 0 -0.2978080516803645 -0.9546257718888305
vn -0.12930427715361523 -0.17890592369547673 -0.9753322892104257
vn 0 -0.8507953615088972 -0.5254971482652829
vn 0 -0.2978080516803645 -0.9546257718888305
vn 0.12930427715361523 -0.17890592369547673 -0.9753322892104257
vn 0 -0.8507953615088972 -0.5254971482652829
vn 0.12930427715361523 -0.17890592369547673 -0.9753322892104257
vn 0.09930793175774719 -0.7679613499052482 -0.6327505825692361
vn -0.12930427715361523 -0.17890592369547673 -0.9753322892104257
vn 0 -0.2978080516803645 -0.9546257718888305
vn 0 -0.8507953615088972 -0.5254971482652829
vn -0.12930427715361523 -0.17890592369547673 -0.9753322892104257
vn 0 -0.8507953615088972 -0.5254971482652829
vn -0.09930793175774719 -0.7679613499052482 -0.6327505825692361
vn 0.15760313899822767 -0.9745194069860564 0.15960318288007322
vn 0 -0.9777423701481057 0.209809098032389
vn 0 -0.8507953615088972 -0.5254971482652829
vn 0.15760313899822767 -0.9745194069860564 0.15960318288007322
vn 0 -0.8507953615088972 -0.5254971482652829
vn 0.09930793175774719 -0.7679613499052482 -0.6327505825692361
vn 0 -0.8507953615088972 -0.5254971482652829
vn 0 -0.9777423701481057 0.209809098032389
vn -0.15760313899822767 -0.9745194069860564 0.15960318288007322
vn 0 -0.8507953615088972 -0.5254971482652829
vn -0.15760313899822767 -0.9745194069860564 0.15960318288007322
vn -0.09930793175774719 -0.7679613499052482 -0.6327505825692361
vn 0.6540940921827442 -0.7417933093090592 0.14799866498028336
vn 0.15760313899822767 -0.9745194069860564 0.15960318288007322
vn 0.09930793175774719 -0.7679613499052482 -0.6327505825692361
vn 0.6540940921827442 -0.7417933093090592 0.14799866498028336
vn 0.09930793175774719 -0.7679613499052482 -0.6327505825692361
vn 0.5586236202250684 -0.46791978585779953 -0.684828974948804
vn -0.09930793175774719 -0.7679613499052482 -0.6327505825692361
vn -0.15760313899822767 -0.9745194069860564 0.15960318288007322
vn -0.6540940921827442 -0.7417933093090592 0.14799866498028336
vn -0.09930793175774719 -0.7679613499052482 -0.6327505825692361
vn -0.6540940921827442 -0.7417933093090592 0.14799866498028336
vn -0.5586236202250684 -0.46791978585779953 -0.684828974948804
vn 0.9695987353461715 -0.14729980951725757 0.19539974035623628
vn 0.6540940921827442 -0.7417933093090592 0.14799866498028336
vn 0.5586236202250684 -0.46791978585779953 -0.684828974948804
vn 0.9695987353461715 -0.14729980951725757 0.19539974035623628
vn 0.5586236202250684 -0.46791978585779953 -0.684828974948804
vn 0.6058216774992939 0.02080074527514126 -0.7953285007265489
vn -0.5586236202250684 -0.46791978585779953 -0.684828974948804
vn -0.6540940921827442 -0.7417933093090592 0.14799866498028336
vn -0.9695987353461715 -0.14729980951725757 0.19539974035623628
vn -0.5586236202250684 -0.46791978585779953 -0.684828974948804
vn -0.9695987353461715 -0.14729980951725757 0.19539974035623628
vn -0.6058216774992939 0.02080074527514126 -0.7953285007265489
vn 0.975799682665638 0.09489996841427979 0.19699993732133195
vn 0.9695987353461715 -0.14729980951725757 0.19539974035623628
vn 0.6058216774992939 0.02080074527514126 -0.7953285007265489
vn 0.975799682665638 0.09489996841427979 0.19699993732133195
vn 0.6058216774992939 0.02080074527514126 -0.7953285007265489
vn 0.7766124143362566 -0.009300148660556404 -0.6299100452713087
vn -0.6058216774992939 0.02080074527514126 -0.7953285007265489
vn -0.9695987353461715 -0.14729980951725757 0.19539974035623628
vn -0.975799682665638 0.09489996841427979 0.19699993732133195
vn -0.6058216774992939 0.02080074527514126 -0.7953285007265489
vn -0.975799682665638 0.09489996841427979 0.19699993732133195
vn -0.7766124143362566 -0.009300148660556404 -0.6299100452713087
vn 0.6058216774992939 0.02080074527514126 -0.7953285007265489
vn 0.12930427715361523 -0.17890592369547673 -0.9753322892104257
vn 0.33748447045159186 -0.253488345649739 -0.9065582666457612
vn 0.6058216774992939 0.02080074527514126 -0.7953285007265489
vn 0.33748447045159186 -0.253488345649739 -0.9065582666457612
vn 0.7766124143362566 -0.009300148660556404 -0.6299100452713087
vn -0.33748447045159186 -0.253488345649739 -0.9065582666457612
vn -0.12930427715361523 -0.17890592369547673 -0.9753322892104257
vn -0.6058216774992939 0.02080074527514126 -0.7953285007265489
vn -0.33748447045159186 -0.253488345649739 -0.9065582666457612
vn -0.6058216774992939 0.02080074527514126 -0.7953285007265489
vn -0.7766124143362566 -0.009300148660556404 -0.6299100452713087
vn 0.6058216774992939 0.02080074527514126 -0.7953285007265489
vn 0.5586236202250684 -0.46791978585779953 -0.684828974948804
vn 0.09930793175774719 -0.7679613499052482 -0.6327505825692361
vn 0.6058216774992939 0.02080074527514126 -0.7953285007265489
vn 0.09930793175774719 -0.7679613499052482 -0.6327505825692361
vn 0.12930427715361523 -0.17890592369547673 -0.9753322892104257
vn -0.09930793175774719 -0.7679613499052482 -0.6327505825692361
vn -0.5586236202250684 -0.46791978585779953 -0.684828974948804
vn -0.6058216774992939 0.02080074527514126 -0.7953285007265489
vn -0.09930793175774719 -0.7679613499052482 -0.6327505825692361
vn -0.6058216774992939 0.02080074527514126 -0.7953285007265489
vn -0.12930427715361523 -0.17890592369547673 -0.9753322892104257
vn 0.9601677298449054 -0.0016001128390011213 -0.2794197026041354
vn 0.7766124143362566 -0.009300148660556404 -0.6299100452713087
vn 0.33748447045159186 -0.253488345649739 -0.9065582666457612
vn 0.9601677298449054 -0.0016001128390011213 -0.2794197026041354
vn 0.33748447045159186 -0.253488345649739 -0.9065582666457612
vn 0.7259959914674268 -0.5864967418749363 -0.3590980258137219
vn -0.33748447045159186 -0.253488345649739 -0.9065582666457612
vn -0.7766124143362566 -0.009300148660556404 -0.6299100452713087
vn -0.9601677298449054 -0.0016001128390011213 -0.2794197026041354
vn -0.33748447045159186 -0.253488345649739 -0.9065582666457612
vn -0.9601677298449054 -0.0016001128390011213 -0.2794197026041354
vn -0.7259959914674268 -0.5864967418749363 -0.3590980258137219
vn 0.9651350016002092 0.21890793619173687 0.14350520603252942
vn 0.975799682665638 0.09489996841427979 0.19699993732133195
vn 0.7766124143362566 -0.009300148660556404 -0.6299100452713087
vn 0.9651350016002092 0.21890793619173687 0.14350520603252942
vn 0.7766124143362566 -0.009300148660556404 -0.6299100452713087
vn 0.9601677298449054 -0.0016001128390011213 -0.2794197026041354
vn -0.7766124143362566 -0.009300148660556404 -0.6299100452713087
vn -0.975799682665638 0.09489996841427979 0.19699993732133195
vn -0.9651350016002092 0.21890793619173687 0.14350520603252942
vn -0.7766124143362566 -0.009300148660556404 -0.6299100452713087
vn -0.9651350016002092 0.21890793619173687 0.14350520603252942
vn -0.9601677298449054 -0.0016001128390011213 -0.2794197026041354
vn 0.9385336632097786 0.32511167019814013 0.11600415907634286
vn 0.9731410256184576 -0.23020969626600452 0.0002000084255378106
vn 0.9537243868773442 -0.1999051116321735 0.22460574395763447
vn 0.9385336632097786 0.32511167019814013 0.11600415907634286
vn 0.9537243868773442 -0.1999051116321735 0.22460574395763447
vn 0.9534417014201527 0.2816123108945623 0.10790471882947898
vn -0.9537243868773442 -0.1999051116321735 0.22460574395763447
vn -0.9731410256184576 -0.23020969626600452 0.0002000084255378106
vn -0.9385336632097786 0.32511167019814013 0.11600415907634286
vn -0.9537243868773442 -0.1999051116321735 0.22460574395763447
vn -0.9385336632097786 0.32511167019814013 0.11600415907634286
vn -0.9534417014201527 0.2816123108945623 0.10790471882947898
vn 0.9651350016002092 0.21890793619173687 0.14350520603252942
vn 0.9601677298449054 -0.0016001128390011213 -0.2794197026041354
vn 0.9731410256184576 -0.23020969626600452 0.0002000084255378106
vn 0.9651350016002092 0.21890793619173687 0.14350520603252942
vn 0.9731410256184576 -0.23020969626600452 0.0002000084255378106
vn 0.9385336632097786 0.32511167019814013 0.11600415907634286
vn -0.9731410256184576 -0.23020969626600452 0.0002000084255378106
vn -0.9601677298449054 -0.0016001128390011213 -0.2794197026041354
vn -0.9651350016002092 0.21890793619173687 0.14350520603252942
vn -0.9731410256184576 -0.23020969626600452 0.0002000084255378106
vn -0.9651350016002092 0.21890793619173687 0.14350520603252942
vn -0.9385336632097786 0.32511167019814013 0.11600415907634286
vn 0.9053140449206708 -0.389106012800006 0.17030264493616937
vn 0.9534417014201527 0.2816123108945623 0.10790471882947898
vn 0.9537243868773442 -0.1999051116321735 0.22460574395763447
vn 0.9053140449206708 -0.389106012800006 0.17030264493616937
vn 0.9537243868773442 -0.1999051116321735 0.22460574395763447
vn 0.8140188774164075 -0.5544128767050538 0.17320401078889175
vn -0.9537243868773442 -0.1999051116321735 0.22460574395763447
vn -0.9534417014201527 0.2816123108945623 0.10790471882947898
vn -0.9053140449206708 -0.389106012800006 0.17030264493616937
vn -0.9537243868773442 -0.1999051116321735 0.22460574395763447
vn -0.9053140449206708 -0.389106012800006 0.17030264493616937
vn -0.8140188774164075 -0.5544128767050538 0.17320401078889175
vn 0.9053140449206708 -0.389106012800006 0.17030264493616937
vn 0.8140188774164075 -0.5544128767050538 0.17320401078889175
vn 0.4394107248244892 -0.8925217928205545 -0.10160248151300251
vn 0.9053140449206708 -0.389106012800006 0.17030264493616937
vn 0.4394107248244892 -0.8925217928205545 -0.10160248151300251
vn 0.36051804710852686 -0.9316465914306669 0.04540227290207366
vn -0.4394107248244892 -0.8925217928205545 -0.10160248151300251
vn -0.8140188774164075 -0.5544128767050538 0.17320401078889175
vn -0.9053140449206708 -0.389106012800006 0.17030264493616937
vn -0.4394107248244892 -0.8925217928205545 -0.10160248151300251
vn -0.9053140449206708 -0.389106012800006 0.17030264493616937
vn -0.36051804710852686 -0.9316465914306669 0.04540227290207366
vn 0 -0.3004037985686367 -0.9538121187139184
vn 0.42369057711773767 -0.323992791668262 -0.8458811771216125
vn 0.5191236008912432 -0.6556298050864671 -0.5483249453380638
vn 0 -0.3004037985686367 -0.9538121187139184
vn 0.5191236008912432 -0.6556298050864671 -0.5483249453380638
vn 0 -0.696629847323842 -0.7174307324178136
vn -0.5191236008912432 -0.6556298050864671 -0.5483249453380638
vn -0.42369057711773767 -0.323992791668262 -0.8458811771216125
vn 0 -0.3004037985686367 -0.9538121187139184
vn -0.5191236008912432 -0.6556298050864671 -0.5483249453380638
vn 0 -0.3004037985686367 -0.9538121187139184
vn 0 -0.696629847323842 -0.7174307324178136
vn 0 -0.696629847323842 -0.7174307324178136
vn 0.5191236008912432 -0.6556298050864671 -0.5483249453380638
vn 0.5213139853437793 -0.8255221295705598 -0.21620578686583258
vn 0 -0.696629847323842 -0.7174307324178136
vn 0.5213139853437793 -0.8255221295705598 -0.21620578686583258
vn 0 -0.940970242740545 -0.33848929418343504
vn -0.5213139853437793 -0.8255221295705598 -0.21620578686583258
vn -0.5191236008912432 -0.6556298050864671 -0.5483249453380638
vn 0 -0.696629847323842 -0.7174307324178136
vn -0.5213139853437793 -0.8255221295705598 -0.21620578686583258
vn 0 -0.696629847323842 -0.7174307324178136
vn 0 -0.940970242740545 -0.33848929418343504
vn 0 -0.940970242740545 -0.33848929418343504
vn 0.5213139853437793 -0.8255221295705598 -0.21620578686583258
vn 0.5887189765445114 -0.8081260387949872 -0.018500596690531876
vn 0 -0.940970242740545 -0.33848929418343504
vn 0.5887189765445114 -0.8081260387949872 -0.018500596690531876
vn 0 -0.9862937406906006 -0.16499896082867402
vn -0.5887189765445114 -0.8081260387949872 -0.018500596690531876
vn -0.5213139853437793 -0.8255221295705598 -0.21620578686583258
vn 0 -0.940970242740545 -0.33848929418343504
vn -0.5887189765445114 -0.8081260387949872 -0.018500596690531876
vn 0 -0.940970242740545 -0.33848929418343504
vn 0 -0.9862937406906006 -0.16499896082867402
vn 0 -0.9862937406906006 -0.16499896082867402
vn 0.5887189765445114 -0.8081260387949872 -0.018500596690531876
vn 0.7259959914674268 -0.5864967418749363 -0.3590980258137219
vn 0 -0.9862937406906006 -0.16499896082867402
vn 0.7259959914674268 -0.5864967418749363 -0.3590980258137219
vn 0 -0.8051186738528502 -0.5931137504841949
vn -0.7259959914674268 -0.5864967418749363 -0.3590980258137219
vn -0.5887189765445114 -0.8081260387949872 -0.018500596690531876
vn 0 -0.9862937406906006 -0.16499896082867402
vn -0.7259959914674268 -0.5864967418749363 -0.3590980258137219
vn 0 -0.9862937406906006 -0.16499896082867402
vn 0 -0.8051186738528502 -0.5931137504841949
vn 0.9601677298449054 -0.0016001128390011213 -0.2794197026041354
vn 0.7259959914674268 -0.5864967418749363 -0.3590980258137219
vn 0.5887189765445114 -0.8081260387949872 -0.018500596690531876
vn 0.9601677298449054 -0.0016001128390011213 -0.2794197026041354
vn 0.5887189765445114 -0.8081260387949872 -0.018500596690531876
vn 0.9731410256184576 -0.23020969626600452 0.0002000084255378106
vn -0.5887189765445114 -0.8081260387949872 -0.018500596690531876
vn -0.7259959914674268 -0.5864967418749363 -0.3590980258137219
vn -0.9601677298449054 -0.0016001128390011213 -0.2794197026041354
vn -0.5887189765445114 -0.8081260387949872 -0.018500596690531876
vn -0.9601677298449054 -0.0016001128390011213 -0.2794197026041354
vn -0.9731410256184576 -0.23020969626600452 0.0002000084255378106
vn 0.9393415079238706 -0.3068135651783195 -0.15330677647735674
vn 0.5768383354163191 -0.811053906203951 -0.09720646082150465
vn 0.7152168146627186 -0.6950163258338644 0.07360173128473516
vn 0.9393415079238706 -0.3068135651783195 -0.15330677647735674
vn 0.7152168146627186 -0.6950163258338644 0.07360173128473516
vn 0.9762372229676358 -0.20190770707868558 0.0787030006712975
vn -0.7152168146627186 -0.6950163258338644 0.07360173128473516
vn -0.5768383354163191 -0.811053906203951 -0.09720646082150465
vn -0.9393415079238706 -0.3068135651783195 -0.15330677647735674
vn -0.7152168146627186 -0.6950163258338644 0.07360173128473516
vn -0.9393415079238706 -0.3068135651783195 -0.15330677647735674
vn -0.9762372229676358 -0.20190770707868558 0.0787030006712975
vn 0 0.31409698464147506 -0.9493909017044208
vn 0.45339462261970553 0.19689766601671424 -0.869289724600898
vn 0.42369057711773767 -0.323992791668262 -0.8458811771216125
vn 0 0.31409698464147506 -0.9493909017044208
vn 0.42369057711773767 -0.323992791668262 -0.8458811771216125
vn 0 -0.3004037985686367 -0.9538121187139184
vn -0.42369057711773767 -0.323992791668262 -0.8458811771216125
vn -0.45339462261970553 0.19689766601671424 -0.869289724600898
vn 0 0.31409698464147506 -0.9493909017044208
vn -0.42369057711773767 -0.323992791668262 -0.8458811771216125
vn 0 0.31409698464147506 -0.9493909017044208
vn 0 -0.3004037985686367 -0.9538121187139184
vn 0 0.8266734759449033 0.562681938726641
vn 0.46102658979645944 0.7338423256984753 0.49892877699537436
vn 0.41981729953666397 0.9069373323481089 0.034901435544097394
vn 0 0.8266734759449033 0.562681938726641
vn 0.41981729953666397 0.9069373323481089 0.034901435544097394
vn 0 0.9997308271874723 0.02320071488235345
vn -0.41981729953666397 0.9069373323481089 0.034901435544097394
vn -0.46102658979645944 0.7338423256984753 0.49892877699537436
vn 0 0.8266734759449033 0.562681938726641
vn -0.41981729953666397 0.9069373323481089 0.034901435544097394
vn 0 0.8266734759449033 0.562681938726641
vn 0 0.9997308271874723 0.02320071488235345
vn 0 0.9997308271874723 0.02320071488235345
vn 0.41981729953666397 0.9069373323481089 0.034901435544097394
vn 0.42581955431940904 0.8032369006016981 -0.4165191336193304
vn 0 0.9997308271874723 0.02320071488235345
vn 0.42581955431940904 0.8032369006016981 -0.4165191336193304
vn 0 0.8325576658310837 -0.5539383838170971
vn -0.42581955431940904 0.8032369006016981 -0.4165191336193304
vn -0.41981729953666397 0.9069373323481089 0.034901435544097394
vn 0 0.9997308271874723 0.02320071488235345
vn -0.42581955431940904 0.8032369006016981 -0.4165191336193304
vn 0 0.9997308271874723 0.02320071488235345
vn 0 0.8325576658310837 -0.5539383838170971
vn 0 0.8325576658310837 -0.5539383838170971
vn 0.42581955431940904 0.8032369006016981 -0.4165191336193304
vn 0.45339462261970553 0.19689766601671424 -0.869289724600898
vn 0 0.8325576658310837 -0.5539383838170971
vn 0.45339462261970553 0.19689766601671424 -0.869289724600898
vn 0 0.31409698464147506 -0.9493909017044208
vn -0.45339462261970553 0.19689766601671424 -0.869289724600898
vn -0.42581955431940904 0.8032369006016981 -0.4165191336193304
vn 0 0.8325576658310837 -0.5539383838170971
vn -0.45339462261970553 0.19689766601671424 -0.869289724600898
vn 0 0.8325576658310837 -0.5539383838170971
vn 0 0.31409698464147506 -0.9493909017044208
vn 0.3515232168958925 0.9087599980710794 -0.2249148592001318
vn 0.7392295984876694 0.6005240356228465 -0.30481220999003544
vn 0.7652387782808838 0.6244316471526932 0.15650792391874238
vn 0.3515232168958925 0.9087599980710794 -0.2249148592001318
vn 0.7652387782808838 0.6244316471526932 0.15650792391874238
vn 0.47210157334143193 0.777802632734344 0.41490139667162823
vn -0.7652387782808838 0.6244316471526932 0.15650792391874238
vn -0.7392295984876694 0.6005240356228465 -0.30481220999003544
vn -0.3515232168958925 0.9087599980710794 -0.2249148592001318
vn -0.7652387782808838 0.6244316471526932 0.15650792391874238
vn -0.3515232168958925 0.9087599980710794 -0.2249148592001318
vn -0.47210157334143193 0.777802632734344 0.41490139667162823
vn 0.47210157334143193 0.777802632734344 0.41490139667162823
vn 0.7652387782808838 0.6244316471526932 0.15650792391874238
vn 0.7475192113381607 0.5326136721394212 0.3969101975643044
vn 0.47210157334143193 0.777802632734344 0.41490139667162823
vn 0.7475192113381607 0.5326136721394212 0.3969101975643044
vn 0.6514488221895239 0.6814510407000267 0.3335249783700352
vn -0.7475192113381607 0.5326136721394212 0.3969101975643044
vn -0.7652387782808838 0.6244316471526932 0.15650792391874238
vn -0.47210157334143193 0.777802632734344 0.41490139667162823
vn -0.7475192113381607 0.5326136721394212 0.3969101975643044
vn -0.47210157334143193 0.777802632734344 0.41490139667162823
vn -0.6514488221895239 0.6814510407000267 0.3335249783700352
vn 0.6514488221895239 0.6814510407000267 0.3335249783700352
vn 0.7475192113381607 0.5326136721394212 0.3969101975643044
vn 0.8547928655199925 0.5180957075681345 -0.030099748430745605
vn 0.6514488221895239 0.6814510407000267 0.3335249783700352
vn 0.8547928655199925 0.5180957075681345 -0.030099748430745605
vn 0.6787843304966793 0.7317831409666669 -0.06119858878384478
vn -0.8547928655199925 0.5180957075681345 -0.030099748430745605
vn -0.7475192113381607 0.5326136721394212 0.3969101975643044
vn -0.6514488221895239 0.6814510407000267 0.3335249783700352
vn -0.8547928655199925 0.5180957075681345 -0.030099748430745605
vn -0.6514488221895239 0.6814510407000267 0.3335249783700352
vn -0.6787843304966793 0.7317831409666669 -0.06119858878384478
vn 0.6787843304966793 0.7317831409666669 -0.06119858878384478
vn 0.8547928655199925 0.5180957075681345 -0.030099748430745605
vn 0.8738983311011589 0.30699942623012594 -0.3768992692921847
vn 0.6787843304966793 0.7317831409666669 -0.06119858878384478
vn 0.8738983311011589 0.30699942623012594 -0.3768992692921847
vn 0.6440673645537583 0.5379562423223403 -0.5438568849092594
vn -0.8738983311011589 0.30699942623012594 -0.3768992692921847
vn -0.8547928655199925 0.5180957075681345 -0.030099748430745605
vn -0.6787843304966793 0.7317831409666669 -0.06119858878384478
vn -0.8738983311011589 0.30699942623012594 -0.3768992692921847
vn -0.6787843304966793 0.7317831409666669 -0.06119858878384478
vn -0.6440673645537583 0.5379562423223403 -0.5438568849092594
vn 0.6259965003522343 -0.025899856445245988 -0.7793956498357372
vn 0.586029819680391 -0.015500787823978674 -0.8101412074584309
vn 0.6440673645537583 0.5379562423223403 -0.5438568849092594
vn 0.6259965003522343 -0.025899856445245988 -0.7793956498357372
vn 0.6440673645537583 0.5379562423223403 -0.5438568849092594
vn 0.8738983311011589 0.30699942623012594 -0.3768992692921847
vn -0.6440673645537583 0.5379562423223403 -0.5438568849092594
vn -0.586029819680391 -0.015500787823978674 -0.8101412074584309
vn -0.6259965003522343 -0.025899856445245988 -0.7793956498357372
vn -0.6440673645537583 0.5379562423223403 -0.5438568849092594
vn -0.6259965003522343 -0.025899856445245988 -0.7793956498357372
vn -0.8738983311011589 0.30699942623012594 -0.3768992692921847
vn 0.45339462261970553 0.19689766601671424 -0.869289724600898
vn 0.42581955431940904 0.8032369006016981 -0.4165191336193304
vn 0.6440673645537583 0.5379562423223403 -0.5438568849092594
vn 0.45339462261970553 0.19689766601671424 -0.869289724600898
vn 0.6440673645537583 0.5379562423223403 -0.5438568849092594
vn 0.586029819680391 -0.015500787823978674 -0.8101412074584309
vn -0.6440673645537583 0.5379562423223403 -0.5438568849092594
vn -0.42581955431940904 0.8032369006016981 -0.4165191336193304
vn -0.45339462261970553 0.19689766601671424 -0.869289724600898
vn -0.6440673645537583 0.5379562423223403 -0.5438568849092594
vn -0.45339462261970553 0.19689766601671424 -0.869289724600898
vn -0.586029819680391 -0.015500787823978674 -0.8101412074584309
vn 0.42581955431940904 0.8032369006016981 -0.4165191336193304
vn 0.41981729953666397 0.9069373323481089 0.034901435544097394
vn 0.6787843304966793 0.7317831409666669 -0.06119858878384478
vn 0.42581955431940904 0.8032369006016981 -0.4165191336193304
vn 0.6787843304966793 0.7317831409666669 -0.06119858878384478
vn 0.6440673645537583 0.5379562423223403 -0.5438568849092594
vn -0.6787843304966793 0.7317831409666669 -0.06119858878384478
vn -0.41981729953666397 0.9069373323481089 0.034901435544097394
vn -0.42581955431940904 0.8032369006016981 -0.4165191336193304
vn -0.6787843304966793 0.7317831409666669 -0.06119858878384478
vn -0.42581955431940904 0.8032369006016981 -0.4165191336193304
vn -0.6440673645537583 0.5379562423223403 -0.5438568849092594
vn 0.41981729953666397 0.9069373323481089 0.034901435544097394
vn 0.46102658979645944 0.7338423256984753 0.49892877699537436
vn 0.6514488221895239 0.6814510407000267 0.3335249783700352
vn 0.41981729953666397 0.9069373323481089 0.034901435544097394
vn 0.6514488221895239 0.6814510407000267 0.3335249783700352
vn 0.6787843304966793 0.7317831409666669 -0.06119858878384478
vn -0.6514488221895239 0.6814510407000267 0.3335249783700352
vn -0.46102658979645944 0.7338423256984753 0.49892877699537436
vn -0.41981729953666397 0.9069373323481089 0.034901435544097394
vn -0.6514488221895239 0.6814510407000267 0.3335249783700352
vn -0.41981729953666397 0.9069373323481089 0.034901435544097394
vn -0.6787843304966793 0.7317831409666669 -0.06119858878384478
vn 0.46102658979645944 0.7338423256984753 0.49892877699537436
vn 0.3916203732247368 0.8280430592348527 0.4012208560485158
vn 0.47210157334143193 0.777802632734344 0.41490139667162823
vn 0.46102658979645944 0.7338423256984753 0.49892877699537436
vn 0.47210157334143193 0.777802632734344 0.41490139667162823
vn 0.6514488221895239 0.6814510407000267 0.3335249783700352
vn -0.47210157334143193 0.777802632734344 0.41490139667162823
vn -0.3916203732247368 0.8280430592348527 0.4012208560485158
vn -0.46102658979645944 0.7338423256984753 0.49892877699537436
vn -0.47210157334143193 0.777802632734344 0.41490139667162823
vn -0.46102658979645944 0.7338423256984753 0.49892877699537436
vn -0.6514488221895239 0.6814510407000267 0.3335249783700352
vn 0.3084088494276706 0.9138262071902269 -0.26420757870853157
vn 0.3515232168958925 0.9087599980710794 -0.2249148592001318
vn 0.47210157334143193 0.777802632734344 0.41490139667162823
vn 0.3084088494276706 0.9138262071902269 -0.26420757870853157
vn 0.47210157334143193 0.777802632734344 0.41490139667162823
vn 0.3916203732247368 0.8280430592348527 0.4012208560485158
vn -0.47210157334143193 0.777802632734344 0.41490139667162823
vn -0.3515232168958925 0.9087599980710794 -0.2249148592001318
vn -0.3084088494276706 0.9138262071902269 -0.26420757870853157
vn -0.47210157334143193 0.777802632734344 0.41490139667162823
vn -0.3084088494276706 0.9138262071902269 -0.26420757870853157
vn -0.3916203732247368 0.8280430592348527 0.4012208560485158
vn 0 0.6203929669418381 0.7842911236072377
vn 0.3916203732247368 0.8280430592348527 0.4012208560485158
vn 0.46102658979645944 0.7338423256984753 0.49892877699537436
vn 0 0.6203929669418381 0.7842911236072377
vn 0.46102658979645944 0.7338423256984753 0.49892877699537436
vn 0 0.8266734759449033 0.562681938726641
vn -0.46102658979645944 0.7338423256984753 0.49892877699537436
vn -0.3916203732247368 0.8280430592348527 0.4012208560485158
vn 0 0.6203929669418381 0.7842911236072377
vn -0.46102658979645944 0.7338423256984753 0.49892877699537436
vn 0 0.6203929669418381 0.7842911236072377
vn 0 0.8266734759449033 0.562681938726641
vn -0.5045956828380699 0.8621926648118027 0.04479961613568266
vn -0.47700032953771293 0.5100003448384747 -0.7158004846921731
vn 0.11460422246971211 0.6555241310193655 -0.7464274819722398
vn -0.5045956828380699 0.8621926648118027 0.04479961613568266
vn 0.11460422246971211 0.6555241310193655 -0.7464274819722398
vn 0.3084088494276706 0.9138262071902269 -0.26420757870853157
vn -0.11460422246971211 0.6555241310193655 -0.7464274819722398
vn 0.47700032953771293 0.5100003448384747 -0.7158004846921731
vn 0.5045956828380699 0.8621926648118027 0.04479961613568266
vn -0.11460422246971211 0.6555241310193655 -0.7464274819722398
vn 0.5045956828380699 0.8621926648118027 0.04479961613568266
vn -0.3084088494276706 0.9138262071902269 -0.26420757870853157
vn -0.5045956828380699 0.8621926648118027 0.04479961613568266
vn 0.3084088494276706 0.9138262071902269 -0.26420757870853157
vn 0.3916203732247368 0.8280430592348527 0.4012208560485158
vn -0.5045956828380699 0.8621926648118027 0.04479961613568266
vn 0.3916203732247368 0.8280430592348527 0.4012208560485158
vn 0 0.6203929669418381 0.7842911236072377
vn -0.3916203732247368 0.8280430592348527 0.4012208560485158
vn -0.3084088494276706 0.9138262071902269 -0.26420757870853157
vn 0.5045956828380699 0.8621926648118027 0.04479961613568266
vn -0.3916203732247368 0.8280430592348527 0.4012208560485158
vn 0.5045956828380699 0.8621926648118027 0.04479961613568266
vn 0 0.6203929669418381 0.7842911236072377
vn 0 0.8794350185796129 0.47601895770638786
vn -0.5045956828380699 0.8621926648118027 0.04479961613568266
vn 0 0.6203929669418381 0.7842911236072377
vn 0 0.6203929669418381 0.7842911236072377
vn 0.5045956828380699 0.8621926648118027 0.04479961613568266
vn 0 0.8794350185796129 0.47601895770638786
vn 0.7392295984876694 0.6005240356228465 -0.30481220999003544
vn 0.9393415079238706 -0.3068135651783195 -0.15330677647735674
vn 0.9762372229676358 -0.20190770707868558 0.0787030006712975
vn 0.7392295984876694 0.6005240356228465 -0.30481220999003544
vn 0.9762372229676358 -0.20190770707868558 0.0787030006712975
vn 0.7652387782808838 0.6244316471526932 0.15650792391874238
vn -0.9762372229676358 -0.20190770707868558 0.0787030006712975
vn -0.9393415079238706 -0.3068135651783195 -0.15330677647735674
vn -0.7392295984876694 0.6005240356228465 -0.30481220999003544
vn -0.9762372229676358 -0.20190770707868558 0.0787030006712975
vn -0.7392295984876694 0.6005240356228465 -0.30481220999003544
vn -0.7652387782808838 0.6244316471526932 0.15650792391874238
vn 0.9762372229676358 -0.20190770707868558 0.0787030006712975
vn 0.998945003519182 -0.045502049160539196 0.006200279530244096
vn 0.7475192113381607 0.5326136721394212 0.3969101975643044
vn 0.9762372229676358 -0.20190770707868558 0.0787030006712975
vn 0.7475192113381607 0.5326136721394212 0.3969101975643044
vn 0.7652387782808838 0.6244316471526932 0.15650792391874238
vn -0.7475192113381607 0.5326136721394212 0.3969101975643044
vn -0.998945003519182 -0.045502049160539196 0.006200279530244096
vn -0.9762372229676358 -0.20190770707868558 0.0787030006712975
vn -0.7475192113381607 0.5326136721394212 0.3969101975643044
vn -0.9762372229676358 -0.20190770707868558 0.0787030006712975
vn -0.7652387782808838 0.6244316471526932 0.15650792391874238
vn 0.998945003519182 -0.045502049160539196 0.006200279530244096
vn 0.896475073886392 0.3043915364311809 0.3219910471572978
vn 0.8547928655199925 0.5180957075681345 -0.030099748430745605
vn 0.998945003519182 -0.045502049160539196 0.006200279530244096
vn 0.8547928655199925 0.5180957075681345 -0.030099748430745605
vn 0.7475192113381607 0.5326136721394212 0.3969101975643044
vn -0.8547928655199925 0.5180957075681345 -0.030099748430745605
vn -0.896475073886392 0.3043915364311809 0.3219910471572978
vn -0.998945003519182 -0.045502049160539196 0.006200279530244096
vn -0.8547928655199925 0.5180957075681345 -0.030099748430745605
vn -0.998945003519182 -0.045502049160539196 0.006200279530244096
vn -0.7475192113381607 0.5326136721394212 0.3969101975643044
vn 0.6259965003522343 -0.025899856445245988 -0.7793956498357372
vn 0.8738983311011589 0.30699942623012594 -0.3768992692921847
vn 0.8547928655199925 0.5180957075681345 -0.030099748430745605
vn 0.6259965003522343 -0.025899856445245988 -0.7793956498357372
vn 0.8547928655199925 0.5180957075681345 -0.030099748430745605
vn 0.896475073886392 0.3043915364311809 0.3219910471572978
vn -0.8547928655199925 0.5180957075681345 -0.030099748430745605
vn -0.8738983311011589 0.30699942623012594 -0.3768992692921847
vn -0.6259965003522343 -0.025899856445245988 -0.7793956498357372
vn -0.8547928655199925 0.5180957075681345 -0.030099748430745605
vn -0.6259965003522343 -0.025899856445245988 -0.7793956498357372
vn -0.896475073886392 0.3043915364311809 0.3219910471572978
vn 0.5887189765445114 -0.8081260387949872 -0.018500596690531876
vn 0.5213139853437793 -0.8255221295705598 -0.21620578686583258
vn 0.5809090115985163 -0.8007124117267816 -0.1463022691222384
vn 0.5887189765445114 -0.8081260387949872 -0.018500596690531876
vn 0.5809090115985163 -0.8007124117267816 -0.1463022691222384
vn 0.5730393666881647 -0.8037551672637856 0.16001098500537794
vn -0.5809090115985163 -0.8007124117267816 -0.1463022691222384
vn -0.5213139853437793 -0.8255221295705598 -0.21620578686583258
vn -0.5887189765445114 -0.8081260387949872 -0.018500596690531876
vn -0.5809090115985163 -0.8007124117267816 -0.1463022691222384
vn -0.5887189765445114 -0.8081260387949872 -0.018500596690531876
vn -0.5730393666881647 -0.8037551672637856 0.16001098500537794
vn 0.7152168146627186 -0.6950163258338644 0.07360173128473516
vn 0.5730393666881647 -0.8037551672637856 0.16001098500537794
vn 0.5809090115985163 -0.8007124117267816 -0.1463022691222384
vn 0.7152168146627186 -0.6950163258338644 0.07360173128473516
vn 0.5809090115985163 -0.8007124117267816 -0.1463022691222384
vn 0.2744079048437206 -0.9600276486525264 -0.055201590393583896
vn -0.5809090115985163 -0.8007124117267816 -0.1463022691222384
vn -0.5730393666881647 -0.8037551672637856 0.16001098500537794
vn -0.7152168146627186 -0.6950163258338644 0.07360173128473516
vn -0.5809090115985163 -0.8007124117267816 -0.1463022691222384
vn -0.7152168146627186 -0.6950163258338644 0.07360173128473516
vn -0.2744079048437206 -0.9600276486525264 -0.055201590393583896
vn 0.5768383354163191 -0.811053906203951 -0.09720646082150465
vn 0.4394107248244892 -0.8925217928205545 -0.10160248151300251
vn 0.5730393666881647 -0.8037551672637856 0.16001098500537794
vn 0.5768383354163191 -0.811053906203951 -0.09720646082150465
vn 0.5730393666881647 -0.8037551672637856 0.16001098500537794
vn 0.7152168146627186 -0.6950163258338644 0.07360173128473516
vn -0.5730393666881647 -0.8037551672637856 0.16001098500537794
vn -0.4394107248244892 -0.8925217928205545 -0.10160248151300251
vn -0.5768383354163191 -0.811053906203951 -0.09720646082150465
vn -0.5730393666881647 -0.8037551672637856 0.16001098500537794
vn -0.5768383354163191 -0.811053906203951 -0.09720646082150465
vn -0.7152168146627186 -0.6950163258338644 0.07360173128473516
vn 0.4394107248244892 -0.8925217928205545 -0.10160248151300251
vn 0.9537243868773442 -0.1999051116321735 0.22460574395763447
vn 0.9731410256184576 -0.23020969626600452 0.0002000084255378106
vn 0.4394107248244892 -0.8925217928205545 -0.10160248151300251
vn 0.9731410256184576 -0.23020969626600452 0.0002000084255378106
vn 0.5730393666881647 -0.8037551672637856 0.16001098500537794
vn -0.9731410256184576 -0.23020969626600452 0.0002000084255378106
vn -0.9537243868773442 -0.1999051116321735 0.22460574395763447
vn -0.4394107248244892 -0.8925217928205545 -0.10160248151300251
vn -0.9731410256184576 -0.23020969626600452 0.0002000084255378106
vn -0.4394107248244892 -0.8925217928205545 -0.10160248151300251
vn -0.5730393666881647 -0.8037551672637856 0.16001098500537794
vn 0.9731410256184576 -0.23020969626600452 0.0002000084255378106
vn 0.5887189765445114 -0.8081260387949872 -0.018500596690531876
vn 0.5730393666881647 -0.8037551672637856 0.16001098500537794
vn -0.5730393666881647 -0.8037551672637856 0.16001098500537794
vn -0.5887189765445114 -0.8081260387949872 -0.018500596690531876
vn -0.9731410256184576 -0.23020969626600452 0.0002000084255378106
vn 0.4394107248244892 -0.8925217928205545 -0.10160248151300251
vn 0.8140188774164075 -0.5544128767050538 0.17320401078889175
vn 0.9537243868773442 -0.1999051116321735 0.22460574395763447
vn -0.9537243868773442 -0.1999051116321735 0.22460574395763447
vn -0.8140188774164075 -0.5544128767050538 0.17320401078889175
vn -0.4394107248244892 -0.8925217928205545 -0.10160248151300251
vn 0.6259965003522343 -0.025899856445245988 -0.7793956498357372
vn 0.4020310128759153 -0.616747554467416 -0.6767521841445562
vn 0.5443090393770745 -0.49590822269793977 -0.6766111913890996
vn 0.6259965003522343 -0.025899856445245988 -0.7793956498357372
vn 0.5443090393770745 -0.49590822269793977 -0.6766111913890996
vn 0.586029819680391 -0.015500787823978674 -0.8101412074584309
vn -0.5443090393770745 -0.49590822269793977 -0.6766111913890996
vn -0.4020310128759153 -0.616747554467416 -0.6767521841445562
vn -0.6259965003522343 -0.025899856445245988 -0.7793956498357372
vn -0.5443090393770745 -0.49590822269793977 -0.6766111913890996
vn -0.6259965003522343 -0.025899856445245988 -0.7793956498357372
vn -0.586029819680391 -0.015500787823978674 -0.8101412074584309
vn 0.45339462261970553 0.19689766601671424 -0.869289724600898
vn 0.586029819680391 -0.015500787823978674 -0.8101412074584309
vn 0.5443090393770745 -0.49590822269793977 -0.6766111913890996
vn 0.45339462261970553 0.19689766601671424 -0.869289724600898
vn 0.5443090393770745 -0.49590822269793977 -0.6766111913890996
vn 0.42369057711773767 -0.323992791668262 -0.8458811771216125
vn -0.5443090393770745 -0.49590822269793977 -0.6766111913890996
vn -0.586029819680391 -0.015500787823978674 -0.8101412074584309
vn -0.45339462261970553 0.19689766601671424 -0.869289724600898
vn -0.5443090393770745 -0.49590822269793977 -0.6766111913890996
vn -0.45339462261970553 0.19689766601671424 -0.869289724600898
vn -0.42369057711773767 -0.323992791668262 -0.8458811771216125
vn 0.2744079048437206 -0.9600276486525264 -0.055201590393583896
vn 0.5809090115985163 -0.8007124117267816 -0.1463022691222384
vn 0.5443090393770745 -0.49590822269793977 -0.6766111913890996
vn 0.2744079048437206 -0.9600276486525264 -0.055201590393583896
vn 0.5443090393770745 -0.49590822269793977 -0.6766111913890996
vn 0.4020310128759153 -0.616747554467416 -0.6767521841445562
vn -0.5443090393770745 -0.49590822269793977 -0.6766111913890996
vn -0.5809090115985163 -0.8007124117267816 -0.1463022691222384
vn -0.2744079048437206 -0.9600276486525264 -0.055201590393583896
vn -0.5443090393770745 -0.49590822269793977 -0.6766111913890996
vn -0.2744079048437206 -0.9600276486525264 -0.055201590393583896
vn -0.4020310128759153 -0.616747554467416 -0.6767521841445562
vn 0.5213139853437793 -0.8255221295705598 -0.21620578686583258
vn 0.5191236008912432 -0.6556298050864671 -0.5483249453380638
vn 0.5443090393770745 -0.49590822269793977 -0.6766111913890996
vn 0.5213139853437793 -0.8255221295705598 -0.21620578686583258
vn 0.5443090393770745 -0.49590822269793977 -0.6766111913890996
vn 0.5809090115985163 -0.8007124117267816 -0.1463022691222384
vn -0.5443090393770745 -0.49590822269793977 -0.6766111913890996
vn -0.5191236008912432 -0.6556298050864671 -0.5483249453380638
vn -0.5213139853437793 -0.8255221295705598 -0.21620578686583258
vn -0.5443090393770745 -0.49590822269793977 -0.6766111913890996
vn -0.5213139853437793 -0.8255221295705598 -0.21620578686583258
vn -0.5809090115985163 -0.8007124117267816 -0.1463022691222384
vn 0.42369057711773767 -0.323992791668262 -0.8458811771216125
vn 0.5443090393770745 -0.49590822269793977 -0.6766111913890996
vn 0.5191236008912432 -0.6556298050864671 -0.5483249453380638
vn -0.5191236008912432 -0.6556298050864671 -0.5483249453380638
vn -0.5443090393770745 -0.49590822269793977 -0.6766111913890996
vn -0.42369057711773767 -0.323992791668262 -0.8458811771216125
vn 0.01630056798855362 0.873630434085092 0.48631692971101065
vn -0.2877967618074843 0.7387916406003917 0.6093930879753295
vn 0.4589969938177469 -0.06309959061777162 0.8861942232547789
vn 0.01630056798855362 0.873630434085092 0.48631692971101065
vn 0.4589969938177469 -0.06309959061777162 0.8861942232547789
vn 0.5420323822057572 -0.06740402838789981 0.837650042438628
vn -0.4589969938177469 -0.06309959061777162 0.8861942232547789
vn 0.2877967618074843 0.7387916406003917 0.6093930879753295
vn -0.01630056798855362 0.873630434085092 0.48631692971101065
vn -0.4589969938177469 -0.06309959061777162 0.8861942232547789
vn -0.01630056798855362 0.873630434085092 0.48631692971101065
vn -0.5420323822057572 -0.06740402838789981 0.837650042438628
vn 0.01630056798855362 0.873630434085092 0.48631692971101065
vn 0.5420323822057572 -0.06740402838789981 0.837650042438628
vn 0.3174061209302107 -0.09300179319965765 0.9437181893222598
vn 0.01630056798855362 0.873630434085092 0.48631692971101065
vn 0.3174061209302107 -0.09300179319965765 0.9437181893222598
vn 0.3604092942316853 0.8605221900388015 0.36000930693836686
vn -0.3174061209302107 -0.09300179319965765 0.9437181893222598
vn -0.5420323822057572 -0.06740402838789981 0.837650042438628
vn -0.01630056798855362 0.873630434085092 0.48631692971101065
vn -0.3174061209302107 -0.09300179319965765 0.9437181893222598
vn -0.01630056798855362 0.873630434085092 0.48631692971101065
vn -0.3604092942316853 0.8605221900388015 0.36000930693836686
vn 0.3604092942316853 0.8605221900388015 0.36000930693836686
vn 0.3174061209302107 -0.09300179319965765 0.9437181893222598
vn -0.1201001350017919 -0.0897001000667651 0.9887010921509917
vn 0.3604092942316853 0.8605221900388015 0.36000930693836686
vn -0.1201001350017919 -0.0897001000667651 0.9887010921509917
vn 0.7896154952095696 0.1790035145151106 0.58691150228649
vn 0.1201001350017919 -0.0897001000667651 0.9887010921509917
vn -0.3174061209302107 -0.09300179319965765 0.9437181893222598
vn -0.3604092942316853 0.8605221900388015 0.36000930693836686
vn 0.1201001350017919 -0.0897001000667651 0.9887010921509917
vn -0.3604092942316853 0.8605221900388015 0.36000930693836686
vn -0.7896154952095696 0.1790035145151106 0.58691150228649
vn 0.7896154952095696 0.1790035145151106 0.58691150228649
vn -0.1201001350017919 -0.0897001000667651 0.9887010921509917
vn -0.02400135490440277 0.27391546270679035 0.9614542392921662
vn 0.7896154952095696 0.1790035145151106 0.58691150228649
vn -0.02400135490440277 0.27391546270679035 0.9614542392921662
vn 0.6731374700673813 -0.4998278233993602 0.5450303600233138
vn 0.02400135490440277 0.27391546270679035 0.9614542392921662
vn 0.1201001350017919 -0.0897001000667651 0.9887010921509917
vn -0.7896154952095696 0.1790035145151106 0.58691150228649
vn 0.02400135490440277 0.27391546270679035 0.9614542392921662
vn -0.7896154952095696 0.1790035145151106 0.58691150228649
vn -0.6731374700673813 -0.4998278233993602 0.5450303600233138
vn 0.6731374700673813 -0.4998278233993602 0.5450303600233138
vn -0.02400135490440277 0.27391546270679035 0.9614542392921662
vn 0.49220023553593145 0.27380012380597196 0.8263004419351402
vn 0.6731374700673813 -0.4998278233993602 0.5450303600233138
vn 0.49220023553593145 0.27380012380597196 0.8263004419351402
vn 0.47192822030558884 -0.7796466681261425 0.4116246199621739
vn -0.49220023553593145 0.27380012380597196 0.8263004419351402
vn 0.02400135490440277 0.27391546270679035 0.9614542392921662
vn -0.6731374700673813 -0.4998278233993602 0.5450303600233138
vn -0.49220023553593145 0.27380012380597196 0.8263004419351402
vn -0.6731374700673813 -0.4998278233993602 0.5450303600233138
vn -0.47192822030558884 -0.7796466681261425 0.4116246199621739
vn 0.47192822030558884 -0.7796466681261425 0.4116246199621739
vn 0.49220023553593145 0.27380012380597196 0.8263004419351402
vn 0.34132177618568377 0.3527224875492441 0.871255583556584
vn 0.47192822030558884 -0.7796466681261425 0.4116246199621739
vn 0.34132177618568377 0.3527224875492441 0.871255583556584
vn -0.0439029670984869 -0.6481437955798602 0.7602513727256806
vn -0.34132177618568377 0.3527224875492441 0.871255583556584
vn -0.49220023553593145 0.27380012380597196 0.8263004419351402
vn -0.47192822030558884 -0.7796466681261425 0.4116246199621739
vn -0.34132177618568377 0.3527224875492441 0.871255583556584
vn -0.47192822030558884 -0.7796466681261425 0.4116246199621739
vn 0.0439029670984869 -0.6481437955798602 0.7602513727256806
vn 0.49220023553593145 0.27380012380597196 0.8263004419351402
vn -0.1665002095016904 0.9539011675601885 0.24970030589328965
vn 0.2330038001338575 0.8788143253187477 0.41640678517254687
vn 0.49220023553593145 0.27380012380597196 0.8263004419351402
vn 0.2330038001338575 0.8788143253187477 0.41640678517254687
vn 0.34132177618568377 0.3527224875492441 0.871255583556584
vn -0.2330038001338575 0.8788143253187477 0.41640678517254687
vn 0.1665002095016904 0.9539011675601885 0.24970030589328965
vn -0.49220023553593145 0.27380012380597196 0.8263004419351402
vn -0.2330038001338575 0.8788143253187477 0.41640678517254687
vn -0.49220023553593145 0.27380012380597196 0.8263004419351402
vn -0.34132177618568377 0.3527224875492441 0.871255583556584
vn -0.02400135490440277 0.27391546270679035 0.9614542392921662
vn -0.7613350057193642 0.6471297031357212 0.039901834365969016
vn -0.1665002095016904 0.9539011675601885 0.24970030589328965
vn -0.02400135490440277 0.27391546270679035 0.9614542392921662
vn -0.1665002095016904 0.9539011675601885 0.24970030589328965
vn 0.49220023553593145 0.27380012380597196 0.8263004419351402
vn 0.1665002095016904 0.9539011675601885 0.24970030589328965
vn 0.7613350057193642 0.6471297031357212 0.039901834365969016
vn 0.02400135490440277 0.27391546270679035 0.9614542392921662
vn 0.1665002095016904 0.9539011675601885 0.24970030589328965
vn 0.02400135490440277 0.27391546270679035 0.9614542392921662
vn -0.49220023553593145 0.27380012380597196 0.8263004419351402
vn -0.1201001350017919 -0.0897001000667651 0.9887010921509917
vn -0.9810409106180786 -0.09340389599355592 0.16980707849461407
vn -0.7613350057193642 0.6471297031357212 0.039901834365969016
vn -0.1201001350017919 -0.0897001000667651 0.9887010921509917
vn -0.7613350057193642 0.6471297031357212 0.039901834365969016
vn -0.02400135490440277 0.27391546270679035 0.9614542392921662
vn 0.7613350057193642 0.6471297031357212 0.039901834365969016
vn 0.9810409106180786 -0.09340389599355592 0.16980707849461407
vn 0.1201001350017919 -0.0897001000667651 0.9887010921509917
vn 0.7613350057193642 0.6471297031357212 0.039901834365969016
vn 0.1201001350017919 -0.0897001000667651 0.9887010921509917
vn 0.02400135490440277 0.27391546270679035 0.9614542392921662
vn 0.3174061209302107 -0.09300179319965765 0.9437181893222598
vn -0.14099899411123717 -0.7727945008234276 0.618795558449387
vn -0.9810409106180786 -0.09340389599355592 0.16980707849461407
vn 0.3174061209302107 -0.09300179319965765 0.9437181893222598
vn -0.9810409106180786 -0.09340389599355592 0.16980707849461407
vn -0.1201001350017919 -0.0897001000667651 0.9887010921509917
vn 0.9810409106180786 -0.09340389599355592 0.16980707849461407
vn 0.14099899411123717 -0.7727945008234276 0.618795558449387
vn -0.3174061209302107 -0.09300179319965765 0.9437181893222598
vn 0.9810409106180786 -0.09340389599355592 0.16980707849461407
vn -0.3174061209302107 -0.09300179319965765 0.9437181893222598
vn 0.1201001350017919 -0.0897001000667651 0.9887010921509917
vn 0.5420323822057572 -0.06740402838789981 0.837650042438628
vn 0.5587212680522032 -0.6583250125218549 0.5044191932452984
vn -0.14099899411123717 -0.7727945008234276 0.618795558449387
vn 0.5420323822057572 -0.06740402838789981 0.837650042438628
vn -0.14099899411123717 -0.7727945008234276 0.618795558449387
vn 0.3174061209302107 -0.09300179319965765 0.9437181893222598
vn 0.14099899411123717 -0.7727945008234276 0.618795558449387
vn -0.5587212680522032 -0.6583250125218549 0.5044191932452984
vn -0.5420323822057572 -0.06740402838789981 0.837650042438628
vn 0.14099899411123717 -0.7727945008234276 0.618795558449387
vn -0.5420323822057572 -0.06740402838789981 0.837650042438628
vn -0.3174061209302107 -0.09300179319965765 0.9437181893222598
vn 0.5420323822057572 -0.06740402838789981 0.837650042438628
vn 0.4589969938177469 -0.06309959061777162 0.8861942232547789
vn 0.6878268923951845 -0.5533216645416539 0.4698183709124589
vn 0.5420323822057572 -0.06740402838789981 0.837650042438628
vn 0.6878268923951845 -0.5533216645416539 0.4698183709124589
vn 0.5587212680522032 -0.6583250125218549 0.5044191932452984
vn -0.6878268923951845 -0.5533216645416539 0.4698183709124589
vn -0.4589969938177469 -0.06309959061777162 0.8861942232547789
vn -0.5420323822057572 -0.06740402838789981 0.837650042438628
vn -0.6878268923951845 -0.5533216645416539 0.4698183709124589
vn -0.5420323822057572 -0.06740402838789981 0.837650042438628
vn -0.5587212680522032 -0.6583250125218549 0.5044191932452984
vn 0.7152168146627186 -0.6950163258338644 0.07360173128473516
vn 0.2744079048437206 -0.9600276486525264 -0.055201590393583896
vn 0.7450307464328872 0.0855035299776277 0.6615272732329484
vn 0.7152168146627186 -0.6950163258338644 0.07360173128473516
vn 0.7450307464328872 0.0855035299776277 0.6615272732329484
vn 0.8615317735838367 -0.4880179897069828 -0.14000516000435012
vn -0.7450307464328872 0.0855035299776277 0.6615272732329484
vn -0.2744079048437206 -0.9600276486525264 -0.055201590393583896
vn -0.7152168146627186 -0.6950163258338644 0.07360173128473516
vn -0.7450307464328872 0.0855035299776277 0.6615272732329484
vn -0.7152168146627186 -0.6950163258338644 0.07360173128473516
vn -0.8615317735838367 -0.4880179897069828 -0.14000516000435012
vn 0.2744079048437206 -0.9600276486525264 -0.055201590393583896
vn -0.0439029670984869 -0.6481437955798602 0.7602513727256806
vn 0.34132177618568377 0.3527224875492441 0.871255583556584
vn 0.2744079048437206 -0.9600276486525264 -0.055201590393583896
vn 0.34132177618568377 0.3527224875492441 0.871255583556584
vn 0.7450307464328872 0.0855035299776277 0.6615272732329484
vn -0.34132177618568377 0.3527224875492441 0.871255583556584
vn 0.0439029670984869 -0.6481437955798602 0.7602513727256806
vn -0.2744079048437206 -0.9600276486525264 -0.055201590393583896
vn -0.34132177618568377 0.3527224875492441 0.871255583556584
vn -0.2744079048437206 -0.9600276486525264 -0.055201590393583896
vn -0.7450307464328872 0.0855035299776277 0.6615272732329484
vn 0.9762372229676358 -0.20190770707868558 0.0787030006712975
vn 0.7152168146627186 -0.6950163258338644 0.07360173128473516
vn 0.8615317735838367 -0.4880179897069828 -0.14000516000435012
vn 0.9762372229676358 -0.20190770707868558 0.0787030006712975
vn 0.8615317735838367 -0.4880179897069828 -0.14000516000435012
vn 0.998945003519182 -0.045502049160539196 0.006200279530244096
vn -0.8615317735838367 -0.4880179897069828 -0.14000516000435012
vn -0.7152168146627186 -0.6950163258338644 0.07360173128473516
vn -0.9762372229676358 -0.20190770707868558 0.0787030006712975
vn -0.8615317735838367 -0.4880179897069828 -0.14000516000435012
vn -0.9762372229676358 -0.20190770707868558 0.0787030006712975
vn -0.998945003519182 -0.045502049160539196 0.006200279530244096
vn 0.896475073886392 0.3043915364311809 0.3219910471572978
vn 0.7427103787524723 -0.26110364965877975 0.6166086095962531
vn 0.4589969938177469 -0.06309959061777162 0.8861942232547789
vn 0.896475073886392 0.3043915364311809 0.3219910471572978
vn 0.4589969938177469 -0.06309959061777162 0.8861942232547789
vn -0.2877967618074843 0.7387916406003917 0.6093930879753295
vn -0.4589969938177469 -0.06309959061777162 0.8861942232547789
vn -0.7427103787524723 -0.26110364965877975 0.6166086095962531
vn -0.896475073886392 0.3043915364311809 0.3219910471572978
vn -0.4589969938177469 -0.06309959061777162 0.8861942232547789
vn -0.896475073886392 0.3043915364311809 0.3219910471572978
vn 0.2877967618074843 0.7387916406003917 0.6093930879753295
vn 0.34132177618568377 0.3527224875492441 0.871255583556584
vn 0.2330038001338575 0.8788143253187477 0.41640678517254687
vn 0.593334231908107 0.5663326633765378 0.5720330441843846
vn 0.34132177618568377 0.3527224875492441 0.871255583556584
vn 0.593334231908107 0.5663326633765378 0.5720330441843846
vn 0.7450307464328872 0.0855035299776277 0.6615272732329484
vn -0.593334231908107 0.5663326633765378 0.5720330441843846
vn -0.2330038001338575 0.8788143253187477 0.41640678517254687
vn -0.34132177618568377 0.3527224875492441 0.871255583556584
vn -0.593334231908107 0.5663326633765378 0.5720330441843846
vn -0.34132177618568377 0.3527224875492441 0.871255583556584
vn -0.7450307464328872 0.0855035299776277 0.6615272732329484
vn 0.8836899908845115 -0.062399290612299686 0.46389473864403075
vn 0.9210299338951224 -0.17490567911733768 0.34801129907181066
vn 0.7450307464328872 0.0855035299776277 0.6615272732329484
vn 0.8836899908845115 -0.062399290612299686 0.46389473864403075
vn 0.7450307464328872 0.0855035299776277 0.6615272732329484
vn 0.593334231908107 0.5663326633765378 0.5720330441843846
vn -0.7450307464328872 0.0855035299776277 0.6615272732329484
vn -0.9210299338951224 -0.17490567911733768 0.34801129907181066
vn -0.8836899908845115 -0.062399290612299686 0.46389473864403075
vn -0.7450307464328872 0.0855035299776277 0.6615272732329484
vn -0.8836899908845115 -0.062399290612299686 0.46389473864403075
vn -0.593334231908107 0.5663326633765378 0.5720330441843846
vn 0.8588990305135036 0.03709995611031055 0.5107994211425622
vn 0.9210299338951224 -0.17490567911733768 0.34801129907181066
vn 0.8836899908845115 -0.062399290612299686 0.46389473864403075
vn 0.8588990305135036 0.03709995611031055 0.5107994211425622
vn 0.8836899908845115 -0.062399290612299686 0.46389473864403075
vn 0.5731486201956885 0.7262616303006766 0.3795322167099679
vn -0.8836899908845115 -0.062399290612299686 0.46389473864403075
vn -0.9210299338951224 -0.17490567911733768 0.34801129907181066
vn -0.8588990305135036 0.03709995611031055 0.5107994211425622
vn -0.8836899908845115 -0.062399290612299686 0.46389473864403075
vn -0.8588990305135036 0.03709995611031055 0.5107994211425622
vn -0.5731486201956885 0.7262616303006766 0.3795322167099679
vn 0.7481451020860473 -0.579935001206369 0.3224194482354106
vn 0.8720047235295758 -0.4240023019570158 0.24460132885423908
vn 0.9210299338951224 -0.17490567911733768 0.34801129907181066
vn 0.7481451020860473 -0.579935001206369 0.3224194482354106
vn 0.9210299338951224 -0.17490567911733768 0.34801129907181066
vn 0.8588990305135036 0.03709995611031055 0.5107994211425622
vn -0.9210299338951224 -0.17490567911733768 0.34801129907181066
vn -0.8720047235295758 -0.4240023019570158 0.24460132885423908
vn -0.7481451020860473 -0.579935001206369 0.3224194482354106
vn -0.9210299338951224 -0.17490567911733768 0.34801129907181066
vn -0.7481451020860473 -0.579935001206369 0.3224194482354106
vn -0.8588990305135036 0.03709995611031055 0.5107994211425622
vn 0.7427103787524723 -0.26110364965877975 0.6166086095962531
vn 0.8720047235295758 -0.4240023019570158 0.24460132885423908
vn 0.7481451020860473 -0.579935001206369 0.3224194482354106
vn 0.7427103787524723 -0.26110364965877975 0.6166086095962531
vn 0.7481451020860473 -0.579935001206369 0.3224194482354106
vn 0.6963177494373177 -0.5412137548096051 0.4714119890535638
vn -0.7481451020860473 -0.579935001206369 0.3224194482354106
vn -0.8720047235295758 -0.4240023019570158 0.24460132885423908
vn -0.7427103787524723 -0.26110364965877975 0.6166086095962531
vn -0.7481451020860473 -0.579935001206369 0.3224194482354106
vn -0.7427103787524723 -0.26110364965877975 0.6166086095962531
vn -0.6963177494373177 -0.5412137548096051 0.4714119890535638
vn 0.4589969938177469 -0.06309959061777162 0.8861942232547789
vn 0.7427103787524723 -0.26110364965877975 0.6166086095962531
vn 0.6963177494373177 -0.5412137548096051 0.4714119890535638
vn 0.4589969938177469 -0.06309959061777162 0.8861942232547789
vn 0.6963177494373177 -0.5412137548096051 0.4714119890535638
vn 0.6878268923951845 -0.5533216645416539 0.4698183709124589
vn -0.6963177494373177 -0.5412137548096051 0.4714119890535638
vn -0.7427103787524723 -0.26110364965877975 0.6166086095962531
vn -0.4589969938177469 -0.06309959061777162 0.8861942232547789
vn -0.6963177494373177 -0.5412137548096051 0.4714119890535638
vn -0.4589969938177469 -0.06309959061777162 0.8861942232547789
vn -0.6878268923951845 -0.5533216645416539 0.4698183709124589
vn 0.998945003519182 -0.045502049160539196 0.006200279530244096
vn 0.8720047235295758 -0.4240023019570158 0.24460132885423908
vn 0.7427103787524723 -0.26110364965877975 0.6166086095962531
vn 0.998945003519182 -0.045502049160539196 0.006200279530244096
vn 0.7427103787524723 -0.26110364965877975 0.6166086095962531
vn 0.896475073886392 0.3043915364311809 0.3219910471572978
vn -0.7427103787524723 -0.26110364965877975 0.6166086095962531
vn -0.8720047235295758 -0.4240023019570158 0.24460132885423908
vn -0.998945003519182 -0.045502049160539196 0.006200279530244096
vn -0.7427103787524723 -0.26110364965877975 0.6166086095962531
vn -0.998945003519182 -0.045502049160539196 0.006200279530244096
vn -0.896475073886392 0.3043915364311809 0.3219910471572978
vn 0.998945003519182 -0.045502049160539196 0.006200279530244096
vn 0.8615317735838367 -0.4880179897069828 -0.14000516000435012
vn 0.9210299338951224 -0.17490567911733768 0.34801129907181066
vn 0.998945003519182 -0.045502049160539196 0.006200279530244096
vn 0.9210299338951224 -0.17490567911733768 0.34801129907181066
vn 0.8720047235295758 -0.4240023019570158 0.24460132885423908
vn -0.9210299338951224 -0.17490567911733768 0.34801129907181066
vn -0.8615317735838367 -0.4880179897069828 -0.14000516000435012
vn -0.998945003519182 -0.045502049160539196 0.006200279530244096
vn -0.9210299338951224 -0.17490567911733768 0.34801129907181066
vn -0.998945003519182 -0.045502049160539196 0.006200279530244096
vn -0.8720047235295758 -0.4240023019570158 0.24460132885423908
vn 0.8615317735838367 -0.4880179897069828 -0.14000516000435012
vn 0.7450307464328872 0.0855035299776277 0.6615272732329484
vn 0.9210299338951224 -0.17490567911733768 0.34801129907181066
vn -0.9210299338951224 -0.17490567911733768 0.34801129907181066
vn -0.7450307464328872 0.0855035299776277 0.6615272732329484
vn -0.8615317735838367 -0.4880179897069828 -0.14000516000435012
vn 0.6878268923951845 -0.5533216645416539 0.4698183709124589
vn 0.6963177494373177 -0.5412137548096051 0.4714119890535638
vn 0.6668754210844625 -0.43478398785486594 0.6051777066766756
vn 0.6878268923951845 -0.5533216645416539 0.4698183709124589
vn 0.6668754210844625 -0.43478398785486594 0.6051777066766756
vn 0.6358236431786165 -0.409215226823387 0.6544243217599385
vn -0.6668754210844625 -0.43478398785486594 0.6051777066766756
vn -0.6963177494373177 -0.5412137548096051 0.4714119890535638
vn -0.6878268923951845 -0.5533216645416539 0.4698183709124589
vn -0.6668754210844625 -0.43478398785486594 0.6051777066766756
vn -0.6878268923951845 -0.5533216645416539 0.4698183709124589
vn -0.6358236431786165 -0.409215226823387 0.6544243217599385
vn 0.6963177494373177 -0.5412137548096051 0.4714119890535638
vn 0.7481451020860473 -0.579935001206369 0.3224194482354106
vn 0.571402554266357 -0.42590192598915627 0.701503150681884
vn 0.6963177494373177 -0.5412137548096051 0.4714119890535638
vn 0.571402554266357 -0.42590192598915627 0.701503150681884
vn 0.6668754210844625 -0.43478398785486594 0.6051777066766756
vn -0.571402554266357 -0.42590192598915627 0.701503150681884
vn -0.7481451020860473 -0.579935001206369 0.3224194482354106
vn -0.6963177494373177 -0.5412137548096051 0.4714119890535638
vn -0.571402554266357 -0.42590192598915627 0.701503150681884
vn -0.6963177494373177 -0.5412137548096051 0.4714119890535638
vn -0.6668754210844625 -0.43478398785486594 0.6051777066766756
vn 0.7481451020860473 -0.579935001206369 0.3224194482354106
vn 0.8588990305135036 0.03709995611031055 0.5107994211425622
vn 0.7836954237909022 0.2513985293389837 0.5679967096519085
vn 0.7481451020860473 -0.579935001206369 0.3224194482354106
vn 0.7836954237909022 0.2513985293389837 0.5679967096519085
vn 0.571402554266357 -0.42590192598915627 0.701503150681884
vn -0.7836954237909022 0.2513985293389837 0.5679967096519085
vn -0.8588990305135036 0.03709995611031055 0.5107994211425622
vn -0.7481451020860473 -0.579935001206369 0.3224194482354106
vn -0.7836954237909022 0.2513985293389837 0.5679967096519085
vn -0.7481451020860473 -0.579935001206369 0.3224194482354106
vn -0.571402554266357 -0.42590192598915627 0.701503150681884
vn 0.8588990305135036 0.03709995611031055 0.5107994211425622
vn 0.5731486201956885 0.7262616303006766 0.3795322167099679
vn 0.4447212374905795 0.3740178717075574 0.8138388369746166
vn 0.8588990305135036 0.03709995611031055 0.5107994211425622
vn 0.4447212374905795 0.3740178717075574 0.8138388369746166
vn 0.7836954237909022 0.2513985293389837 0.5679967096519085
vn -0.4447212374905795 0.3740178717075574 0.8138388369746166
vn -0.5731486201956885 0.7262616303006766 0.3795322167099679
vn -0.8588990305135036 0.03709995611031055 0.5107994211425622
vn -0.4447212374905795 0.3740178717075574 0.8138388369746166
vn -0.8588990305135036 0.03709995611031055 0.5107994211425622
vn -0.7836954237909022 0.2513985293389837 0.5679967096519085
vn 0.5731486201956885 0.7262616303006766 0.3795322167099679
vn 0.8836899908845115 -0.062399290612299686 0.46389473864403075
vn 0.3739108559010682 0.3687107062541778 0.851024727568404
vn 0.5731486201956885 0.7262616303006766 0.3795322167099679
vn 0.3739108559010682 0.3687107062541778 0.851024727568404
vn 0.4447212374905795 0.3740178717075574 0.8138388369746166
vn -0.3739108559010682 0.3687107062541778 0.851024727568404
vn -0.8836899908845115 -0.062399290612299686 0.46389473864403075
vn -0.5731486201956885 0.7262616303006766 0.3795322167099679
vn -0.3739108559010682 0.3687107062541778 0.851024727568404
vn -0.5731486201956885 0.7262616303006766 0.3795322167099679
vn -0.4447212374905795 0.3740178717075574 0.8138388369746166
vn 0.8836899908845115 -0.062399290612299686 0.46389473864403075
vn 0.593334231908107 0.5663326633765378 0.5720330441843846
vn 0.6600081729253736 0.34950431452427133 0.6650082298743599
vn 0.8836899908845115 -0.062399290612299686 0.46389473864403075
vn 0.6600081729253736 0.34950431452427133 0.6650082298743599
vn 0.3739108559010682 0.3687107062541778 0.851024727568404
vn -0.6600081729253736 0.34950431452427133 0.6650082298743599
vn -0.593334231908107 0.5663326633765378 0.5720330441843846
vn -0.8836899908845115 -0.062399290612299686 0.46389473864403075
vn -0.6600081729253736 0.34950431452427133 0.6650082298743599
vn -0.8836899908845115 -0.062399290612299686 0.46389473864403075
vn -0.3739108559010682 0.3687107062541778 0.851024727568404
vn 0.593334231908107 0.5663326633765378 0.5720330441843846
vn 0.2330038001338575 0.8788143253187477 0.41640678517254687
vn -0.05070306898517664 0.9518575767103596 0.3023182965924597
vn 0.593334231908107 0.5663326633765378 0.5720330441843846
vn -0.05070306898517664 0.9518575767103596 0.3023182965924597
vn 0.6600081729253736 0.34950431452427133 0.6650082298743599
vn 0.05070306898517664 0.9518575767103596 0.3023182965924597
vn -0.2330038001338575 0.8788143253187477 0.41640678517254687
vn -0.593334231908107 0.5663326633765378 0.5720330441843846
vn 0.05070306898517664 0.9518575767103596 0.3023182965924597
vn -0.593334231908107 0.5663326633765378 0.5720330441843846
vn -0.6600081729253736 0.34950431452427133 0.6650082298743599
vn 0.5587212680522032 -0.6583250125218549 0.5044191932452984
vn 0.6878268923951845 -0.5533216645416539 0.4698183709124589
vn 0.6358236431786165 -0.409215226823387 0.6544243217599385
vn 0.5587212680522032 -0.6583250125218549 0.5044191932452984
vn 0.6358236431786165 -0.409215226823387 0.6544243217599385
vn 0.48440326920411914 -0.33730227611593006 0.8072054554519403
vn -0.6358236431786165 -0.409215226823387 0.6544243217599385
vn -0.6878268923951845 -0.5533216645416539 0.4698183709124589
vn -0.5587212680522032 -0.6583250125218549 0.5044191932452984
vn -0.6358236431786165 -0.409215226823387 0.6544243217599385
vn -0.5587212680522032 -0.6583250125218549 0.5044191932452984
vn -0.48440326920411914 -0.33730227611593006 0.8072054554519403
vn -0.14099899411123717 -0.7727945008234276 0.618795558449387
vn 0.5587212680522032 -0.6583250125218549 0.5044191932452984
vn 0.48440326920411914 -0.33730227611593006 0.8072054554519403
vn -0.14099899411123717 -0.7727945008234276 0.618795558449387
vn 0.48440326920411914 -0.33730227611593006 0.8072054554519403
vn -0.2485072766834199 -0.5826170471219273 0.7738226604580121
vn -0.48440326920411914 -0.33730227611593006 0.8072054554519403
vn -0.5587212680522032 -0.6583250125218549 0.5044191932452984
vn 0.14099899411123717 -0.7727945008234276 0.618795558449387
vn -0.48440326920411914 -0.33730227611593006 0.8072054554519403
vn 0.14099899411123717 -0.7727945008234276 0.618795558449387
vn 0.2485072766834199 -0.5826170471219273 0.7738226604580121
vn -0.9810409106180786 -0.09340389599355592 0.16980707849461407
vn -0.14099899411123717 -0.7727945008234276 0.618795558449387
vn -0.2485072766834199 -0.5826170471219273 0.7738226604580121
vn -0.9810409106180786 -0.09340389599355592 0.16980707849461407
vn -0.2485072766834199 -0.5826170471219273 0.7738226604580121
vn -0.7433217682082547 -0.097302847297607 0.6618193898757669
vn 0.2485072766834199 -0.5826170471219273 0.7738226604580121
vn 0.14099899411123717 -0.7727945008234276 0.618795558449387
vn 0.9810409106180786 -0.09340389599355592 0.16980707849461407
vn 0.2485072766834199 -0.5826170471219273 0.7738226604580121
vn 0.9810409106180786 -0.09340389599355592 0.16980707849461407
vn 0.7433217682082547 -0.097302847297607 0.6618193898757669
vn -0.7613350057193642 0.6471297031357212 0.039901834365969016
vn -0.9810409106180786 -0.09340389599355592 0.16980707849461407
vn -0.7433217682082547 -0.097302847297607 0.6618193898757669
vn -0.7613350057193642 0.6471297031357212 0.039901834365969016
vn -0.7433217682082547 -0.097302847297607 0.6618193898757669
vn -0.5392358877804693 0.4506299824101386 0.7114473109673318
vn 0.7433217682082547 -0.097302847297607 0.6618193898757669
vn 0.9810409106180786 -0.09340389599355592 0.16980707849461407
vn 0.7613350057193642 0.6471297031357212 0.039901834365969016
vn 0.7433217682082547 -0.097302847297607 0.6618193898757669
vn 0.7613350057193642 0.6471297031357212 0.039901834365969016
vn 0.5392358877804693 0.4506299824101386 0.7114473109673318
vn -0.1665002095016904 0.9539011675601885 0.24970030589328965
vn -0.7613350057193642 0.6471297031357212 0.039901834365969016
vn -0.5392358877804693 0.4506299824101386 0.7114473109673318
vn -0.1665002095016904 0.9539011675601885 0.24970030589328965
vn -0.5392358877804693 0.4506299824101386 0.7114473109673318
vn 0.08730683136811905 0.7400578939225724 0.6668521806512634
vn 0.5392358877804693 0.4506299824101386 0.7114473109673318
vn 0.7613350057193642 0.6471297031357212 0.039901834365969016
vn 0.1665002095016904 0.9539011675601885 0.24970030589328965
vn 0.5392358877804693 0.4506299824101386 0.7114473109673318
vn 0.1665002095016904 0.9539011675601885 0.24970030589328965
vn -0.08730683136811905 0.7400578939225724 0.6668521806512634
vn 0.2330038001338575 0.8788143253187477 0.41640678517254687
vn -0.1665002095016904 0.9539011675601885 0.24970030589328965
vn 0.08730683136811905 0.7400578939225724 0.6668521806512634
vn 0.2330038001338575 0.8788143253187477 0.41640678517254687
vn 0.08730683136811905 0.7400578939225724 0.6668521806512634
vn -0.05070306898517664 0.9518575767103596 0.3023182965924597
vn -0.08730683136811905 0.7400578939225724 0.6668521806512634
vn 0.1665002095016904 0.9539011675601885 0.24970030589328965
vn -0.2330038001338575 0.8788143253187477 0.41640678517254687
vn -0.08730683136811905 0.7400578939225724 0.6668521806512634
vn -0.2330038001338575 0.8788143253187477 0.41640678517254687
vn 0.05070306898517664 0.9518575767103596 0.3023182965924597
vn 0.4447212374905795 0.3740178717075574 0.8138388369746166
vn 0.3739108559010682 0.3687107062541778 0.851024727568404
vn 0.38543667150964184 0.11621105752257184 0.9153871106614152
vn 0.4447212374905795 0.3740178717075574 0.8138388369746166
vn 0.38543667150964184 0.11621105752257184 0.9153871106614152
vn 0.19830547089970796 0.005100140784943358 0.980126996248557
vn -0.38543667150964184 0.11621105752257184 0.9153871106614152
vn -0.3739108559010682 0.3687107062541778 0.851024727568404
vn -0.4447212374905795 0.3740178717075574 0.8138388369746166
vn -0.38543667150964184 0.11621105752257184 0.9153871106614152
vn -0.4447212374905795 0.3740178717075574 0.8138388369746166
vn -0.19830547089970796 0.005100140784943358 0.980126996248557
vn 0.19830547089970796 0.005100140784943358 0.980126996248557
vn 0.38543667150964184 0.11621105752257184 0.9153871106614152
vn 0.4315021290600565 -0.033100165765099374 0.9015044601348134
vn 0.19830547089970796 0.005100140784943358 0.980126996248557
vn 0.4315021290600565 -0.033100165765099374 0.9015044601348134
vn 0.3281133206443681 0.00020000811734482177 0.9446383481589549
vn -0.4315021290600565 -0.033100165765099374 0.9015044601348134
vn -0.38543667150964184 0.11621105752257184 0.9153871106614152
vn -0.19830547089970796 0.005100140784943358 0.980126996248557
vn -0.4315021290600565 -0.033100165765099374 0.9015044601348134
vn -0.19830547089970796 0.005100140784943358 0.980126996248557
vn -0.3281133206443681 0.00020000811734482177 0.9446383481589549
vn 0.3281133206443681 0.00020000811734482177 0.9446383481589549
vn 0.4315021290600565 -0.033100165765099374 0.9015044601348134
vn 0.3447239187479658 -0.07670532225091597 0.9355649167115175
vn 0.3281133206443681 0.00020000811734482177 0.9446383481589549
vn 0.3447239187479658 -0.07670532225091597 0.9355649167115175
vn 0.3178049531720503 0.09370146384661378 0.9435147308931179
vn -0.3447239187479658 -0.07670532225091597 0.9355649167115175
vn -0.4315021290600565 -0.033100165765099374 0.9015044601348134
vn -0.3281133206443681 0.00020000811734482177 0.9446383481589549
vn -0.3447239187479658 -0.07670532225091597 0.9355649167115175
vn -0.3281133206443681 0.00020000811734482177 0.9446383481589549
vn -0.3178049531720503 0.09370146384661378 0.9435147308931179
vn 0.3178049531720503 0.09370146384661378 0.9435147308931179
vn 0.3447239187479658 -0.07670532225091597 0.9355649167115175
vn 0.43650057303477324 -0.013600017633175043 0.8996011834478053
vn 0.3178049531720503 0.09370146384661378 0.9435147308931179
vn 0.43650057303477324 -0.013600017633175043 0.8996011834478053
vn 0.35732336037984097 0.2980194801001046 0.8851578421997522
vn -0.43650057303477324 -0.013600017633175043 0.8996011834478053
vn -0.3447239187479658 -0.07670532225091597 0.9355649167115175
vn -0.3178049531720503 0.09370146384661378 0.9435147308931179
vn -0.43650057303477324 -0.013600017633175043 0.8996011834478053
vn -0.3178049531720503 0.09370146384661378 0.9435147308931179
vn -0.35732336037984097 0.2980194801001046 0.8851578421997522
vn 0.48440326920411914 -0.33730227611593006 0.8072054554519403
vn 0.6358236431786165 -0.409215226823387 0.6544243217599385
vn 0.3178049531720503 0.09370146384661378 0.9435147308931179
vn 0.48440326920411914 -0.33730227611593006 0.8072054554519403
vn 0.3178049531720503 0.09370146384661378 0.9435147308931179
vn 0.35732336037984097 0.2980194801001046 0.8851578421997522
vn -0.3178049531720503 0.09370146384661378 0.9435147308931179
vn -0.6358236431786165 -0.409215226823387 0.6544243217599385
vn -0.48440326920411914 -0.33730227611593006 0.8072054554519403
vn -0.3178049531720503 0.09370146384661378 0.9435147308931179
vn -0.48440326920411914 -0.33730227611593006 0.8072054554519403
vn -0.35732336037984097 0.2980194801001046 0.8851578421997522
vn 0.6668754210844625 -0.43478398785486594 0.6051777066766756
vn 0.3281133206443681 0.00020000811734482177 0.9446383481589549
vn 0.3178049531720503 0.09370146384661378 0.9435147308931179
vn 0.6668754210844625 -0.43478398785486594 0.6051777066766756
vn 0.3178049531720503 0.09370146384661378 0.9435147308931179
vn 0.6358236431786165 -0.409215226823387 0.6544243217599385
vn -0.3178049531720503 0.09370146384661378 0.9435147308931179
vn -0.3281133206443681 0.00020000811734482177 0.9446383481589549
vn -0.6668754210844625 -0.43478398785486594 0.6051777066766756
vn -0.3178049531720503 0.09370146384661378 0.9435147308931179
vn -0.6668754210844625 -0.43478398785486594 0.6051777066766756
vn -0.6358236431786165 -0.409215226823387 0.6544243217599385
vn 0.6668754210844625 -0.43478398785486594 0.6051777066766756
vn 0.571402554266357 -0.42590192598915627 0.701503150681884
vn 0.19830547089970796 0.005100140784943358 0.980126996248557
vn 0.6668754210844625 -0.43478398785486594 0.6051777066766756
vn 0.19830547089970796 0.005100140784943358 0.980126996248557
vn 0.3281133206443681 0.00020000811734482177 0.9446383481589549
vn -0.19830547089970796 0.005100140784943358 0.980126996248557
vn -0.571402554266357 -0.42590192598915627 0.701503150681884
vn -0.6668754210844625 -0.43478398785486594 0.6051777066766756
vn -0.19830547089970796 0.005100140784943358 0.980126996248557
vn -0.6668754210844625 -0.43478398785486594 0.6051777066766756
vn -0.3281133206443681 0.00020000811734482177 0.9446383481589549
vn 0.4447212374905795 0.3740178717075574 0.8138388369746166
vn 0.19830547089970796 0.005100140784943358 0.980126996248557
vn 0.571402554266357 -0.42590192598915627 0.701503150681884
vn 0.4447212374905795 0.3740178717075574 0.8138388369746166
vn 0.571402554266357 -0.42590192598915627 0.701503150681884
vn 0.7836954237909022 0.2513985293389837 0.5679967096519085
vn -0.571402554266357 -0.42590192598915627 0.701503150681884
vn -0.19830547089970796 0.005100140784943358 0.980126996248557
vn -0.4447212374905795 0.3740178717075574 0.8138388369746166
vn -0.571402554266357 -0.42590192598915627 0.701503150681884
vn -0.4447212374905795 0.3740178717075574 0.8138388369746166
vn -0.7836954237909022 0.2513985293389837 0.5679967096519085
vn 0.6600081729253736 0.34950431452427133 0.6650082298743599
vn -0.05070306898517664 0.9518575767103596 0.3023182965924597
vn 0.38543667150964184 0.11621105752257184 0.9153871106614152
vn 0.6600081729253736 0.34950431452427133 0.6650082298743599
vn 0.38543667150964184 0.11621105752257184 0.9153871106614152
vn 0.3739108559010682 0.3687107062541778 0.851024727568404
vn -0.38543667150964184 0.11621105752257184 0.9153871106614152
vn 0.05070306898517664 0.9518575767103596 0.3023182965924597
vn -0.6600081729253736 0.34950431452427133 0.6650082298743599
vn -0.38543667150964184 0.11621105752257184 0.9153871106614152
vn -0.6600081729253736 0.34950431452427133 0.6650082298743599
vn -0.3739108559010682 0.3687107062541778 0.851024727568404
vn 0.08730683136811905 0.7400578939225724 0.6668521806512634
vn 0.4315021290600565 -0.033100165765099374 0.9015044601348134
vn 0.38543667150964184 0.11621105752257184 0.9153871106614152
vn 0.08730683136811905 0.7400578939225724 0.6668521806512634
vn 0.38543667150964184 0.11621105752257184 0.9153871106614152
vn -0.05070306898517664 0.9518575767103596 0.3023182965924597
vn -0.38543667150964184 0.11621105752257184 0.9153871106614152
vn -0.4315021290600565 -0.033100165765099374 0.9015044601348134
vn -0.08730683136811905 0.7400578939225724 0.6668521806512634
vn -0.38543667150964184 0.11621105752257184 0.9153871106614152
vn -0.08730683136811905 0.7400578939225724 0.6668521806512634
vn 0.05070306898517664 0.9518575767103596 0.3023182965924597
vn -0.5392358877804693 0.4506299824101386 0.7114473109673318
vn 0.3447239187479658 -0.07670532225091597 0.9355649167115175
vn 0.4315021290600565 -0.033100165765099374 0.9015044601348134
vn -0.5392358877804693 0.4506299824101386 0.7114473109673318
vn 0.4315021290600565 -0.033100165765099374 0.9015044601348134
vn 0.08730683136811905 0.7400578939225724 0.6668521806512634
vn -0.4315021290600565 -0.033100165765099374 0.9015044601348134
vn -0.3447239187479658 -0.07670532225091597 0.9355649167115175
vn 0.5392358877804693 0.4506299824101386 0.7114473109673318
vn -0.4315021290600565 -0.033100165765099374 0.9015044601348134
vn 0.5392358877804693 0.4506299824101386 0.7114473109673318
vn -0.08730683136811905 0.7400578939225724 0.6668521806512634
vn -0.7433217682082547 -0.097302847297607 0.6618193898757669
vn 0.43650057303477324 -0.013600017633175043 0.8996011834478053
vn 0.3447239187479658 -0.07670532225091597 0.9355649167115175
vn -0.7433217682082547 -0.097302847297607 0.6618193898757669
vn 0.3447239187479658 -0.07670532225091597 0.9355649167115175
vn -0.5392358877804693 0.4506299824101386 0.7114473109673318
vn -0.3447239187479658 -0.07670532225091597 0.9355649167115175
vn -0.43650057303477324 -0.013600017633175043 0.8996011834478053
vn 0.7433217682082547 -0.097302847297607 0.6618193898757669
vn -0.3447239187479658 -0.07670532225091597 0.9355649167115175
vn 0.7433217682082547 -0.097302847297607 0.6618193898757669
vn 0.5392358877804693 0.4506299824101386 0.7114473109673318
vn -0.2485072766834199 -0.5826170471219273 0.7738226604580121
vn 0.35732336037984097 0.2980194801001046 0.8851578421997522
vn 0.43650057303477324 -0.013600017633175043 0.8996011834478053
vn -0.2485072766834199 -0.5826170471219273 0.7738226604580121
vn 0.43650057303477324 -0.013600017633175043 0.8996011834478053
vn -0.7433217682082547 -0.097302847297607 0.6618193898757669
vn -0.43650057303477324 -0.013600017633175043 0.8996011834478053
vn -0.35732336037984097 0.2980194801001046 0.8851578421997522
vn 0.2485072766834199 -0.5826170471219273 0.7738226604580121
vn -0.43650057303477324 -0.013600017633175043 0.8996011834478053
vn 0.2485072766834199 -0.5826170471219273 0.7738226604580121
vn 0.7433217682082547 -0.097302847297607 0.6618193898757669
vn 0.48440326920411914 -0.33730227611593006 0.8072054554519403
vn 0.35732336037984097 0.2980194801001046 0.8851578421997522
vn -0.2485072766834199 -0.5826170471219273 0.7738226604580121
vn 0.2485072766834199 -0.5826170471219273 0.7738226604580121
vn -0.35732336037984097 0.2980194801001046 0.8851578421997522
vn -0.48440326920411914 -0.33730227611593006 0.8072054554519403
vn 0.47192822030558884 -0.7796466681261425 0.4116246199621739
vn -0.0439029670984869 -0.6481437955798602 0.7602513727256806
vn -0.0797005948159121 -0.845306321223227 -0.5283039262451531
vn 0.47192822030558884 -0.7796466681261425 0.4116246199621739
vn -0.0797005948159121 -0.845306321223227 -0.5283039262451531
vn -0.04179990762459455 -0.6988984436212109 -0.7139984126217822
vn 0.0797005948159121 -0.845306321223227 -0.5283039262451531
vn 0.0439029670984869 -0.6481437955798602 0.7602513727256806
vn -0.47192822030558884 -0.7796466681261425 0.4116246199621739
vn 0.0797005948159121 -0.845306321223227 -0.5283039262451531
vn -0.47192822030558884 -0.7796466681261425 0.4116246199621739
vn 0.04179990762459455 -0.6988984436212109 -0.7139984126217822
vn 0.6731374700673813 -0.4998278233993602 0.5450303600233138
vn 0.47192822030558884 -0.7796466681261425 0.4116246199621739
vn -0.04179990762459455 -0.6988984436212109 -0.7139984126217822
vn 0.6731374700673813 -0.4998278233993602 0.5450303600233138
vn -0.04179990762459455 -0.6988984436212109 -0.7139984126217822
vn 0.6149082635932976 -0.4906065886568551 -0.6174082948350782
vn 0.04179990762459455 -0.6988984436212109 -0.7139984126217822
vn -0.47192822030558884 -0.7796466681261425 0.4116246199621739
vn -0.6731374700673813 -0.4998278233993602 0.5450303600233138
vn 0.04179990762459455 -0.6988984436212109 -0.7139984126217822
vn -0.6731374700673813 -0.4998278233993602 0.5450303600233138
vn -0.6149082635932976 -0.4906065886568551 -0.6174082948350782
vn 0.7896154952095696 0.1790035145151106 0.58691150228649
vn 0.6731374700673813 -0.4998278233993602 0.5450303600233138
vn 0.6149082635932976 -0.4906065886568551 -0.6174082948350782
vn 0.7896154952095696 0.1790035145151106 0.58691150228649
vn 0.6149082635932976 -0.4906065886568551 -0.6174082948350782
vn 0.9234250550762099 0.08560232763373322 -0.37411015645286305
vn -0.6149082635932976 -0.4906065886568551 -0.6174082948350782
vn -0.6731374700673813 -0.4998278233993602 0.5450303600233138
vn -0.7896154952095696 0.1790035145151106 0.58691150228649
vn -0.6149082635932976 -0.4906065886568551 -0.6174082948350782
vn -0.7896154952095696 0.1790035145151106 0.58691150228649
vn -0.9234250550762099 0.08560232763373322 -0.37411015645286305
vn 0.3604092942316853 0.8605221900388015 0.36000930693836686
vn 0.7896154952095696 0.1790035145151106 0.58691150228649
vn 0.9234250550762099 0.08560232763373322 -0.37411015645286305
vn 0.3604092942316853 0.8605221900388015 0.36000930693836686
vn 0.9234250550762099 0.08560232763373322 -0.37411015645286305
vn 0.3048097001880324 0.6219198061649511 -0.7213229522003521
vn -0.9234250550762099 0.08560232763373322 -0.37411015645286305
vn -0.7896154952095696 0.1790035145151106 0.58691150228649
vn -0.3604092942316853 0.8605221900388015 0.36000930693836686
vn -0.9234250550762099 0.08560232763373322 -0.37411015645286305
vn -0.3604092942316853 0.8605221900388015 0.36000930693836686
vn -0.3048097001880324 0.6219198061649511 -0.7213229522003521
vn 0.01630056798855362 0.873630434085092 0.48631692971101065
vn 0.3604092942316853 0.8605221900388015 0.36000930693836686
vn 0.3048097001880324 0.6219198061649511 -0.7213229522003521
vn 0.01630056798855362 0.873630434085092 0.48631692971101065
vn 0.3048097001880324 0.6219198061649511 -0.7213229522003521
vn -0.4176126815187781 0.5586169639957339 -0.7166217522311784
vn -0.3048097001880324 0.6219198061649511 -0.7213229522003521
vn -0.3604092942316853 0.8605221900388015 0.36000930693836686
vn -0.01630056798855362 0.873630434085092 0.48631692971101065
vn -0.3048097001880324 0.6219198061649511 -0.7213229522003521
vn -0.01630056798855362 0.873630434085092 0.48631692971101065
vn 0.4176126815187781 0.5586169639957339 -0.7166217522311784
vn -0.2877967618074843 0.7387916406003917 0.6093930879753295
vn 0.01630056798855362 0.873630434085092 0.48631692971101065
vn -0.4176126815187781 0.5586169639957339 -0.7166217522311784
vn -0.2877967618074843 0.7387916406003917 0.6093930879753295
vn -0.4176126815187781 0.5586169639957339 -0.7166217522311784
vn -0.656211809097934 0.5715102953849654 -0.4927088834894356
vn 0.4176126815187781 0.5586169639957339 -0.7166217522311784
vn -0.01630056798855362 0.873630434085092 0.48631692971101065
vn 0.2877967618074843 0.7387916406003917 0.6093930879753295
vn 0.4176126815187781 0.5586169639957339 -0.7166217522311784
vn 0.2877967618074843 0.7387916406003917 0.6093930879753295
vn 0.656211809097934 0.5715102953849654 -0.4927088834894356
vn -0.4176126815187781 0.5586169639957339 -0.7166217522311784
vn -0.04179990762459455 -0.6988984436212109 -0.7139984126217822
vn -0.0797005948159121 -0.845306321223227 -0.5283039262451531
vn -0.4176126815187781 0.5586169639957339 -0.7166217522311784
vn -0.0797005948159121 -0.845306321223227 -0.5283039262451531
vn -0.656211809097934 0.5715102953849654 -0.4927088834894356
vn 0.0797005948159121 -0.845306321223227 -0.5283039262451531
vn 0.04179990762459455 -0.6988984436212109 -0.7139984126217822
vn 0.4176126815187781 0.5586169639957339 -0.7166217522311784
vn 0.0797005948159121 -0.845306321223227 -0.5283039262451531
vn 0.4176126815187781 0.5586169639957339 -0.7166217522311784
vn 0.656211809097934 0.5715102953849654 -0.4927088834894356
vn -0.4176126815187781 0.5586169639957339 -0.7166217522311784
vn 0.3048097001880324 0.6219198061649511 -0.7213229522003521
vn 0.6149082635932976 -0.4906065886568551 -0.6174082948350782
vn -0.4176126815187781 0.5586169639957339 -0.7166217522311784
vn 0.6149082635932976 -0.4906065886568551 -0.6174082948350782
vn -0.04179990762459455 -0.6988984436212109 -0.7139984126217822
vn -0.6149082635932976 -0.4906065886568551 -0.6174082948350782
vn -0.3048097001880324 0.6219198061649511 -0.7213229522003521
vn 0.4176126815187781 0.5586169639957339 -0.7166217522311784
vn -0.6149082635932976 -0.4906065886568551 -0.6174082948350782
vn 0.4176126815187781 0.5586169639957339 -0.7166217522311784
vn 0.04179990762459455 -0.6988984436212109 -0.7139984126217822
vn 0.3048097001880324 0.6219198061649511 -0.7213229522003521
vn 0.9234250550762099 0.08560232763373322 -0.37411015645286305
vn 0.6149082635932976 -0.4906065886568551 -0.6174082948350782
vn -0.6149082635932976 -0.4906065886568551 -0.6174082948350782
vn -0.9234250550762099 0.08560232763373322 -0.37411015645286305
vn -0.3048097001880324 0.6219198061649511 -0.7213229522003521
vn 0.6259965003522343 -0.025899856445245988 -0.7793956498357372
vn 0.896475073886392 0.3043915364311809 0.3219910471572978
vn -0.2877967618074843 0.7387916406003917 0.6093930879753295
vn 0.6259965003522343 -0.025899856445245988 -0.7793956498357372
vn -0.2877967618074843 0.7387916406003917 0.6093930879753295
vn -0.656211809097934 0.5715102953849654 -0.4927088834894356
vn 0.2877967618074843 0.7387916406003917 0.6093930879753295
vn -0.896475073886392 0.3043915364311809 0.3219910471572978
vn -0.6259965003522343 -0.025899856445245988 -0.7793956498357372
vn 0.2877967618074843 0.7387916406003917 0.6093930879753295
vn -0.6259965003522343 -0.025899856445245988 -0.7793956498357372
vn 0.656211809097934 0.5715102953849654 -0.4927088834894356
vn 0.6259965003522343 -0.025899856445245988 -0.7793956498357372
vn -0.656211809097934 0.5715102953849654 -0.4927088834894356
vn -0.0797005948159121 -0.845306321223227 -0.5283039262451531
vn 0.6259965003522343 -0.025899856445245988 -0.7793956498357372
vn -0.0797005948159121 -0.845306321223227 -0.5283039262451531
vn 0.4020310128759153 -0.616747554467416 -0.6767521841445562
vn 0.0797005948159121 -0.845306321223227 -0.5283039262451531
vn 0.656211809097934 0.5715102953849654 -0.4927088834894356
vn -0.6259965003522343 -0.025899856445245988 -0.7793956498357372
vn 0.0797005948159121 -0.845306321223227 -0.5283039262451531
vn -0.6259965003522343 -0.025899856445245988 -0.7793956498357372
vn -0.4020310128759153 -0.616747554467416 -0.6767521841445562
vn 0.2744079048437206 -0.9600276486525264 -0.055201590393583896
vn 0.4020310128759153 -0.616747554467416 -0.6767521841445562
vn -0.0797005948159121 -0.845306321223227 -0.5283039262451531
vn 0.2744079048437206 -0.9600276486525264 -0.055201590393583896
vn -0.0797005948159121 -0.845306321223227 -0.5283039262451531
vn -0.0439029670984869 -0.6481437955798602 0.7602513727256806
vn 0.0797005948159121 -0.845306321223227 -0.5283039262451531
vn -0.4020310128759153 -0.616747554467416 -0.6767521841445562
vn -0.2744079048437206 -0.9600276486525264 -0.055201590393583896
vn 0.0797005948159121 -0.845306321223227 -0.5283039262451531
vn -0.2744079048437206 -0.9600276486525264 -0.055201590393583896
vn 0.0439029670984869 -0.6481437955798602 0.7602513727256806
f 1/1/1 2/2/2 3/3/3
f 4/4/4 5/5/5 6/6/6
f 7/7/7 8/8/8 9/9/9
f 10/10/10 11/11/11 12/12/12
f 13/13/13 14/14/14 15/15/15
f 16/16/16 17/17/17 18/18/18
f 19/19/19 20/20/20 21/21/21
f 22/22/22 23/23/23 24/24/24
f 25/25/25 26/26/26 27/27/27
f 28/28/28 29/29/29 30/30/30
f 31/31/31 32/32/32 33/33/33
f 34/34/34 35/35/35 36/36/36
f 37/37/37 38/38/38 39/39/39
f 40/40/40 41/41/41 42/42/42
f 43/43/43 44/44/44 45/45/45
f 46/46/46 47/47/47 48/48/48
f 49/49/49 50/50/50 51/51/51
f 52/52/52 53/53/53 54/54/54
f 55/55/55 56/56/56 57/57/57
f 58/58/58 59/59/59 60/60/60
f 61/61/61 62/62/62 63/63/63
f 64/64/64 65/65/65 66/66/66
f 67/67/67 68/68/68 69/69/69
f 70/70/70 71/71/71 72/72/72
f 73/73/73 74/74/74 75/75/75
f 76/76/76 77/77/77 78/78/78
f 79/79/79 80/80/80 81/81/81
f 82/82/82 83/83/83 84/84/84
f 85/85/85 86/86/86 87/87/87
f 88/88/88 89/89/89 90/90/90
f 91/91/91 92/92/92 93/93/93
f 94/94/94 95/95/95 96/96/96
f 97/97/97 98/98/98 99/99/99
f 100/100/100 101/101/101 102/102/102
f 103/103/103 104/104/104 105/105/105
f 106/106/106 107/107/107 108/108/108
f 109/109/109 110/110/110 111/111/111
f 112/112/112 113/113/113 114/114/114
f 115/115/115 116/116/116 117/117/117
f 118/118/118 119/119/119 120/120/120
f 121/121/121 122/122/122 123/123/123
f 124/124/124 125/125/125 126/126/126
f 127/127/127 128/128/128 129/129/129
f 130/130/130 131/131/131 132/132/132
f 133/133/133 134/134/134 135/135/135
f 136/136/136 137/137/137 138/138/138
f 139/139/139 140/140/140 141/141/141
f 142/142/142 143/143/143 144/144/144
f 145/145/145 146/146/146 147/147/147
f 148/148/148 149/149/149 150/150/150
f 151/151/151 152/152/152 153/153/153
f 154/154/154 155/155/155 156/156/156
f 157/157/157 158/158/158 159/159/159
f 160/160/160 161/161/161 162/162/162
f 163/163/163 164/164/164 165/165/165
f 166/166/166 167/167/167 168/168/168
f 169/169/169 170/170/170 171/171/171
f 172/172/172 173/173/173 174/174/174
f 175/175/175 176/176/176 177/177/177
f 178/178/178 179/179/179 180/180/180
f 181/181/181 182/182/182 183/183/183
f 184/184/184 185/185/185 186/186/186
f 187/187/187 188/188/188 189/189/189
f 190/190/190 191/191/191 192/192/192
f 193/193/193 194/194/194 195/195/195
f 196/196/196 197/197/197 198/198/198
f 199/199/199 200/200/200 201/201/201
f 202/202/202 203/203/203 204/204/204
f 205/205/205 206/206/206 207/207/207
f 208/208/208 209/209/209 210/210/210
f 211/211/211 212/212/212 213/213/213
f 214/214/214 215/215/215 216/216/216
f 217/217/217 218/218/218 219/219/219
f 220/220/220 221/221/221 222/222/222
f 223/223/223 224/224/224 225/225/225
f 226/226/226 227/227/227 228/228/228
f 229/229/229 230/230/230 231/231/231
f 232/232/232 233/233/233 234/234/234
f 235/235/235 236/236/236 237/237/237
f 238/238/238 239/239/239 240/240/240
f 241/241/241 242/242/242 243/243/243
f 244/244/244 245/245/245 246/246/246
f 247/247/247 248/248/248 249/249/249
f 250/250/250 251/251/251 252/252/252
f 253/253/253 254/254/254 255/255/255
f 256/256/256 257/257/257 258/258/258
f 259/259/259 260/260/260 261/261/261
f 262/262/262 263/263/263 264/264/264
f 265/265/265 266/266/266 267/267/267
f 268/268/268 269/269/269 270/270/270
f 271/271/271 272/272/272 273/273/273
f 274/274/274 275/275/275 276/276/276
f 277/277/277 278/278/278 279/279/279
f 280/280/280 281/281/281 282/282/282
f 283/283/283 284/284/284 285/285/285
f 286/286/286 287/287/287 288/288/288
f 289/289/289 290/290/290 291/291/291
f 292/292/292 293/293/293 294/294/294
f 295/295/295 296/296/296 297/297/297
f 298/298/298 299/299/299 300/300/300
f 301/301/301 302/302/302 303/303/303
f 304/304/304 305/305/305 306/306/306
f 307/307/307 308/308/308 309/309/309
f 310/310/310 311/311/311 312/312/312
f 313/313/313 314/314/314 315/315/315
f 316/316/316 317/317/317 318/318/318
f 319/319/319 320/320/320 321/321/321
f 322/322/322 323/323/323 324/324/324
f 325/325/325 326/326/326 327/327/327
f 328/328/328 329/329/329 330/330/330
f 331/331/331 332/332/332 333/333/333
f 334/334/334 335/335/335 336/336/336
f 337/337/337 338/338/338 339/339/339
f 340/340/340 341/341/341 342/342/342
f 343/343/343 344/344/344 345/345/345
f 346/346/346 347/347/347 348/348/348
f 349/349/349 350/350/350 351/351/351
f 352/352/352 353/353/353 354/354/354
f 355/355/355 356/356/356 357/357/357
f 358/358/358 359/359/359 360/360/360
f 361/361/361 362/362/362 363/363/363
f 364/364/364 365/365/365 366/366/366
f 367/367/367 368/368/368 369/369/369
f 370/370/370 371/371/371 372/372/372
f 373/373/373 374/374/374 375/375/375
f 376/376/376 377/377/377 378/378/378
f 379/379/379 380/380/380 381/381/381
f 382/382/382 383/383/383 384/384/384
f 385/385/385 386/386/386 387/387/387
f 388/388/388 389/389/389 390/390/390
f 391/391/391 392/392/392 393/393/393
f 394/394/394 395/395/395 396/396/396
f 397/397/397 398/398/398 399/399/399
f 400/400/400 401/401/401 402/402/402
f 403/403/403 404/404/404 405/405/405
f 406/406/406 407/407/407 408/408/408
f 409/409/409 410/410/410 411/411/411
f 412/412/412 413/413/413 414/414/414
f 415/415/415 416/416/416 417/417/417
f 418/418/418 419/419/419 420/420/420
f 421/421/421 422/422/422 423/423/423
f 424/424/424 425/425/425 426/426/426
f 427/427/427 428/428/428 429/429/429
f 430/430/430 431/431/431 432/432/432
f 433/433/433 434/434/434 435/435/435
f 436/436/436 437/437/437 438/438/438
f 439/439/439 440/440/440 441/441/441
f 442/442/442 443/443/443 444/444/444
f 445/445/445 446/446/446 447/447/447
f 448/448/448 449/449/449 450/450/450
f 451/451/451 452/452/452 453/453/453
f 454/454/454 455/455/455 456/456/456
f 457/457/457 458/458/458 459/459/459
f 460/460/460 461/461/461 462/462/462
f 463/463/463 464/464/464 465/465/465
f 466/466/466 467/467/467 468/468/468
f 469/469/469 470/470/470 471/471/471
f 472/472/472 473/473/473 474/474/474
f 475/475/475 476/476/476 477/477/477
f 478/478/478 479/479/479 480/480/480
f 481/481/481 482/482/482 483/483/483
f 484/484/484 485/485/485 486/486/486
f 487/487/487 488/488/488 489/489/489
f 490/490/490 491/491/491 492/492/492
f 493/493/493 494/494/494 495/495/495
f 496/496/496 497/497/497 498/498/498
f 499/499/499 500/500/500 501/501/501
f 502/502/502 503/503/503 504/504/504
f 505/505/505 506/506/506 507/507/507
f 508/508/508 509/509/509 510/510/510
f 511/511/511 512/512/512 513/513/513
f 514/514/514 515/515/515 516/516/516
f 517/517/517 518/518/518 519/519/519
f 520/520/520 521/521/521 522/522/522
f 523/523/523 524/524/524 525/525/525
f 526/526/526 527/527/527 528/528/528
f 529/529/529 530/530/530 531/531/531
f 532/532/532 533/533/533 534/534/534
f 535/535/535 536/536/536 537/537/537
f 538/538/538 539/539/539 540/540/540
f 541/541/541 542/542/542 543/543/543
f 544/544/544 545/545/545 546/546/546
f 547/547/547 548/548/548 549/549/549
f 550/550/550 551/551/551 552/552/552
f 553/553/553 554/554/554 555/555/555
f 556/556/556 557/557/557 558/558/558
f 559/559/559 560/560/560 561/561/561
f 562/562/562 563/563/563 564/564/564
f 565/565/565 566/566/566 567/567/567
f 568/568/568 569/569/569 570/570/570
f 571/571/571 572/572/572 573/573/573
f 574/574/574 575/575/575 576/576/576
f 577/577/577 578/578/578 579/579/579
f 580/580/580 581/581/581 582/582/582
f 583/583/583 584/584/584 585/585/585
f 586/586/586 587/587/587 588/588/588
f 589/589/589 590/590/590 591/591/591
f 592/592/592 593/593/593 594/594/594
f 595/595/595 596/596/596 597/597/597
f 598/598/598 599/599/599 600/600/600
f 601/601/601 602/602/602 603/603/603
f 604/604/604 605/605/605 606/606/606
f 607/607/607 608/608/608 609/609/609
f 610/610/610 611/611/611 612/612/612
f 613/613/613 614/614/614 615/615/615
f 616/616/616 617/617/617 618/618/618
f 619/619/619 620/620/620 621/621/621
f 622/622/622 623/623/623 624/624/624
f 625/625/625 626/626/626 627/627/627
f 628/628/628 629/629/629 630/630/630
f 631/631/631 632/632/632 633/633/633
f 634/634/634 635/635/635 636/636/636
f 637/637/637 638/638/638 639/639/639
f 640/640/640 641/641/641 642/642/642
f 643/643/643 644/644/644 645/645/645
f 646/646/646 647/647/647 648/648/648
f 649/649/649 650/650/650 651/651/651
f 652/652/652 653/653/653 654/654/654
f 655/655/655 656/656/656 657/657/657
f 658/658/658 659/659/659 660/660/660
f 661/661/661 662/662/662 663/663/663
f 664/664/664 665/665/665 666/666/666
f 667/667/667 668/668/668 669/669/669
f 670/670/670 671/671/671 672/672/672
f 673/673/673 674/674/674 675/675/675
f 676/676/676 677/677/677 678/678/678
f 679/679/679 680/680/680 681/681/681
f 682/682/682 683/683/683 684/684/684
f 685/685/685 686/686/686 687/687/687
f 688/688/688 689/689/689 690/690/690
f 691/691/691 692/692/692 693/693/693
f 694/694/694 695/695/695 696/696/696
f 697/697/697 698/698/698 699/699/699
f 700/700/700 701/701/701 702/702/702
f 703/703/703 704/704/704 705/705/705
f 706/706/706 707/707/707 708/708/708
f 709/709/709 710/710/710 711/711/711
f 712/712/712 713/713/713 714/714/714
f 715/715/715 716/716/716 717/717/717
f 718/718/718 719/719/719 720/720/720
f 721/721/721 722/722/722 723/723/723
f 724/724/724 725/725/725 726/726/726
f 727/727/727 728/728/728 729/729/729
f 730/730/730 731/731/731 732/732/732
f 733/733/733 734/734/734 735/735/735
f 736/736/736 737/737/737 738/738/738
f 739/739/739 740/740/740 741/741/741
f 742/742/742 743/743/743 744/744/744
f 745/745/745 746/746/746 747/747/747
f 748/748/748 749/749/749 750/750/750
f 751/751/751 752/752/752 753/753/753
f 754/754/754 755/755/755 756/756/756
f 757/757/757 758/758/758 759/759/759
f 760/760/760 761/761/761 762/762/762
f 763/763/763 764/764/764 765/765/765
f 766/766/766 767/767/767 768/768/768
f 769/769/769 770/770/770 771/771/771
f 772/772/772 773/773/773 774/774/774
f 775/775/775 776/776/776 777/777/777
f 778/778/778 779/779/779 780/780/780
f 781/781/781 782/782/782 783/783/783
f 784/784/784 785/785/785 786/786/786
f 787/787/787 788/788/788 789/789/789
f 790/790/790 791/791/791 792/792/792
f 793/793/793 794/794/794 795/795/795
f 796/796/796 797/797/797 798/798/798
f 799/799/799 800/800/800 801/801/801
f 802/802/802 803/803/803 804/804/804
f 805/805/805 806/806/806 807/807/807
f 808/808/808 809/809/809 810/810/810
f 811/811/811 812/812/812 813/813/813
f 814/814/814 815/815/815 816/816/816
f 817/817/817 818/818/818 819/819/819
f 820/820/820 821/821/821 822/822/822
f 823/823/823 824/824/824 825/825/825
f 826/826/826 827/827/827 828/828/828
f 829/829/829 830/830/830 831/831/831
f 832/832/832 833/833/833 834/834/834
f 835/835/835 836/836/836 837/837/837
f 838/838/838 839/839/839 840/840/840
f 841/841/841 842/842/842 843/843/843
f 844/844/844 845/845/845 846/846/846
f 847/847/847 848/848/848 849/849/849
f 850/850/850 851/851/851 852/852/852
f 853/853/853 854/854/854 855/855/855
f 856/856/856 857/857/857 858/858/858
f 859/859/859 860/860/860 861/861/861
f 862/862/862 863/863/863 864/864/864
f 865/865/865 866/866/866 867/867/867
f 868/868/868 869/869/869 870/870/870
f 871/871/871 872/872/872 873/873/873
f 874/874/874 875/875/875 876/876/876
f 877/877/877 878/878/878 879/879/879
f 880/880/880 881/881/881 882/882/882
f 883/883/883 884/884/884 885/885/885
f 886/886/886 887/887/887 888/888/888
f 889/889/889 890/890/890 891/891/891
f 892/892/892 893/893/893 894/894/894
f 895/895/895 896/896/896 897/897/897
f 898/898/898 899/899/899 900/900/900
f 901/901/901 902/902/902 903/903/903
f 904/904/904 905/905/905 906/906/906
f 907/907/907 908/908/908 909/909/909
f 910/910/910 911/911/911 912/912/912
f 913/913/913 914/914/914 915/915/915
f 916/916/916 917/917/917 918/918/918
f 919/919/919 920/920/920 921/921/921
f 922/922/922 923/923/923 924/924/924
f 925/925/925 926/926/926 927/927/927
f 928/928/928 929/929/929 930/930/930
f 931/931/931 932/932/932 933/933/933
f 934/934/934 935/935/935 936/936/936
f 937/937/937 938/938/938 939/939/939
f 940/940/940 941/941/941 942/942/942
f 943/943/943 944/944/944 945/945/945
f 946/946/946 947/947/947 948/948/948
f 949/949/949 950/950/950 951/951/951
f 952/952/952 953/953/953 954/954/954
f 955/955/955 956/956/956 957/957/957
f 958/958/958 959/959/959 960/960/960
f 961/961/961 962/962/962 963/963/963
f 964/964/964 965/965/965 966/966/966
f 967/967/967 968/968/968 969/969/969
f 970/970/970 971/971/971 972/972/972
f 973/973/973 974/974/974 975/975/975
f 976/976/976 977/977/977 978/978/978
f 979/979/979 980/980/980 981/981/981
f 982/982/982 983/983/983 984/984/984
f 985/985/985 986/986/986 987/987/987
f 988/988/988 989/989/989 990/990/990
f 991/991/991 992/992/992 993/993/993
f 994/994/994 995/995/995 996/996/996
f 997/997/997 998/998/998 999/999/999
f 1000/1000/1000 1001/1001/1001 1002/1002/1002
f 1003/1003/1003 1004/1004/1004 1005/1005/1005
f 1006/1006/1006 1007/1007/1007 1008/1008/1008
f 1009/1009/1009 1010/1010/1010 1011/1011/1011
f 1012/1012/1012 1013/1013/1013 1014/1014/1014
f 1015/1015/1015 1016/1016/1016 1017/1017/1017
f 1018/1018/1018 1019/1019/1019 1020/1020/1020
f 1021/1021/1021 1022/1022/1022 1023/1023/1023
f 1024/1024/1024 1025/1025/1025 1026/1026/1026
f 1027/1027/1027 1028/1028/1028 1029/1029/1029
f 1030/1030/1030 1031/1031/1031 1032/1032/1032
f 1033/1033/1033 1034/1034/1034 1035/1035/1035
f 1036/1036/1036 1037/1037/1037 1038/1038/1038
f 1039/1039/1039 1040/1040/1040 1041/1041/1041
f 1042/1042/1042 1043/1043/1043 1044/1044/1044
f 1045/1045/1045 1046/1046/1046 1047/1047/1047
f 1048/1048/1048 1049/1049/1049 1050/1050/1050
f 1051/1051/1051 1052/1052/1052 1053/1053/1053
f 1054/1054/1054 1055/1055/1055 1056/1056/1056
f 1057/1057/1057 1058/1058/1058 1059/1059/1059
f 1060/1060/1060 1061/1061/1061 1062/1062/1062
f 1063/1063/1063 1064/1064/1064 1065/1065/1065
f 1066/1066/1066 1067/1067/1067 1068/1068/1068
f 1069/1069/1069 1070/1070/1070 1071/1071/1071
f 1072/1072/1072 1073/1073/1073 1074/1074/1074
f 1075/1075/1075 1076/1076/1076 1077/1077/1077
f 1078/1078/1078 1079/1079/1079 1080/1080/1080
f 1081/1081/1081 1082/1082/1082 1083/1083/1083
f 1084/1084/1084 1085/1085/1085 1086/1086/1086
f 1087/1087/1087 1088/1088/1088 1089/1089/1089
f 1090/1090/1090 1091/1091/1091 1092/1092/1092
f 1093/1093/1093 1094/1094/1094 1095/1095/1095
f 1096/1096/1096 1097/1097/1097 1098/1098/1098
f 1099/1099/1099 1100/1100/1100 1101/1101/1101
f 1102/1102/1102 1103/1103/1103 1104/1104/1104
f 1105/1105/1105 1106/1106/1106 1107/1107/1107
f 1108/1108/1108 1109/1109/1109 1110/1110/1110
f 1111/1111/1111 1112/1112/1112 1113/1113/1113
f 1114/1114/1114 1115/1115/1115 1116/1116/1116
f 1117/1117/1117 1118/1118/1118 1119/1119/1119
f 1120/1120/1120 1121/1121/1121 1122/1122/1122
f 1123/1123/1123 1124/1124/1124 1125/1125/1125
f 1126/1126/1126 1127/1127/1127 1128/1128/1128
f 1129/1129/1129 1130/1130/1130 1131/1131/1131
f 1132/1132/1132 1133/1133/1133 1134/1134/1134
f 1135/1135/1135 1136/1136/1136 1137/1137/1137
f 1138/1138/1138 1139/1139/1139 1140/1140/1140
f 1141/1141/1141 1142/1142/1142 1143/1143/1143
f 1144/1144/1144 1145/1145/1145 1146/1146/1146
f 1147/1147/1147 1148/1148/1148 1149/1149/1149
f 1150/1150/1150 1151/1151/1151 1152/1152/1152
f 1153/1153/1153 1154/1154/1154 1155/1155/1155
f 1156/1156/1156 1157/1157/1157 1158/1158/1158
f 1159/1159/1159 1160/1160/1160 1161/1161/1161
f 1162/1162/1162 1163/1163/1163 1164/1164/1164
f 1165/1165/1165 1166/1166/1166 1167/1167/1167
f 1168/1168/1168 1169/1169/1169 1170/1170/1170
f 1171/1171/1171 1172/1172/1172 1173/1173/1173
f 1174/1174/1174 1175/1175/1175 1176/1176/1176
f 1177/1177/1177 1178/1178/1178 1179/1179/1179
f 1180/1180/1180 1181/1181/1181 1182/1182/1182
f 1183/1183/1183 1184/1184/1184 1185/1185/1185
f 1186/1186/1186 1187/1187/1187 1188/1188/1188
f 1189/1189/1189 1190/1190/1190 1191/1191/1191
f 1192/1192/1192 1193/1193/1193 1194/1194/1194
f 1195/1195/1195 1196/1196/1196 1197/1197/1197
f 1198/1198/1198 1199/1199/1199 1200/1200/1200
f 1201/1201/1201 1202/1202/1202 1203/1203/1203
f 1204/1204/1204 1205/1205/1205 1206/1206/1206
f 1207/1207/1207 1208/1208/1208 1209/1209/1209
f 1210/1210/1210 1211/1211/1211 1212/1212/1212
f 1213/1213/1213 1214/1214/1214 1215/1215/1215
f 1216/1216/1216 1217/1217/1217 1218/1218/1218
f 1219/1219/1219 1220/1220/1220 1221/1221/1221
f 1222/1222/1222 1223/1223/1223 1224/1224/1224
f 1225/1225/1225 1226/1226/1226 1227/1227/1227
f 1228/1228/1228 1229/1229/1229 1230/1230/1230
f 1231/1231/1231 1232/1232/1232 1233/1233/1233
f 1234/1234/1234 1235/1235/1235 1236/1236/1236
f 1237/1237/1237 1238/1238/1238 1239/1239/1239
f 1240/1240/1240 1241/1241/1241 1242/1242/1242
f 1243/1243/1243 1244/1244/1244 1245/1245/1245
f 1246/1246/1246 1247/1247/1247 1248/1248/1248
f 1249/1249/1249 1250/1250/1250 1251/1251/1251
f 1252/1252/1252 1253/1253/1253 1254/1254/1254
f 1255/1255/1255 1256/1256/1256 1257/1257/1257
f 1258/1258/1258 1259/1259/1259 1260/1260/1260
f 1261/1261/1261 1262/1262/1262 1263/1263/1263
f 1264/1264/1264 1265/1265/1265 1266/1266/1266
f 1267/1267/1267 1268/1268/1268 1269/1269/1269
f 1270/1270/1270 1271/1271/1271 1272/1272/1272
f 1273/1273/1273 1274/1274/1274 1275/1275/1275
f 1276/1276/1276 1277/1277/1277 1278/1278/1278
f 1279/1279/1279 1280/1280/1280 1281/1281/1281
f 1282/1282/1282 1283/1283/1283 1284/1284/1284
f 1285/1285/1285 1286/1286/1286 1287/1287/1287
f 1288/1288/1288 1289/1289/1289 1290/1290/1290
f 1291/1291/1291 1292/1292/1292 1293/1293/1293
f 1294/1294/1294 1295/1295/1295 1296/1296/1296
f 1297/1297/1297 1298/1298/1298 1299/1299/1299
f 1300/1300/1300 1301/1301/1301 1302/1302/1302
f 1303/1303/1303 1304/1304/1304 1305/1305/1305
f 1306/1306/1306 1307/1307/1307 1308/1308/1308
f 1309/1309/1309 1310/1310/1310 1311/1311/1311
f 1312/1312/1312 1313/1313/1313 1314/1314/1314
f 1315/1315/1315 1316/1316/1316 1317/1317/1317
f 1318/1318/1318 1319/1319/1319 1320/1320/1320
f 1321/1321/1321 1322/1322/1322 1323/1323/1323
f 1324/1324/1324 1325/1325/1325 1326/1326/1326
f 1327/1327/1327 1328/1328/1328 1329/1329/1329
f 1330/1330/1330 1331/1331/1331 1332/1332/1332
f 1333/1333/1333 1334/1334/1334 1335/1335/1335
f 1336/1336/1336 1337/1337/1337 1338/1338/1338
f 1339/1339/1339 1340/1340/1340 1341/1341/1341
f 1342/1342/1342 1343/1343/1343 1344/1344/1344
f 1345/1345/1345 1346/1346/1346 1347/1347/1347
f 1348/1348/1348 1349/1349/1349 1350/1350/1350
f 1351/1351/1351 1352/1352/1352 1353/1353/1353
f 1354/1354/1354 1355/1355/1355 1356/1356/1356
f 1357/1357/1357 1358/1358/1358 1359/1359/1359
f 1360/1360/1360 1361/1361/1361 1362/1362/1362
f 1363/1363/1363 1364/1364/1364 1365/1365/1365
f 1366/1366/1366 1367/1367/1367 1368/1368/1368
f 1369/1369/1369 1370/1370/1370 1371/1371/1371
f 1372/1372/1372 1373/1373/1373 1374/1374/1374
f 1375/1375/1375 1376/1376/1376 1377/1377/1377
f 1378/1378/1378 1379/1379/1379 1380/1380/1380
f 1381/1381/1381 1382/1382/1382 1383/1383/1383
f 1384/1384/1384 1385/1385/1385 1386/1386/1386
f 1387/1387/1387 1388/1388/1388 1389/1389/1389
f 1390/1390/1390 1391/1391/1391 1392/1392/1392
f 1393/1393/1393 1394/1394/1394 1395/1395/1395
f 1396/1396/1396 1397/1397/1397 1398/1398/1398
f 1399/1399/1399 1400/1400/1400 1401/1401/1401
f 1402/1402/1402 1403/1403/1403 1404/1404/1404
f 1405/1405/1405 1406/1406/1406 1407/1407/1407
f 1408/1408/1408 1409/1409/1409 1410/1410/1410
f 1411/1411/1411 1412/1412/1412 1413/1413/1413
f 1414/1414/1414 1415/1415/1415 1416/1416/1416
f 1417/1417/1417 1418/1418/1418 1419/1419/1419
f 1420/1420/1420 1421/1421/1421 1422/1422/1422
f 1423/1423/1423 1424/1424/1424 1425/1425/1425
f 1426/1426/1426 1427/1427/1427 1428/1428/1428
f 1429/1429/1429 1430/1430/1430 1431/1431/1431
f 1432/1432/1432 1433/1433/1433 1434/1434/1434
f 1435/1435/1435 1436/1436/1436 1437/1437/1437
f 1438/1438/1438 1439/1439/1439 1440/1440/1440
f 1441/1441/1441 1442/1442/1442 1443/1443/1443
f 1444/1444/1444 1445/1445/1445 1446/1446/1446
f 1447/1447/1447 1448/1448/1448 1449/1449/1449
f 1450/1450/1450 1451/1451/1451 1452/1452/1452
f 1453/1453/1453 1454/1454/1454 1455/1455/1455
f 1456/1456/1456 1457/1457/1457 1458/1458/1458
f 1459/1459/1459 1460/1460/1460 1461/1461/1461
f 1462/1462/1462 1463/1463/1463 1464/1464/1464
f 1465/1465/1465 1466/1466/1466 1467/1467/1467
f 1468/1468/1468 1469/1469/1469 1470/1470/1470
f 1471/1471/1471 1472/1472/1472 1473/1473/1473
f 1474/1474/1474 1475/1475/1475 1476/1476/1476
f 1477/1477/1477 1478/1478/1478 1479/1479/1479
f 1480/1480/1480 1481/1481/1481 1482/1482/1482
f 1483/1483/1483 1484/1484/1484 1485/1485/1485
f 1486/1486/1486 1487/1487/1487 1488/1488/1488
f 1489/1489/1489 1490/1490/1490 1491/1491/1491
f 1492/1492/1492 1493/1493/1493 1494/1494/1494
f 1495/1495/1495 1496/1496/1496 1497/1497/1497
f 1498/1498/1498 1499/1499/1499 1500/1500/1500
f 1501/1501/1501 1502/1502/1502 1503/1503/1503
f 1504/1504/1504 1505/1505/1505 1506/1506/1506
f 1507/1507/1507 1508/1508/1508 1509/1509/1509
f 1510/1510/1510 1511/1511/1511 1512/1512/1512
f 1513/1513/1513 1514/1514/1514 1515/1515/1515
f 1516/1516/1516 1517/1517/1517 1518/1518/1518
f 1519/1519/1519 1520/1520/1520 1521/1521/1521
f 1522/1522/1522 1523/1523/1523 1524/1524/1524
f 1525/1525/1525 1526/1526/1526 1527/1527/1527
f 1528/1528/1528 1529/1529/1529 1530/1530/1530
f 1531/1531/1531 1532/1532/1532 1533/1533/1533
f 1534/1534/1534 1535/1535/1535 1536/1536/1536
f 1537/1537/1537 1538/1538/1538 1539/1539/1539
f 1540/1540/1540 1541/1541/1541 1542/1542/1542
f 1543/1543/1543 1544/1544/1544 1545/1545/1545
f 1546/1546/1546 1547/1547/1547 1548/1548/1548
f 1549/1549/1549 1550/1550/1550 1551/1551/1551
f 1552/1552/1552 1553/1553/1553 1554/1554/1554
f 1555/1555/1555 1556/1556/1556 1557/1557/1557
f 1558/1558/1558 1559/1559/1559 1560/1560/1560
f 1561/1561/1561 1562/1562/1562 1563/1563/1563
f 1564/1564/1564 1565/1565/1565 1566/1566/1566
f 1567/1567/1567 1568/1568/1568 1569/1569/1569
f 1570/1570/1570 1571/1571/1571 1572/1572/1572
f 1573/1573/1573 1574/1574/1574 1575/1575/1575
f 1576/1576/1576 1577/1577/1577 1578/1578/1578
f 1579/1579/1579 1580/1580/1580 1581/1581/1581
f 1582/1582/1582 1583/1583/1583 1584/1584/1584
f 1585/1585/1585 1586/1586/1586 1587/1587/1587
f 1588/1588/1588 1589/1589/1589 1590/1590/1590
f 1591/1591/1591 1592/1592/1592 1593/1593/1593
f 1594/1594/1594 1595/1595/1595 1596/1596/1596
f 1597/1597/1597 1598/1598/1598 1599/1599/1599
f 1600/1600/1600 1601/1601/1601 1602/1602/1602
f 1603/1603/1603 1604/1604/1604 1605/1605/1605
f 1606/1606/1606 1607/1607/1607 1608/1608/1608
f 1609/1609/1609 1610/1610/1610 1611/1611/1611
f 1612/1612/1612 1613/1613/1613 1614/1614/1614
f 1615/1615/1615 1616/1616/1616 1617/1617/1617
f 1618/1618/1618 1619/1619/1619 1620/1620/1620
f 1621/1621/1621 1622/1622/1622 1623/1623/1623
f 1624/1624/1624 1625/1625/1625 1626/1626/1626
f 1627/1627/1627 1628/1628/1628 1629/1629/1629
f 1630/1630/1630 1631/1631/1631 1632/1632/1632
f 1633/1633/1633 1634/1634/1634 1635/1635/1635
f 1636/1636/1636 1637/1637/1637 1638/1638/1638
f 1639/1639/1639 1640/1640/1640 1641/1641/1641
f 1642/1642/1642 1643/1643/1643 1644/1644/1644
f 1645/1645/1645 1646/1646/1646 1647/1647/1647
f 1648/1648/1648 1649/1649/1649 1650/1650/1650
f 1651/1651/1651 1652/1652/1652 1653/1653/1653
f 1654/1654/1654 1655/1655/1655 1656/1656/1656
f 1657/1657/1657 1658/1658/1658 1659/1659/1659
f 1660/1660/1660 1661/1661/1661 1662/1662/1662
f 1663/1663/1663 1664/1664/1664 1665/1665/1665
f 1666/1666/1666 1667/1667/1667 1668/1668/1668
f 1669/1669/1669 1670/1670/1670 1671/1671/1671
f 1672/1672/1672 1673/1673/1673 1674/1674/1674
f 1675/1675/1675 1676/1676/1676 1677/1677/1677
f 1678/1678/1678 1679/1679/1679 1680/1680/1680
f 1681/1681/1681 1682/1682/1682 1683/1683/1683
f 1684/1684/1684 1685/1685/1685 1686/1686/1686
f 1687/1687/1687 1688/1688/1688 1689/1689/1689
f 1690/1690/1690 1691/1691/1691 1692/1692/1692
f 1693/1693/1693 1694/1694/1694 1695/1695/1695
f 1696/1696/1696 1697/1697/1697 1698/1698/1698
f 1699/1699/1699 1700/1700/1700 1701/1701/1701
f 1702/1702/1702 1703/1703/1703 1704/1704/1704
f 1705/1705/1705 1706/1706/1706 1707/1707/1707
f 1708/1708/1708 1709/1709/1709 1710/1710/1710
f 1711/1711/1711 1712/1712/1712 1713/1713/1713
f 1714/1714/1714 1715/1715/1715 1716/1716/1716
f 1717/1717/1717 1718/1718/1718 1719/1719/1719
f 1720/1720/1720 1721/1721/1721 1722/1722/1722
f 1723/1723/1723 1724/1724/1724 1725/1725/1725
f 1726/1726/1726 1727/1727/1727 1728/1728/1728
f 1729/1729/1729 1730/1730/1730 1731/1731/1731
f 1732/1732/1732 1733/1733/1733 1734/1734/1734
f 1735/1735/1735 1736/1736/1736 1737/1737/1737
f 1738/1738/1738 1739/1739/1739 1740/1740/1740
f 1741/1741/1741 1742/1742/1742 1743/1743/1743
f 1744/1744/1744 1745/1745/1745 1746/1746/1746
f 1747/1747/1747 1748/1748/1748 1749/1749/1749
f 1750/1750/1750 1751/1751/1751 1752/1752/1752
f 1753/1753/1753 1754/1754/1754 1755/1755/1755
f 1756/1756/1756 1757/1757/1757 1758/1758/1758
f 1759/1759/1759 1760/1760/1760 1761/1761/1761
f 1762/1762/1762 1763/1763/1763 1764/1764/1764
f 1765/1765/1765 1766/1766/1766 1767/1767/1767
f 1768/1768/1768 1769/1769/1769 1770/1770/1770
f 1771/1771/1771 1772/1772/1772 1773/1773/1773
f 1774/1774/1774 1775/1775/1775 1776/1776/1776
f 1777/1777/1777 1778/1778/1778 1779/1779/1779
f 1780/1780/1780 1781/1781/1781 1782/1782/1782
f 1783/1783/1783 1784/1784/1784 1785/1785/1785
f 1786/1786/1786 1787/1787/1787 1788/1788/1788
f 1789/1789/1789 1790/1790/1790 1791/1791/1791
f 1792/1792/1792 1793/1793/1793 1794/1794/1794
f 1795/1795/1795 1796/1796/1796 1797/1797/1797
f 1798/1798/1798 1799/1799/1799 1800/1800/1800
f 1801/1801/1801 1802/1802/1802 1803/1803/1803
f 1804/1804/1804 1805/1805/1805 1806/1806/1806
f 1807/1807/1807 1808/1808/1808 1809/1809/1809
f 1810/1810/1810 1811/1811/1811 1812/1812/1812
f 1813/1813/1813 1814/1814/1814 1815/1815/1815
f 1816/1816/1816 1817/1817/1817 1818/1818/1818
f 1819/1819/1819 1820/1820/1820 1821/1821/1821
f 1822/1822/1822 1823/1823/1823 1824/1824/1824
f 1825/1825/1825 1826/1826/1826 1827/1827/1827
f 1828/1828/1828 1829/1829/1829 1830/1830/1830
f 1831/1831/1831 1832/1832/1832 1833/1833/1833
f 1834/1834/1834 1835/1835/1835 1836/1836/1836
f 1837/1837/1837 1838/1838/1838 1839/1839/1839
f 1840/1840/1840 1841/1841/1841 1842/1842/1842
f 1843/1843/1843 1844/1844/1844 1845/1845/1845
f 1846/1846/1846 1847/1847/1847 1848/1848/1848
f 1849/1849/1849 1850/1850/1850 1851/1851/1851
f 1852/1852/1852 1853/1853/1853 1854/1854/1854
f 1855/1855/1855 1856/1856/1856 1857/1857/1857
f 1858/1858/1858 1859/1859/1859 1860/1860/1860
f 1861/1861/1861 1862/1862/1862 1863/1863/1863
f 1864/1864/1864 1865/1865/1865 1866/1866/1866
f 1867/1867/1867 1868/1868/1868 1869/1869/1869
f 1870/1870/1870 1871/1871/1871 1872/1872/1872
f 1873/1873/1873 1874/1874/1874 1875/1875/1875
f 1876/1876/1876 1877/1877/1877 1878/1878/1878
f 1879/1879/1879 1880/1880/1880 1881/1881/1881
f 1882/1882/1882 1883/1883/1883 1884/1884/1884
f 1885/1885/1885 1886/1886/1886 1887/1887/1887
f 1888/1888/1888 1889/1889/1889 1890/1890/1890
f 1891/1891/1891 1892/1892/1892 1893/1893/1893
f 1894/1894/1894 1895/1895/1895 1896/1896/1896
f 1897/1897/1897 1898/1898/1898 1899/1899/1899
f 1900/1900/1900 1901/1901/1901 1902/1902/1902
f 1903/1903/1903 1904/1904/1904 1905/1905/1905
f 1906/1906/1906 1907/1907/1907 1908/1908/1908
f 1909/1909/1909 1910/1910/1910 1911/1911/1911
f 1912/1912/1912 1913/1913/1913 1914/1914/1914
f 1915/1915/1915 1916/1916/1916 1917/1917/1917
f 1918/1918/1918 1919/1919/1919 1920/1920/1920
f 1921/1921/1921 1922/1922/1922 1923/1923/1923
f 1924/1924/1924 1925/1925/1925 1926/1926/1926
f 1927/1927/1927 1928/1928/1928 1929/1929/1929
f 1930/1930/1930 1931/1931/1931 1932/1932/1932
f 1933/1933/1933 1934/1934/1934 1935/1935/1935
f 1936/1936/1936 1937/1937/1937 1938/1938/1938
f 1939/1939/1939 1940/1940/1940 1941/1941/1941
f 1942/1942/1942 1943/1943/1943 1944/1944/1944
f 1945/1945/1945 1946/1946/1946 1947/1947/1947
f 1948/1948/1948 1949/1949/1949 1950/1950/1950
f 1951/1951/1951 1952/1952/1952 1953/1953/1953
f 1954/1954/1954 1955/1955/1955 1956/1956/1956
f 1957/1957/1957 1958/1958/1958 1959/1959/1959
f 1960/1960/1960 1961/1961/1961 1962/1962/1962
f 1963/1963/1963 1964/1964/1964 1965/1965/1965
f 1966/1966/1966 1967/1967/1967 1968/1968/1968
f 1969/1969/1969 1970/1970/1970 1971/1971/1971
f 1972/1972/1972 1973/1973/1973 1974/1974/1974
f 1975/1975/1975 1976/1976/1976 1977/1977/1977
f 1978/1978/1978 1979/1979/1979 1980/1980/1980
f 1981/1981/1981 1982/1982/1982 1983/1983/1983
f 1984/1984/1984 1985/1985/1985 1986/1986/1986
f 1987/1987/1987 1988/1988/1988 1989/1989/1989
f 1990/1990/1990 1991/1991/1991 1992/1992/1992
f 1993/1993/1993 1994/1994/1994 1995/1995/1995
f 1996/1996/1996 1997/1997/1997 1998/1998/1998
f 1999/1999/1999 2000/2000/2000 2001/2001/2001
f 2002/2002/2002 2003/2003/2003 2004/2004/2004
f 2005/2005/2005 2006/2006/2006 2007/2007/2007
f 2008/2008/2008 2009/2009/2009 2010/2010/2010
f 2011/2011/2011 2012/2012/2012 2013/2013/2013
f 2014/2014/2014 2015/2015/2015 2016/2016/2016
f 2017/2017/2017 2018/2018/2018 2019/2019/2019
f 2020/2020/2020 2021/2021/2021 2022/2022/2022
f 2023/2023/2023 2024/2024/2024 2025/2025/2025
f 2026/2026/2026 2027/2027/2027 2028/2028/2028
f 2029/2029/2029 2030/2030/2030 2031/2031/2031
f 2032/2032/2032 2033/2033/2033 2034/2034/2034
f 2035/2035/2035 2036/2036/2036 2037/2037/2037
f 2038/2038/2038 2039/2039/2039 2040/2040/2040
f 2041/2041/2041 2042/2042/2042 2043/2043/2043
f 2044/2044/2044 2045/2045/2045 2046/2046/2046
f 2047/2047/2047 2048/2048/2048 2049/2049/2049
f 2050/2050/2050 2051/2051/2051 2052/2052/2052
f 2053/2053/2053 2054/2054/2054 2055/2055/2055
f 2056/2056/2056 2057/2057/2057 2058/2058/2058
f 2059/2059/2059 2060/2060/2060 2061/2061/2061
f 2062/2062/2062 2063/2063/2063 2064/2064/2064
f 2065/2065/2065 2066/2066/2066 2067/2067/2067
f 2068/2068/2068 2069/2069/2069 2070/2070/2070
f 2071/2071/2071 2072/2072/2072 2073/2073/2073
f 2074/2074/2074 2075/2075/2075 2076/2076/2076
f 2077/2077/2077 2078/2078/2078 2079/2079/2079
f 2080/2080/2080 2081/2081/2081 2082/2082/2082
f 2083/2083/2083 2084/2084/2084 2085/2085/2085
f 2086/2086/2086 2087/2087/2087 2088/2088/2088
f 2089/2089/2089 2090/2090/2090 2091/2091/2091
f 2092/2092/2092 2093/2093/2093 2094/2094/2094
f 2095/2095/2095 2096/2096/2096 2097/2097/2097
f 2098/2098/2098 2099/2099/2099 2100/2100/2100
f 2101/2101/2101 2102/2102/2102 2103/2103/2103
f 2104/2104/2104 2105/2105/2105 2106/2106/2106
f 2107/2107/2107 2108/2108/2108 2109/2109/2109
f 2110/2110/2110 2111/2111/2111 2112/2112/2112
f 2113/2113/2113 2114/2114/2114 2115/2115/2115
f 2116/2116/2116 2117/2117/2117 2118/2118/2118
f 2119/2119/2119 2120/2120/2120 2121/2121/2121
f 2122/2122/2122 2123/2123/2123 2124/2124/2124
f 2125/2125/2125 2126/2126/2126 2127/2127/2127
f 2128/2128/2128 2129/2129/2129 2130/2130/2130
f 2131/2131/2131 2132/2132/2132 2133/2133/2133
f 2134/2134/2134 2135/2135/2135 2136/2136/2136
f 2137/2137/2137 2138/2138/2138 2139/2139/2139
f 2140/2140/2140 2141/2141/2141 2142/2142/2142
f 2143/2143/2143 2144/2144/2144 2145/2145/2145
f 2146/2146/2146 2147/2147/2147 2148/2148/2148
f 2149/2149/2149 2150/2150/2150 2151/2151/2151
f 2152/2152/2152 2153/2153/2153 2154/2154/2154
f 2155/2155/2155 2156/2156/2156 2157/2157/2157
f 2158/2158/2158 2159/2159/2159 2160/2160/2160
f 2161/2161/2161 2162/2162/2162 2163/2163/2163
f 2164/2164/2164 2165/2165/2165 2166/2166/2166
f 2167/2167/2167 2168/2168/2168 2169/2169/2169
f 2170/2170/2170 2171/2171/2171 2172/2172/2172
f 2173/2173/2173 2174/2174/2174 2175/2175/2175
f 2176/2176/2176 2177/2177/2177 2178/2178/2178
f 2179/2179/2179 2180/2180/2180 2181/2181/2181
f 2182/2182/2182 2183/2183/2183 2184/2184/2184
f 2185/2185/2185 2186/2186/2186 2187/2187/2187
f 2188/2188/2188 2189/2189/2189 2190/2190/2190
f 2191/2191/2191 2192/2192/2192 2193/2193/2193
f 2194/2194/2194 2195/2195/2195 2196/2196/2196
f 2197/2197/2197 2198/2198/2198 2199/2199/2199
f 2200/2200/2200 2201/2201/2201 2202/2202/2202
f 2203/2203/2203 2204/2204/2204 2205/2205/2205
f 2206/2206/2206 2207/2207/2207 2208/2208/2208
f 2209/2209/2209 2210/2210/2210 2211/2211/2211
f 2212/2212/2212 2213/2213/2213 2214/2214/2214
f 2215/2215/2215 2216/2216/2216 2217/2217/2217
f 2218/2218/2218 2219/2219/2219 2220/2220/2220
f 2221/2221/2221 2222/2222/2222 2223/2223/2223
f 2224/2224/2224 2225/2225/2225 2226/2226/2226
f 2227/2227/2227 2228/2228/2228 2229/2229/2229
f 2230/2230/2230 2231/2231/2231 2232/2232/2232
f 2233/2233/2233 2234/2234/2234 2235/2235/2235
f 2236/2236/2236 2237/2237/2237 2238/2238/2238
f 2239/2239/2239 2240/2240/2240 2241/2241/2241
f 2242/2242/2242 2243/2243/2243 2244/2244/2244
f 2245/2245/2245 2246/2246/2246 2247/2247/2247
f 2248/2248/2248 2249/2249/2249 2250/2250/2250
f 2251/2251/2251 2252/2252/2252 2253/2253/2253
f 2254/2254/2254 2255/2255/2255 2256/2256/2256
f 2257/2257/2257 2258/2258/2258 2259/2259/2259
f 2260/2260/2260 2261/2261/2261 2262/2262/2262
f 2263/2263/2263 2264/2264/2264 2265/2265/2265
f 2266/2266/2266 2267/2267/2267 2268/2268/2268
f 2269/2269/2269 2270/2270/2270 2271/2271/2271
f 2272/2272/2272 2273/2273/2273 2274/2274/2274
f 2275/2275/2275 2276/2276/2276 2277/2277/2277
f 2278/2278/2278 2279/2279/2279 2280/2280/2280
f 2281/2281/2281 2282/2282/2282 2283/2283/2283
f 2284/2284/2284 2285/2285/2285 2286/2286/2286
f 2287/2287/2287 2288/2288/2288 2289/2289/2289
f 2290/2290/2290 2291/2291/2291 2292/2292/2292
f 2293/2293/2293 2294/2294/2294 2295/2295/2295
f 2296/2296/2296 2297/2297/2297 2298/2298/2298
f 2299/2299/2299 2300/2300/2300 2301/2301/2301
f 2302/2302/2302 2303/2303/2303 2304/2304/2304
f 2305/2305/2305 2306/2306/2306 2307/2307/2307
f 2308/2308/2308 2309/2309/2309 2310/2310/2310
f 2311/2311/2311 2312/2312/2312 2313/2313/2313
f 2314/2314/2314 2315/2315/2315 2316/2316/2316
f 2317/2317/2317 2318/2318/2318 2319/2319/2319
f 2320/2320/2320 2321/2321/2321 2322/2322/2322
f 2323/2323/2323 2324/2324/2324 2325/2325/2325
f 2326/2326/2326 2327/2327/2327 2328/2328/2328
f 2329/2329/2329 2330/2330/2330 2331/2331/2331
f 2332/2332/2332 2333/2333/2333 2334/2334/2334
f 2335/2335/2335 2336/2336/2336 2337/2337/2337
f 2338/2338/2338 2339/2339/2339 2340/2340/2340
f 2341/2341/2341 2342/2342/2342 2343/2343/2343
f 2344/2344/2344 2345/2345/2345 2346/2346/2346
f 2347/2347/2347 2348/2348/2348 2349/2349/2349
f 2350/2350/2350 2351/2351/2351 2352/2352/2352
f 2353/2353/2353 2354/2354/2354 2355/2355/2355
f 2356/2356/2356 2357/2357/2357 2358/2358/2358
f 2359/2359/2359 2360/2360/2360 2361/2361/2361
f 2362/2362/2362 2363/2363/2363 2364/2364/2364
f 2365/2365/2365 2366/2366/2366 2367/2367/2367
f 2368/2368/2368 2369/2369/2369 2370/2370/2370
f 2371/2371/2371 2372/2372/2372 2373/2373/2373
f 2374/2374/2374 2375/2375/2375 2376/2376/2376
f 2377/2377/2377 2378/2378/2378 2379/2379/2379
f 2380/2380/2380 2381/2381/2381 2382/2382/2382
f 2383/2383/2383 2384/2384/2384 2385/2385/2385
f 2386/2386/2386 2387/2387/2387 2388/2388/2388
f 2389/2389/2389 2390/2390/2390 2391/2391/2391
f 2392/2392/2392 2393/2393/2393 2394/2394/2394
f 2395/2395/2395 2396/2396/2396 2397/2397/2397
f 2398/2398/2398 2399/2399/2399 2400/2400/2400
f 2401/2401/2401 2402/2402/2402 2403/2403/2403
f 2404/2404/2404 2405/2405/2405 2406/2406/2406
f 2407/2407/2407 2408/2408/2408 2409/2409/2409
f 2410/2410/2410 2411/2411/2411 2412/2412/2412
f 2413/2413/2413 2414/2414/2414 2415/2415/2415
f 2416/2416/2416 2417/2417/2417 2418/2418/2418
f 2419/2419/2419 2420/2420/2420 2421/2421/2421
f 2422/2422/2422 2423/2423/2423 2424/2424/2424
f 2425/2425/2425 2426/2426/2426 2427/2427/2427
f 2428/2428/2428 2429/2429/2429 2430/2430/2430
f 2431/2431/2431 2432/2432/2432 2433/2433/2433
f 2434/2434/2434 2435/2435/2435 2436/2436/2436
f 2437/2437/2437 2438/2438/2438 2439/2439/2439
f 2440/2440/2440 2441/2441/2441 2442/2442/2442
f 2443/2443/2443 2444/2444/2444 2445/2445/2445
f 2446/2446/2446 2447/2447/2447 2448/2448/2448
f 2449/2449/2449 2450/2450/2450 2451/2451/2451
f 2452/2452/2452 2453/2453/2453 2454/2454/2454
f 2455/2455/2455 2456/2456/2456 2457/2457/2457
f 2458/2458/2458 2459/2459/2459 2460/2460/2460
f 2461/2461/2461 2462/2462/2462 2463/2463/2463
f 2464/2464/2464 2465/2465/2465 2466/2466/2466
f 2467/2467/2467 2468/2468/2468 2469/2469/2469
f 2470/2470/2470 2471/2471/2471 2472/2472/2472
f 2473/2473/2473 2474/2474/2474 2475/2475/2475
f 2476/2476/2476 2477/2477/2477 2478/2478/2478
f 2479/2479/2479 2480/2480/2480 2481/2481/2481
f 2482/2482/2482 2483/2483/2483 2484/2484/2484
f 2485/2485/2485 2486/2486/2486 2487/2487/2487
f 2488/2488/2488 2489/2489/2489 2490/2490/2490
f 2491/2491/2491 2492/2492/2492 2493/2493/2493
f 2494/2494/2494 2495/2495/2495 2496/2496/2496
f 2497/2497/2497 2498/2498/2498 2499/2499/2499
f 2500/2500/2500 2501/2501/2501 2502/2502/2502
f 2503/2503/2503 2504/2504/2504 2505/2505/2505
f 2506/2506/2506 2507/2507/2507 2508/2508/2508
f 2509/2509/2509 2510/2510/2510 2511/2511/2511
f 2512/2512/2512 2513/2513/2513 2514/2514/2514
f 2515/2515/2515 2516/2516/2516 2517/2517/2517
f 2518/2518/2518 2519/2519/2519 2520/2520/2520
f 2521/2521/2521 2522/2522/2522 2523/2523/2523
f 2524/2524/2524 2525/2525/2525 2526/2526/2526
f 2527/2527/2527 2528/2528/2528 2529/2529/2529
f 2530/2530/2530 2531/2531/2531 2532/2532/2532
f 2533/2533/2533 2534/2534/2534 2535/2535/2535
f 2536/2536/2536 2537/2537/2537 2538/2538/2538
f 2539/2539/2539 2540/2540/2540 2541/2541/2541
f 2542/2542/2542 2543/2543/2543 2544/2544/2544
f 2545/2545/2545 2546/2546/2546 2547/2547/2547
f 2548/2548/2548 2549/2549/2549 2550/2550/2550
f 2551/2551/2551 2552/2552/2552 2553/2553/2553
f 2554/2554/2554 2555/2555/2555 2556/2556/2556
f 2557/2557/2557 2558/2558/2558 2559/2559/2559
f 2560/2560/2560 2561/2561/2561 2562/2562/2562
f 2563/2563/2563 2564/2564/2564 2565/2565/2565
f 2566/2566/2566 2567/2567/2567 2568/2568/2568
f 2569/2569/2569 2570/2570/2570 2571/2571/2571
f 2572/2572/2572 2573/2573/2573 2574/2574/2574
f 2575/2575/2575 2576/2576/2576 2577/2577/2577
f 2578/2578/2578 2579/2579/2579 2580/2580/2580
f 2581/2581/2581 2582/2582/2582 2583/2583/2583
f 2584/2584/2584 2585/2585/2585 2586/2586/2586
f 2587/2587/2587 2588/2588/2588 2589/2589/2589
f 2590/2590/2590 2591/2591/2591 2592/2592/2592
f 2593/2593/2593 2594/2594/2594 2595/2595/2595
f 2596/2596/2596 2597/2597/2597 2598/2598/2598
f 2599/2599/2599 2600/2600/2600 2601/2601/2601
f 2602/2602/2602 2603/2603/2603 2604/2604/2604
f 2605/2605/2605 2606/2606/2606 2607/2607/2607
f 2608/2608/2608 2609/2609/2609 2610/2610/2610
f 2611/2611/2611 2612/2612/2612 2613/2613/2613
f 2614/2614/2614 2615/2615/2615 2616/2616/2616
f 2617/2617/2617 2618/2618/2618 2619/2619/2619
f 2620/2620/2620 2621/2621/2621 2622/2622/2622
f 2623/2623/2623 2624/2624/2624 2625/2625/2625
f 2626/2626/2626 2627/2627/2627 2628/2628/2628
f 2629/2629/2629 2630/2630/2630 2631/2631/2631
f 2632/2632/2632 2633/2633/2633 2634/2634/2634
f 2635/2635/2635 2636/2636/2636 2637/2637/2637
f 2638/2638/2638 2639/2639/2639 2640/2640/2640
f 2641/2641/2641 2642/2642/2642 2643/2643/2643
f 2644/2644/2644 2645/2645/2645 2646/2646/2646
f 2647/2647/2647 2648/2648/2648 2649/2649/2649
f 2650/2650/2650 2651/2651/2651 2652/2652/2652
f 2653/2653/2653 2654/2654/2654 2655/2655/2655
f 2656/2656/2656 2657/2657/2657 2658/2658/2658
f 2659/2659/2659 2660/2660/2660 2661/2661/2661
f 2662/2662/2662 2663/2663/2663 2664/2664/2664
f 2665/2665/2665 2666/2666/2666 2667/2667/2667
f 2668/2668/2668 2669/2669/2669 2670/2670/2670
f 2671/2671/2671 2672/2672/2672 2673/2673/2673
f 2674/2674/2674 2675/2675/2675 2676/2676/2676
f 2677/2677/2677 2678/2678/2678 2679/2679/2679
f 2680/2680/2680 2681/2681/2681 2682/2682/2682
f 2683/2683/2683 2684/2684/2684 2685/2685/2685
f 2686/2686/2686 2687/2687/2687 2688/2688/2688
f 2689/2689/2689 2690/2690/2690 2691/2691/2691
f 2692/2692/2692 2693/2693/2693 2694/2694/2694
f 2695/2695/2695 2696/2696/2696 2697/2697/2697
f 2698/2698/2698 2699/2699/2699 2700/2700/2700
f 2701/2701/2701 2702/2702/2702 2703/2703/2703
f 2704/2704/2704 2705/2705/2705 2706/2706/2706
f 2707/2707/2707 2708/2708/2708 2709/2709/2709
f 2710/2710/2710 2711/2711/2711 2712/2712/2712
f 2713/2713/2713 2714/2714/2714 2715/2715/2715
f 2716/2716/2716 2717/2717/2717 2718/2718/2718
f 2719/2719/2719 2720/2720/2720 2721/2721/2721
f 2722/2722/2722 2723/2723/2723 2724/2724/2724
f 2725/2725/2725 2726/2726/2726 2727/2727/2727
f 2728/2728/2728 2729/2729/2729 2730/2730/2730
f 2731/2731/2731 2732/2732/2732 2733/2733/2733
f 2734/2734/2734 2735/2735/2735 2736/2736/2736
f 2737/2737/2737 2738/2738/2738 2739/2739/2739
f 2740/2740/2740 2741/2741/2741 2742/2742/2742
f 2743/2743/2743 2744/2744/2744 2745/2745/2745
f 2746/2746/2746 2747/2747/2747 2748/2748/2748
f 2749/2749/2749 2750/2750/2750 2751/2751/2751
f 2752/2752/2752 2753/2753/2753 2754/2754/2754
f 2755/2755/2755 2756/2756/2756 2757/2757/2757
f 2758/2758/2758 2759/2759/2759 2760/2760/2760
f 2761/2761/2761 2762/2762/2762 2763/2763/2763
f 2764/2764/2764 2765/2765/2765 2766/2766/2766
f 2767/2767/2767 2768/2768/2768 2769/2769/2769
f 2770/2770/2770 2771/2771/2771 2772/2772/2772
f 2773/2773/2773 2774/2774/2774 2775/2775/2775
f 2776/2776/2776 2777/2777/2777 2778/2778/2778
f 2779/2779/2779 2780/2780/2780 2781/2781/2781
f 2782/2782/2782 2783/2783/2783 2784/2784/2784
f 2785/2785/2785 2786/2786/2786 2787/2787/2787
f 2788/2788/2788 2789/2789/2789 2790/2790/2790
f 2791/2791/2791 2792/2792/2792 2793/2793/2793
f 2794/2794/2794 2795/2795/2795 2796/2796/2796
f 2797/2797/2797 2798/2798/2798 2799/2799/2799
f 2800/2800/2800 2801/2801/2801 2802/2802/2802
f 2803/2803/2803 2804/2804/2804 2805/2805/2805
f 2806/2806/2806 2807/2807/2807 2808/2808/2808
f 2809/2809/2809 2810/2810/2810 2811/2811/2811
f 2812/2812/2812 2813/2813/2813 2814/2814/2814
f 2815/2815/2815 2816/2816/2816 2817/2817/2817
f 2818/2818/2818 2819/2819/2819 2820/2820/2820
f 2821/2821/2821 2822/2822/2822 2823/2823/2823
f 2824/2824/2824 2825/2825/2825 2826/2826/2826
f 2827/2827/2827 2828/2828/2828 2829/2829/2829
f 2830/2830/2830 2831/2831/2831 2832/2832/2832
f 2833/2833/2833 2834/2834/2834 2835/2835/2835
f 2836/2836/2836 2837/2837/2837 2838/2838/2838
f 2839/2839/2839 2840/2840/2840 2841/2841/2841
f 2842/2842/2842 2843/2843/2843 2844/2844/2844
f 2845/2845/2845 2846/2846/2846 2847/2847/2847
f 2848/2848/2848 2849/2849/2849 2850/2850/2850
f 2851/2851/2851 2852/2852/2852 2853/2853/2853
f 2854/2854/2854 2855/2855/2855 2856/2856/2856
f 2857/2857/2857 2858/2858/2858 2859/2859/2859
f 2860/2860/2860 2861/2861/2861 2862/2862/2862
f 2863/2863/2863 2864/2864/2864 2865/2865/2865
f 2866/2866/2866 2867/2867/2867 2868/2868/2868
f 2869/2869/2869 2870/2870/2870 2871/2871/2871
f 2872/2872/2872 2873/2873/2873 2874/2874/2874
f 2875/2875/2875 2876/2876/2876 2877/2877/2877
f 2878/2878/2878 2879/2879/2879 2880/2880/2880
f 2881/2881/2881 2882/2882/2882 2883/2883/2883
f 2884/2884/2884 2885/2885/2885 2886/2886/2886
f 2887/2887/2887 2888/2888/2888 2889/2889/2889
f 2890/2890/2890 2891/2891/2891 2892/2892/2892
f 2893/2893/2893 2894/2894/2894 2895/2895/2895
f 2896/2896/2896 2897/2897/2897 2898/2898/2898
f 2899/2899/2899 2900/2900/2900 2901/2901/2901
f 2902/2902/2902 2903/2903/2903 2904/2904/2904
